subject,null_id,seed,rewire_accepted,n_swaps_factor,attempts,cis_runtime_s,status
11,0,100,79268,10,1,34.637,ok
11,1,101,78959,10,1,40.87,ok
11,2,102,79393,10,1,41.729,ok
11,3,103,78742,10,1,36.911,ok
11,4,104,79105,10,1,34.629,ok
11,5,105,79268,10,1,39.65,ok
11,6,106,79591,10,1,40.558,ok
11,7,107,78838,10,1,44.203,ok
11,8,108,79326,10,1,34.964,ok
11,9,109,79411,10,1,36.57,ok
11,10,110,79644,10,1,37.845,ok
11,11,111,79221,10,1,39.39,ok
11,12,112,79707,10,1,35.449,ok
11,13,113,79216,10,1,31.724,ok
11,14,114,79214,10,1,35.035,ok
11,15,115,79072,10,1,37.251,ok
11,16,116,79282,10,1,34.646,ok
11,17,117,79764,10,1,36.612,ok
11,18,118,79593,10,1,38.287,ok
11,19,119,79508,10,1,31.124,ok
11,20,120,79283,10,1,35.899,ok
11,21,121,79197,10,1,40.271,ok
11,22,122,78969,10,1,35.608,ok
11,23,123,79089,10,1,34.479,ok
11,24,124,79235,10,1,31.295,ok
11,25,125,78878,10,1,43.607,ok
11,26,126,79068,10,1,44.181,ok
11,27,127,79071,10,1,36.776,ok
11,28,128,79165,10,1,37.232,ok
11,29,129,79266,10,1,42.993,ok
11,30,130,79390,10,1,39.636,ok
11,31,131,79460,10,1,34.679,ok
11,32,132,79238,10,1,33.419,ok
11,33,133,79326,10,1,36.256,ok
11,34,134,79295,10,1,34.269,ok
11,35,135,79490,10,1,34.897,ok
11,36,136,79337,10,1,32.388,ok
11,37,137,79436,10,1,32.012,ok
11,38,138,79264,10,1,41.206,ok
11,39,139,79644,10,1,39.835,ok
11,40,140,79572,10,1,31.23,ok
11,41,141,79523,10,1,46.28,ok
11,42,142,79425,10,1,32.24,ok
11,43,143,79213,10,1,36.058,ok
11,44,144,79320,10,1,35.494,ok
11,45,145,79062,10,1,32.173,ok
11,46,146,79579,10,1,30.814,ok
11,47,147,79279,10,1,33.105,ok
11,48,148,78931,10,1,29.446,ok
11,49,149,79211,10,1,37.332,ok
11,50,150,79216,10,1,30.527,ok
11,51,151,79327,10,1,32.99,ok
11,52,152,79616,10,1,40.724,ok
11,53,153,79399,10,1,33.795,ok
11,54,154,79547,10,1,29.933,ok
11,55,155,79518,10,1,36.439,ok
11,56,156,79201,10,1,37.544,ok
11,57,157,79168,10,1,40.807,ok
11,58,158,79416,10,1,34.27,ok
11,59,159,79422,10,1,33.721,ok
11,60,160,79520,10,1,34.111,ok
11,61,161,79017,10,1,33.502,ok
11,62,162,79307,10,1,35.489,ok
11,63,163,79195,10,1,29.997,ok
11,64,164,79290,10,1,36.711,ok
11,65,165,79490,10,1,37.828,ok
11,66,166,79193,10,1,36.769,ok
11,67,167,79336,10,1,40.166,ok
11,68,168,78726,10,1,34.097,ok
11,69,169,79162,10,1,35.578,ok
11,70,170,79497,10,1,42.796,ok
11,71,171,79407,10,1,32.878,ok
11,72,172,79454,10,1,30.101,ok
11,73,173,79209,10,1,33.068,ok
11,74,174,78877,10,1,33.828,ok
11,75,175,79291,10,1,30.842,ok
11,76,176,79027,10,1,30.602,ok
11,77,177,79187,10,1,29.351,ok
11,78,178,79433,10,1,32.522,ok
11,79,179,79601,10,1,31.623,ok
11,80,180,79048,10,1,32.273,ok
11,81,181,79488,10,1,30.207,ok
11,82,182,79385,10,1,40.401,ok
11,83,183,79469,10,1,29.381,ok
11,84,184,79055,10,1,30.682,ok
11,85,185,79044,10,1,31.069,ok
11,86,186,79021,10,1,33.592,ok
11,87,187,79175,10,1,32.069,ok
11,88,188,79014,10,1,36.445,ok
11,89,189,79246,10,1,33.831,ok
11,90,190,79553,10,1,30.512,ok
11,91,191,79206,10,1,35.164,ok
11,92,192,79836,10,1,38.566,ok
11,93,193,79049,10,1,34.002,ok
11,94,194,79640,10,1,33.523,ok
11,95,195,79404,10,1,33.792,ok
11,96,196,79254,10,1,31.258,ok
11,97,197,78942,10,1,32.888,ok
11,98,198,79099,10,1,34.316,ok
11,99,199,79396,10,1,33.879,ok
13,0,100,75157,10,1,26.671,ok
13,1,101,74995,10,1,25.922,ok
13,2,102,74911,10,1,24.936,ok
13,3,103,75271,10,1,22.369,ok
13,4,104,75559,10,1,21.207,ok
13,5,105,74760,10,1,24.726,ok
13,6,106,74926,10,1,25.714,ok
13,7,107,74839,10,1,24.105,ok
13,8,108,75269,10,1,23.031,ok
13,9,109,75348,10,1,22.963,ok
13,10,110,75375,10,1,23.863,ok
13,11,111,75348,10,1,27.109,ok
13,12,112,75015,10,1,27.665,ok
13,13,113,74969,10,1,33.056,ok
13,14,114,75040,10,1,27.622,ok
13,15,115,75157,10,1,26.181,ok
13,16,116,75347,10,1,23.704,ok
13,17,117,75017,10,1,23.034,ok
13,18,118,75588,10,1,23.205,ok
13,19,119,75512,10,1,24.533,ok
13,20,120,75457,10,1,25.934,ok
13,21,121,75033,10,1,25.385,ok
13,22,122,74834,10,1,23.598,ok
13,23,123,74795,10,1,24.294,ok
13,24,124,75203,10,1,25.385,ok
13,25,125,74921,10,1,27.561,ok
13,26,126,75065,10,1,26.897,ok
13,27,127,75493,10,1,27.453,ok
13,28,128,75277,10,1,27.071,ok
13,29,129,75220,10,1,27.477,ok
13,30,130,75312,10,1,26.679,ok
13,31,131,75488,10,1,26.695,ok
13,32,132,75071,10,1,28.066,ok
13,33,133,75103,10,1,27.006,ok
13,34,134,74877,10,1,27.067,ok
13,35,135,75800,10,1,28.424,ok
13,36,136,74915,10,1,25.994,ok
13,37,137,74787,10,1,26.888,ok
13,38,138,75369,10,1,27.611,ok
13,39,139,75401,10,1,26.89,ok
13,40,140,75354,10,1,24.334,ok
13,41,141,75520,10,1,24.725,ok
13,42,142,75634,10,1,25.094,ok
13,43,143,75024,10,1,25.667,ok
13,44,144,75463,10,1,24.293,ok
13,45,145,75129,10,1,26.0,ok
13,46,146,75192,10,1,24.885,ok
13,47,147,75574,10,1,25.147,ok
13,48,148,75268,10,1,26.703,ok
13,49,149,75275,10,1,45.667,ok
13,50,150,74791,10,1,25.947,ok
13,51,151,74849,10,1,30.478,ok
13,52,152,75330,10,1,28.727,ok
13,53,153,75056,10,1,45.653,ok
13,54,154,75583,10,1,30.973,ok
13,55,155,75042,10,1,24.106,ok
13,56,156,74775,10,1,25.487,ok
13,57,157,75249,10,1,25.451,ok
13,58,158,75205,10,1,38.295,ok
13,59,159,74963,10,1,32.587,ok
13,60,160,75363,10,1,25.318,ok
13,61,161,75118,10,1,25.295,ok
13,62,162,75315,10,1,48.106,ok
13,63,163,74953,10,1,34.304,ok
13,64,164,75399,10,1,25.694,ok
13,65,165,75047,10,1,33.193,ok
13,66,166,74811,10,1,51.487,ok
13,67,167,74923,10,1,34.042,ok
13,68,168,75068,10,1,29.688,ok
13,69,169,75298,10,1,29.445,ok
13,70,170,75435,10,1,27.315,ok
13,71,171,74739,10,1,51.671,ok
13,72,172,75137,10,1,34.905,ok
13,73,173,75186,10,1,28.249,ok
13,74,174,75012,10,1,29.175,ok
13,75,175,75353,10,1,47.68,ok
13,76,176,75457,10,1,33.5,ok
13,77,177,75545,10,1,28.53,ok
13,78,178,75196,10,1,28.016,ok
13,79,179,75212,10,1,28.67,ok
13,80,180,75217,10,1,35.417,ok
13,81,181,75156,10,1,37.316,ok
13,82,182,75302,10,1,23.387,ok
13,83,183,75009,10,1,24.378,ok
13,84,184,75429,10,1,22.85,ok
13,85,185,75015,10,1,30.54,ok
13,86,186,75405,10,1,28.893,ok
13,87,187,75094,10,1,26.993,ok
13,88,188,74992,10,1,30.09,ok
13,89,189,74742,10,1,25.092,ok
13,90,190,75323,10,1,22.538,ok
13,91,191,75161,10,1,22.937,ok
13,92,192,75119,10,1,24.227,ok
13,93,193,75251,10,1,23.813,ok
13,94,194,75089,10,1,26.789,ok
13,95,195,74868,10,1,26.741,ok
13,96,196,74991,10,1,28.592,ok
13,97,197,75189,10,1,28.464,ok
13,98,198,75124,10,1,28.301,ok
13,99,199,75224,10,1,27.085,ok
14,0,100,78570,10,1,50.62,ok
14,1,101,78269,10,1,51.092,ok
14,2,102,77975,10,1,42.857,ok
14,3,103,77914,10,1,43.179,ok
14,4,104,78001,10,1,55.309,ok
14,5,105,78080,10,1,47.792,ok
14,6,106,78335,10,1,45.27,ok
14,7,107,77990,10,1,47.681,ok
14,8,108,78449,10,1,47.587,ok
14,9,109,78072,10,1,47.28,ok
14,10,110,77694,10,1,45.231,ok
14,11,111,78228,10,1,45.903,ok
14,12,112,77820,10,1,54.501,ok
14,13,113,77911,10,1,52.216,ok
14,14,114,78159,10,1,55.952,ok
14,15,115,78200,10,1,43.956,ok
14,16,116,78213,10,1,41.517,ok
14,17,117,78525,10,1,47.766,ok
14,18,118,78181,10,1,38.237,ok
14,19,119,77847,10,1,53.274,ok
14,20,120,78088,10,1,48.542,ok
14,21,121,78278,10,1,44.756,ok
14,22,122,78183,10,1,56.769,ok
14,23,123,77732,10,1,60.218,ok
14,24,124,78113,10,1,46.902,ok
14,25,125,78221,10,1,53.43,ok
14,26,126,78079,10,1,48.357,ok
14,27,127,77853,10,1,58.88,ok
14,28,128,77726,10,1,53.219,ok
14,29,129,78488,10,1,48.628,ok
14,30,130,78028,10,1,43.253,ok
14,31,131,78387,10,1,43.002,ok
14,32,132,77795,10,1,38.981,ok
14,33,133,77918,10,1,44.905,ok
14,34,134,77788,10,1,41.584,ok
14,35,135,78146,10,1,48.087,ok
14,36,136,78002,10,1,49.49,ok
14,37,137,78088,10,1,54.525,ok
14,38,138,77764,10,1,39.552,ok
14,39,139,78638,10,1,45.502,ok
14,40,140,78069,10,1,46.812,ok
14,41,141,78143,10,1,52.424,ok
14,42,142,78329,10,1,68.764,ok
14,43,143,77906,10,1,112.992,ok
14,44,144,78055,10,1,47.932,ok
14,45,145,77854,10,1,42.313,ok
14,46,146,78126,10,1,47.472,ok
14,47,147,78405,10,1,45.732,ok
14,48,148,78272,10,1,249.753,ok
14,49,149,78148,10,1,41.819,ok
14,50,150,78036,10,1,47.048,ok
14,51,151,78242,10,1,41.297,ok
14,52,152,77731,10,1,47.417,ok
14,53,153,77301,10,1,250.539,ok
14,54,154,78602,10,1,46.706,ok
14,55,155,78139,10,1,44.239,ok
14,56,156,77903,10,1,43.807,ok
14,57,157,77858,10,1,210.64,ok
14,58,158,78290,10,1,61.634,ok
14,59,159,77790,10,1,38.577,ok
14,60,160,78404,10,1,45.571,ok
14,61,161,77771,10,1,30.404,ok
14,62,162,78254,10,1,231.407,ok
14,63,163,78619,10,1,73.755,ok
14,64,164,78607,10,1,36.886,ok
14,65,165,77779,10,1,47.975,ok
14,66,166,78046,10,1,39.613,ok
14,67,167,78290,10,1,256.701,ok
14,68,168,78004,10,1,57.704,ok
14,69,169,78027,10,1,54.352,ok
14,70,170,77714,10,1,49.407,ok
14,71,171,78393,10,1,193.629,ok
14,72,172,78043,10,1,67.414,ok
14,73,173,77910,10,1,48.67,ok
14,74,174,78071,10,1,43.566,ok
14,75,175,77753,10,1,50.267,ok
14,76,176,78656,10,1,219.077,ok
14,77,177,78210,10,1,53.722,ok
14,78,178,77899,10,1,42.156,ok
14,79,179,78047,10,1,54.409,ok
14,80,180,78072,10,1,35.449,ok
14,81,181,78012,10,1,53.337,ok
14,82,182,78039,10,1,48.069,ok
14,83,183,78329,10,1,48.321,ok
14,84,184,77539,10,1,36.81,ok
14,85,185,77911,10,1,30.593,ok
14,86,186,77795,10,1,70.434,ok
14,87,187,77928,10,1,47.791,ok
14,88,188,77762,10,1,44.726,ok
14,89,189,78231,10,1,32.414,ok
14,90,190,77946,10,1,43.251,ok
14,91,191,78335,10,1,58.607,ok
14,92,192,78307,10,1,48.85,ok
14,93,193,77757,10,1,36.92,ok
14,94,194,78106,10,1,40.043,ok
14,95,195,78253,10,1,60.918,ok
14,96,196,78311,10,1,67.107,ok
14,97,197,77931,10,1,43.083,ok
14,98,198,78422,10,1,31.615,ok
14,99,199,78503,10,1,34.779,ok
16,0,100,77049,10,1,35.103,ok
16,1,101,77397,10,1,36.052,ok
16,2,102,76835,10,1,37.46,ok
16,3,103,77617,10,1,33.581,ok
16,4,104,76864,10,1,32.731,ok
16,5,105,77515,10,1,43.167,ok
16,6,106,77521,10,1,36.203,ok
16,7,107,76887,10,1,37.704,ok
16,8,108,77165,10,1,25.268,ok
16,9,109,77339,10,1,27.539,ok
16,10,110,77444,10,1,29.011,ok
16,11,111,76829,10,1,23.93,ok
16,12,112,77108,10,1,31.676,ok
16,13,113,77145,10,1,23.66,ok
16,14,114,77017,10,1,32.481,ok
16,15,115,77229,10,1,29.587,ok
16,16,116,77295,10,1,31.248,ok
16,17,117,76922,10,1,26.351,ok
16,18,118,77243,10,1,26.885,ok
16,19,119,77270,10,1,30.291,ok
16,20,120,77410,10,1,26.004,ok
16,21,121,76791,10,1,28.59,ok
16,22,122,77252,10,1,29.318,ok
16,23,123,76972,10,1,34.589,ok
16,24,124,77135,10,1,31.793,ok
16,25,125,77208,10,1,27.866,ok
16,26,126,76876,10,1,26.409,ok
16,27,127,76974,10,1,30.284,ok
16,28,128,77426,10,1,31.295,ok
16,29,129,76883,10,1,29.35,ok
16,30,130,77804,10,1,30.114,ok
16,31,131,77230,10,1,29.304,ok
16,32,132,77476,10,1,27.899,ok
16,33,133,77371,10,1,24.164,ok
16,34,134,77058,10,1,28.978,ok
16,35,135,77138,10,1,37.654,ok
16,36,136,77509,10,1,36.059,ok
16,37,137,77023,10,1,37.126,ok
16,38,138,77280,10,1,37.831,ok
16,39,139,77256,10,1,38.757,ok
16,40,140,77093,10,1,24.446,ok
16,41,141,77352,10,1,33.583,ok
16,42,142,77101,10,1,27.463,ok
16,43,143,77195,10,1,35.652,ok
16,44,144,77574,10,1,35.03,ok
16,45,145,76980,10,1,38.945,ok
16,46,146,77186,10,1,25.592,ok
16,47,147,77488,10,1,26.931,ok
16,48,148,77043,10,1,32.465,ok
16,49,149,77686,10,1,33.787,ok
16,50,150,77054,10,1,31.146,ok
16,51,151,77536,10,1,31.058,ok
16,52,152,77580,10,1,38.645,ok
16,53,153,77445,10,1,47.356,ok
16,54,154,77094,10,1,31.114,ok
16,55,155,77272,10,1,25.551,ok
16,56,156,76511,10,1,31.646,ok
16,57,157,77337,10,1,40.651,ok
16,58,158,77491,10,1,32.304,ok
16,59,159,77310,10,1,26.255,ok
16,60,160,77344,10,1,30.676,ok
16,61,161,77021,10,1,32.877,ok
16,62,162,76947,10,1,54.164,ok
16,63,163,77506,10,1,31.042,ok
16,64,164,77301,10,1,35.11,ok
16,65,165,76869,10,1,35.934,ok
16,66,166,77456,10,1,40.658,ok
16,67,167,77028,10,1,36.427,ok
16,68,168,76990,10,1,26.236,ok
16,69,169,76790,10,1,34.173,ok
16,70,170,76926,10,1,34.924,ok
16,71,171,77347,10,1,41.78,ok
16,72,172,76841,10,1,37.694,ok
16,73,173,77261,10,1,31.764,ok
16,74,174,77521,10,1,33.655,ok
16,75,175,77171,10,1,47.551,ok
16,76,176,77541,10,1,39.104,ok
16,77,177,76993,10,1,30.868,ok
16,78,178,77231,10,1,36.074,ok
16,79,179,77260,10,1,30.204,ok
16,80,180,77450,10,1,46.889,ok
16,81,181,77307,10,1,31.328,ok
16,82,182,77293,10,1,39.748,ok
16,83,183,77298,10,1,34.837,ok
16,84,184,77045,10,1,35.611,ok
16,85,185,76794,10,1,52.929,ok
16,86,186,77233,10,1,32.662,ok
16,87,187,77063,10,1,28.721,ok
16,88,188,77228,10,1,33.754,ok
16,89,189,76944,10,1,31.726,ok
16,90,190,77769,10,1,33.744,ok
16,91,191,77099,10,1,25.694,ok
16,92,192,77330,10,1,31.686,ok
16,93,193,77084,10,1,30.628,ok
16,94,194,77260,10,1,31.33,ok
16,95,195,76869,10,1,26.0,ok
16,96,196,77191,10,1,28.505,ok
16,97,197,77296,10,1,25.251,ok
16,98,198,77192,10,1,26.564,ok
16,99,199,77326,10,1,27.764,ok
22,0,100,77727,10,1,25.045,ok
22,1,101,77716,10,1,23.94,ok
22,2,102,77779,10,1,25.011,ok
22,3,103,77397,10,1,26.402,ok
22,4,104,77761,10,1,26.44,ok
22,5,105,77505,10,1,35.259,ok
22,6,106,77812,10,1,28.866,ok
22,7,107,77329,10,1,29.171,ok
22,8,108,77251,10,1,29.067,ok
22,9,109,77787,10,1,29.391,ok
22,10,110,77474,10,1,25.011,ok
22,11,111,77365,10,1,25.231,ok
22,12,112,77359,10,1,29.667,ok
22,13,113,77436,10,1,23.67,ok
22,14,114,77515,10,1,24.419,ok
22,15,115,77505,10,1,28.186,ok
22,16,116,77382,10,1,29.418,ok
22,17,117,77209,10,1,27.333,ok
22,18,118,77626,10,1,28.595,ok
22,19,119,77069,10,1,27.271,ok
22,20,120,77807,10,1,26.726,ok
22,21,121,77479,10,1,26.931,ok
22,22,122,77491,10,1,26.645,ok
22,23,123,77629,10,1,28.543,ok
22,24,124,77400,10,1,29.555,ok
22,25,125,77553,10,1,27.709,ok
22,26,126,77323,10,1,25.047,ok
22,27,127,77597,10,1,27.407,ok
22,28,128,77702,10,1,25.36,ok
22,29,129,77821,10,1,27.066,ok
22,30,130,77747,10,1,28.305,ok
22,31,131,77531,10,1,29.046,ok
22,32,132,77251,10,1,29.405,ok
22,33,133,78141,10,1,28.595,ok
22,34,134,77329,10,1,29.544,ok
22,35,135,77450,10,1,30.551,ok
22,36,136,77129,10,1,31.474,ok
22,37,137,77492,10,1,26.214,ok
22,38,138,77563,10,1,27.737,ok
22,39,139,77365,10,1,31.295,ok
22,40,140,77671,10,1,24.958,ok
22,41,141,77477,10,1,27.558,ok
22,42,142,77295,10,1,29.37,ok
22,43,143,77697,10,1,29.872,ok
22,44,144,77178,10,1,30.998,ok
22,45,145,77287,10,1,25.187,ok
22,46,146,77905,10,1,29.231,ok
22,47,147,77391,10,1,26.44,ok
22,48,148,77468,10,1,25.964,ok
22,49,149,77382,10,1,25.785,ok
22,50,150,77307,10,1,26.562,ok
22,51,151,77167,10,1,27.534,ok
22,52,152,77516,10,1,26.209,ok
22,53,153,77212,10,1,25.848,ok
22,54,154,77432,10,1,26.477,ok
22,55,155,77498,10,1,26.118,ok
22,56,156,77196,10,1,27.651,ok
22,57,157,77750,10,1,26.197,ok
22,58,158,77180,10,1,26.678,ok
22,59,159,77597,10,1,24.88,ok
22,60,160,77639,10,1,30.32,ok
22,61,161,77614,10,1,28.604,ok
22,62,162,77502,10,1,30.091,ok
22,63,163,77787,10,1,29.786,ok
22,64,164,77557,10,1,28.771,ok
22,65,165,77386,10,1,28.861,ok
22,66,166,77426,10,1,24.024,ok
22,67,167,77300,10,1,26.397,ok
22,68,168,77402,10,1,24.724,ok
22,69,169,77591,10,1,25.84,ok
22,70,170,77518,10,1,27.002,ok
22,71,171,77638,10,1,26.118,ok
22,72,172,77515,10,1,27.415,ok
22,73,173,77515,10,1,27.96,ok
22,74,174,77646,10,1,28.383,ok
22,75,175,77575,10,1,26.211,ok
22,76,176,77596,10,1,27.984,ok
22,77,177,77351,10,1,24.786,ok
22,78,178,77138,10,1,25.311,ok
22,79,179,77348,10,1,25.657,ok
22,80,180,77554,10,1,25.622,ok
22,81,181,77616,10,1,27.085,ok
22,82,182,77468,10,1,27.728,ok
22,83,183,77501,10,1,27.099,ok
22,84,184,77812,10,1,29.725,ok
22,85,185,77406,10,1,24.928,ok
22,86,186,77362,10,1,24.729,ok
22,87,187,77564,10,1,24.289,ok
22,88,188,77256,10,1,26.648,ok
22,89,189,77383,10,1,26.56,ok
22,90,190,77517,10,1,35.657,ok
22,91,191,77515,10,1,29.59,ok
22,92,192,77978,10,1,35.31,ok
22,93,193,77347,10,1,29.143,ok
22,94,194,77543,10,1,27.727,ok
22,95,195,77666,10,1,27.333,ok
22,96,196,77537,10,1,29.559,ok
22,97,197,77591,10,1,27.618,ok
22,98,198,77448,10,1,27.937,ok
22,99,199,76950,10,1,28.551,ok
29,0,100,76673,10,1,27.021,ok
29,1,101,77624,10,1,28.718,ok
29,2,102,77525,10,1,31.279,ok
29,3,103,77432,10,1,25.795,ok
29,4,104,77536,10,1,26.861,ok
29,5,105,77305,10,1,27.548,ok
29,6,106,77203,10,1,26.322,ok
29,7,107,77329,10,1,30.824,ok
29,8,108,77529,10,1,26.031,ok
29,9,109,77133,10,1,26.598,ok
29,10,110,77117,10,1,25.026,ok
29,11,111,77452,10,1,25.039,ok
29,12,112,77086,10,1,22.63,ok
29,13,113,77276,10,1,25.515,ok
29,14,114,77203,10,1,23.403,ok
29,15,115,77398,10,1,26.968,ok
29,16,116,76925,10,1,25.019,ok
29,17,117,77517,10,1,27.008,ok
29,18,118,77448,10,1,27.673,ok
29,19,119,77216,10,1,26.775,ok
29,20,120,77455,10,1,29.136,ok
29,21,121,77400,10,1,25.142,ok
29,22,122,76992,10,1,27.863,ok
29,23,123,77708,10,1,29.443,ok
29,24,124,76912,10,1,27.45,ok
29,25,125,77077,10,1,24.078,ok
29,26,126,77338,10,1,23.393,ok
29,27,127,77164,10,1,26.311,ok
29,28,128,77127,10,1,29.171,ok
29,29,129,77574,10,1,24.308,ok
29,30,130,77518,10,1,33.542,ok
29,31,131,77605,10,1,29.717,ok
29,32,132,77624,10,1,28.268,ok
29,33,133,77779,10,1,27.136,ok
29,34,134,77393,10,1,32.285,ok
29,35,135,77235,10,1,28.363,ok
29,36,136,76986,10,1,23.745,ok
29,37,137,77230,10,1,26.867,ok
29,38,138,77286,10,1,29.426,ok
29,39,139,77638,10,1,23.955,ok
29,40,140,76712,10,1,27.892,ok
29,41,141,77463,10,1,27.135,ok
29,42,142,77033,10,1,28.042,ok
29,43,143,77611,10,1,27.47,ok
29,44,144,77604,10,1,27.368,ok
29,45,145,77398,10,1,25.517,ok
29,46,146,77028,10,1,25.363,ok
29,47,147,77518,10,1,24.586,ok
29,48,148,77546,10,1,23.801,ok
29,49,149,77664,10,1,24.325,ok
29,50,150,77181,10,1,26.308,ok
29,51,151,76908,10,1,25.635,ok
29,52,152,77234,10,1,26.607,ok
29,53,153,77201,10,1,26.317,ok
29,54,154,77500,10,1,31.797,ok
29,55,155,77242,10,1,32.294,ok
29,56,156,77647,10,1,28.705,ok
29,57,157,77613,10,1,32.591,ok
29,58,158,77261,10,1,28.554,ok
29,59,159,77248,10,1,27.964,ok
29,60,160,77574,10,1,24.397,ok
29,61,161,77284,10,1,23.937,ok
29,62,162,76985,10,1,23.839,ok
29,63,163,77438,10,1,27.078,ok
29,64,164,77615,10,1,29.635,ok
29,65,165,77268,10,1,28.114,ok
29,66,166,77600,10,1,27.825,ok
29,67,167,77079,10,1,27.265,ok
29,68,168,77494,10,1,31.727,ok
29,69,169,76876,10,1,27.217,ok
29,70,170,77327,10,1,26.552,ok
29,71,171,77265,10,1,26.242,ok
29,72,172,77013,10,1,24.21,ok
29,73,173,77529,10,1,23.754,ok
29,74,174,77100,10,1,22.656,ok
29,75,175,77659,10,1,24.939,ok
29,76,176,77354,10,1,25.021,ok
29,77,177,77438,10,1,26.615,ok
29,78,178,77726,10,1,24.4,ok
29,79,179,77165,10,1,24.164,ok
29,80,180,77588,10,1,30.672,ok
29,81,181,77114,10,1,28.765,ok
29,82,182,77423,10,1,26.055,ok
29,83,183,77302,10,1,32.953,ok
29,84,184,77311,10,1,27.385,ok
29,85,185,77162,10,1,25.751,ok
29,86,186,77727,10,1,25.474,ok
29,87,187,76898,10,1,23.885,ok
29,88,188,77663,10,1,26.573,ok
29,89,189,77314,10,1,23.073,ok
29,90,190,77317,10,1,29.88,ok
29,91,191,77536,10,1,25.641,ok
29,92,192,77248,10,1,26.627,ok
29,93,193,77278,10,1,24.49,ok
29,94,194,77426,10,1,24.641,ok
29,95,195,77173,10,1,25.305,ok
29,96,196,77104,10,1,25.517,ok
29,97,197,77069,10,1,26.05,ok
29,98,198,77174,10,1,23.978,ok
29,99,199,77205,10,1,22.537,ok
31,0,100,75660,10,1,32.626,ok
31,1,101,76100,10,1,30.757,ok
31,2,102,76080,10,1,31.068,ok
31,3,103,76087,10,1,31.575,ok
31,4,104,76017,10,1,33.189,ok
31,5,105,76207,10,1,33.619,ok
31,6,106,76495,10,1,31.72,ok
31,7,107,75983,10,1,32.686,ok
31,8,108,76088,10,1,30.951,ok
31,9,109,76305,10,1,30.722,ok
31,10,110,75807,10,1,30.619,ok
31,11,111,75998,10,1,29.625,ok
31,12,112,75987,10,1,28.952,ok
31,13,113,76729,10,1,29.935,ok
31,14,114,76079,10,1,30.246,ok
31,15,115,75902,10,1,31.998,ok
31,16,116,76539,10,1,33.568,ok
31,17,117,76001,10,1,31.091,ok
31,18,118,76255,10,1,30.534,ok
31,19,119,76210,10,1,31.41,ok
31,20,120,76515,10,1,30.997,ok
31,21,121,76388,10,1,31.26,ok
31,22,122,75933,10,1,33.087,ok
31,23,123,76447,10,1,31.946,ok
31,24,124,76393,10,1,32.636,ok
31,25,125,76428,10,1,31.024,ok
31,26,126,76138,10,1,28.33,ok
31,27,127,75931,10,1,27.856,ok
31,28,128,76471,10,1,28.902,ok
31,29,129,76065,10,1,25.462,ok
31,30,130,75905,10,1,29.291,ok
31,31,131,76110,10,1,31.691,ok
31,32,132,76040,10,1,31.836,ok
31,33,133,76529,10,1,32.496,ok
31,34,134,76281,10,1,31.814,ok
31,35,135,76213,10,1,30.677,ok
31,36,136,76217,10,1,28.598,ok
31,37,137,76167,10,1,28.792,ok
31,38,138,76015,10,1,32.742,ok
31,39,139,76058,10,1,31.961,ok
31,40,140,76125,10,1,29.685,ok
31,41,141,76453,10,1,31.402,ok
31,42,142,75872,10,1,31.192,ok
31,43,143,76420,10,1,32.308,ok
31,44,144,76214,10,1,31.357,ok
31,45,145,76388,10,1,31.557,ok
31,46,146,75920,10,1,32.607,ok
31,47,147,76475,10,1,32.042,ok
31,48,148,76302,10,1,30.725,ok
31,49,149,76188,10,1,31.229,ok
31,50,150,76290,10,1,31.291,ok
31,51,151,75814,10,1,29.077,ok
31,52,152,76273,10,1,29.494,ok
31,53,153,76002,10,1,29.922,ok
31,54,154,75972,10,1,27.866,ok
31,55,155,76014,10,1,33.438,ok
31,56,156,76011,10,1,32.393,ok
31,57,157,75729,10,1,31.751,ok
31,58,158,76325,10,1,30.606,ok
31,59,159,75784,10,1,31.08,ok
31,60,160,76170,10,1,29.545,ok
31,61,161,76232,10,1,29.133,ok
31,62,162,76211,10,1,29.318,ok
31,63,163,76007,10,1,28.197,ok
31,64,164,76030,10,1,30.032,ok
31,65,165,75881,10,1,31.096,ok
31,66,166,76279,10,1,31.469,ok
31,67,167,76001,10,1,31.281,ok
31,68,168,76025,10,1,31.841,ok
31,69,169,76079,10,1,32.613,ok
31,70,170,75912,10,1,30.133,ok
31,71,171,76092,10,1,33.032,ok
31,72,172,76215,10,1,32.604,ok
31,73,173,76580,10,1,31.468,ok
31,74,174,76099,10,1,32.512,ok
31,75,175,75958,10,1,30.068,ok
31,76,176,76008,10,1,29.696,ok
31,77,177,76362,10,1,29.042,ok
31,78,178,76362,10,1,28.76,ok
31,79,179,76455,10,1,30.508,ok
31,80,180,75944,10,1,31.263,ok
31,81,181,76278,10,1,29.566,ok
31,82,182,76140,10,1,30.23,ok
31,83,183,76116,10,1,30.601,ok
31,84,184,75896,10,1,31.274,ok
31,85,185,75991,10,1,31.86,ok
31,86,186,76110,10,1,30.068,ok
31,87,187,76374,10,1,29.753,ok
31,88,188,76080,10,1,31.273,ok
31,89,189,76646,10,1,30.526,ok
31,90,190,76129,10,1,29.513,ok
31,91,191,75790,10,1,29.311,ok
31,92,192,76619,10,1,27.073,ok
31,93,193,76060,10,1,29.472,ok
31,94,194,76042,10,1,30.15,ok
31,95,195,76504,10,1,31.583,ok
31,96,196,76103,10,1,32.868,ok
31,97,197,75980,10,1,33.16,ok
31,98,198,76177,10,1,32.32,ok
31,99,199,76292,10,1,32.561,ok
51,0,100,74039,10,1,2595.267,ok
51,1,101,73756,10,1,30.231,ok
51,2,102,74078,10,1,31.579,ok
51,3,103,73739,10,1,24.181,ok
51,4,104,74203,10,1,24.078,ok
51,5,105,73841,10,1,33.082,ok
51,6,106,73663,10,1,21.62,ok
51,7,107,73614,10,1,27.331,ok
51,8,108,74134,10,1,22.469,ok
51,9,109,73866,10,1,29.235,ok
51,10,110,73742,10,1,33.197,ok
51,11,111,73889,10,1,26.013,ok
51,12,112,73697,10,1,28.765,ok
51,13,113,74006,10,1,23.627,ok
51,14,114,73966,10,1,24.636,ok
51,15,115,74068,10,1,29.135,ok
51,16,116,73803,10,1,25.348,ok
51,17,117,74051,10,1,24.938,ok
51,18,118,73620,10,1,25.086,ok
51,19,119,73760,10,1,25.182,ok
51,20,120,73992,10,1,27.337,ok
51,21,121,73970,10,1,21.672,ok
51,22,122,73990,10,1,26.974,ok
51,23,123,74457,10,1,22.921,ok
51,24,124,74045,10,1,25.304,ok
51,25,125,73881,10,1,27.592,ok
51,26,126,73891,10,1,24.93,ok
51,27,127,74064,10,1,25.389,ok
51,28,128,73800,10,1,22.28,ok
51,29,129,74396,10,1,22.963,ok
51,30,130,73635,10,1,20.978,ok
51,31,131,74009,10,1,21.971,ok
51,32,132,73861,10,1,24.153,ok
51,33,133,73396,10,1,20.6,ok
51,34,134,73891,10,1,21.445,ok
51,35,135,73397,10,1,30.007,ok
51,36,136,73902,10,1,25.179,ok
51,37,137,73626,10,1,28.484,ok
51,38,138,73954,10,1,25.777,ok
51,39,139,73776,10,1,25.071,ok
51,40,140,74096,10,1,24.876,ok
51,41,141,73866,10,1,26.632,ok
51,42,142,73583,10,1,24.906,ok
51,43,143,73919,10,1,23.497,ok
51,44,144,73763,10,1,24.311,ok
51,45,145,74007,10,1,26.167,ok
51,46,146,74038,10,1,28.918,ok
51,47,147,73589,10,1,28.814,ok
51,48,148,73901,10,1,25.567,ok
51,49,149,73904,10,1,28.738,ok
51,50,150,73654,10,1,26.405,ok
51,51,151,73776,10,1,24.042,ok
51,52,152,73645,10,1,29.144,ok
51,53,153,73664,10,1,30.643,ok
51,54,154,73894,10,1,28.956,ok
51,55,155,73847,10,1,23.314,ok
51,56,156,74291,10,1,23.363,ok
51,57,157,74045,10,1,21.3,ok
51,58,158,73647,10,1,20.655,ok
51,59,159,74292,10,1,23.477,ok
51,60,160,73805,10,1,25.225,ok
51,61,161,74186,10,1,29.438,ok
51,62,162,73805,10,1,30.646,ok
51,63,163,73689,10,1,29.255,ok
51,64,164,74151,10,1,24.278,ok
51,65,165,73677,10,1,22.851,ok
51,66,166,73980,10,1,23.924,ok
51,67,167,73909,10,1,25.663,ok
51,68,168,74115,10,1,22.59,ok
51,69,169,73861,10,1,19.646,ok
51,70,170,74294,10,1,24.973,ok
51,71,171,73955,10,1,25.813,ok
51,72,172,73353,10,1,25.13,ok
51,73,173,74205,10,1,25.007,ok
51,74,174,73499,10,1,23.802,ok
51,75,175,74106,10,1,25.485,ok
51,76,176,74167,10,1,25.237,ok
51,77,177,73915,10,1,24.609,ok
51,78,178,73712,10,1,23.002,ok
51,79,179,73721,10,1,23.841,ok
51,80,180,73791,10,1,23.322,ok
51,81,181,73468,10,1,20.075,ok
51,82,182,74027,10,1,26.352,ok
51,83,183,73637,10,1,22.417,ok
51,84,184,73877,10,1,27.502,ok
51,85,185,73945,10,1,23.404,ok
51,86,186,73886,10,1,24.176,ok
51,87,187,73739,10,1,28.224,ok
51,88,188,73771,10,1,22.797,ok
51,89,189,74046,10,1,21.921,ok
51,90,190,73826,10,1,24.315,ok
51,91,191,73879,10,1,30.24,ok
51,92,192,73604,10,1,24.238,ok
51,93,193,73861,10,1,29.029,ok
51,94,194,73888,10,1,23.832,ok
51,95,195,73597,10,1,22.353,ok
51,96,196,73711,10,1,20.296,ok
51,97,197,74178,10,1,25.829,ok
51,98,198,73878,10,1,25.726,ok
51,99,199,74061,10,1,21.908,ok
54,0,100,75555,10,1,27.275,ok
54,1,101,75397,10,1,24.676,ok
54,2,102,75147,10,1,25.891,ok
54,3,103,75534,10,1,24.793,ok
54,4,104,75736,10,1,26.654,ok
54,5,105,75621,10,1,25.483,ok
54,6,106,75586,10,1,23.649,ok
54,7,107,75714,10,1,24.183,ok
54,8,108,75603,10,1,24.343,ok
54,9,109,75566,10,1,24.389,ok
54,10,110,75944,10,1,28.564,ok
54,11,111,75490,10,1,27.863,ok
54,12,112,75929,10,1,28.367,ok
54,13,113,75840,10,1,27.722,ok
54,14,114,75853,10,1,28.063,ok
54,15,115,75826,10,1,24.497,ok
54,16,116,75424,10,1,27.855,ok
54,17,117,75866,10,1,25.204,ok
54,18,118,75490,10,1,27.842,ok
54,19,119,76015,10,1,28.822,ok
54,20,120,75597,10,1,24.64,ok
54,21,121,75443,10,1,23.93,ok
54,22,122,75690,10,1,25.335,ok
54,23,123,76040,10,1,25.303,ok
54,24,124,75704,10,1,26.344,ok
54,25,125,75754,10,1,24.449,ok
54,26,126,75833,10,1,25.658,ok
54,27,127,75416,10,1,24.339,ok
54,28,128,75634,10,1,25.256,ok
54,29,129,75667,10,1,23.299,ok
54,30,130,75713,10,1,26.986,ok
54,31,131,75531,10,1,27.28,ok
54,32,132,75761,10,1,27.308,ok
54,33,133,75830,10,1,27.189,ok
54,34,134,75944,10,1,27.063,ok
54,35,135,75470,10,1,23.243,ok
54,36,136,75767,10,1,24.184,ok
54,37,137,75754,10,1,24.811,ok
54,38,138,75313,10,1,25.086,ok
54,39,139,75690,10,1,23.341,ok
54,40,140,75659,10,1,28.798,ok
54,41,141,75870,10,1,29.311,ok
54,42,142,75124,10,1,28.04,ok
54,43,143,75704,10,1,27.817,ok
54,44,144,75779,10,1,26.803,ok
54,45,145,75825,10,1,26.777,ok
54,46,146,75508,10,1,25.184,ok
54,47,147,75277,10,1,26.197,ok
54,48,148,75883,10,1,24.264,ok
54,49,149,75395,10,1,26.671,ok
54,50,150,75843,10,1,28.806,ok
54,51,151,75709,10,1,28.538,ok
54,52,152,75687,10,1,28.624,ok
54,53,153,75541,10,1,28.202,ok
54,54,154,75271,10,1,28.482,ok
54,55,155,75424,10,1,26.641,ok
54,56,156,75776,10,1,28.513,ok
54,57,157,75408,10,1,27.761,ok
54,58,158,75759,10,1,27.51,ok
54,59,159,75824,10,1,28.013,ok
54,60,160,75514,10,1,25.664,ok
54,61,161,75592,10,1,28.59,ok
54,62,162,75509,10,1,26.158,ok
54,63,163,75939,10,1,27.516,ok
54,64,164,75769,10,1,26.888,ok
54,65,165,75267,10,1,24.87,ok
54,66,166,75536,10,1,23.124,ok
54,67,167,75700,10,1,24.195,ok
54,68,168,75763,10,1,25.101,ok
54,69,169,75572,10,1,25.505,ok
54,70,170,75334,10,1,27.74,ok
54,71,171,75803,10,1,27.513,ok
54,72,172,75357,10,1,28.246,ok
54,73,173,75587,10,1,28.88,ok
54,74,174,75669,10,1,28.49,ok
54,75,175,75963,10,1,23.745,ok
54,76,176,75812,10,1,22.714,ok
54,77,177,75442,10,1,24.255,ok
54,78,178,75588,10,1,25.833,ok
54,79,179,75672,10,1,25.993,ok
54,80,180,75246,10,1,26.122,ok
54,81,181,75178,10,1,23.968,ok
54,82,182,75578,10,1,25.804,ok
54,83,183,75310,10,1,23.682,ok
54,84,184,75925,10,1,24.793,ok
54,85,185,75697,10,1,28.035,ok
54,86,186,75339,10,1,28.241,ok
54,87,187,75856,10,1,27.158,ok
54,88,188,75655,10,1,28.569,ok
54,89,189,75716,10,1,27.841,ok
54,90,190,75675,10,1,28.158,ok
54,91,191,75423,10,1,26.38,ok
54,92,192,75778,10,1,27.83,ok
54,93,193,75749,10,1,26.547,ok
54,94,194,76067,10,1,27.928,ok
54,95,195,75542,10,1,26.964,ok
54,96,196,75701,10,1,25.66,ok
54,97,197,75847,10,1,27.811,ok
54,98,198,75437,10,1,27.147,ok
54,99,199,75470,10,1,28.582,ok
84,0,100,79458,10,1,38.909,ok
84,1,101,79229,10,1,39.205,ok
84,2,102,79135,10,1,42.163,ok
84,3,103,79593,10,1,40.631,ok
84,4,104,79046,10,1,36.278,ok
84,5,105,79565,10,1,48.945,ok
84,6,106,79438,10,1,53.304,ok
84,7,107,79296,10,1,39.405,ok
84,8,108,79722,10,1,47.473,ok
84,9,109,79270,10,1,48.474,ok
84,10,110,79032,10,1,42.305,ok
84,11,111,79255,10,1,49.715,ok
84,12,112,79160,10,1,39.799,ok
84,13,113,79468,10,1,41.603,ok
84,14,114,79229,10,1,49.07,ok
84,15,115,79299,10,1,46.987,ok
84,16,116,79127,10,1,50.646,ok
84,17,117,79321,10,1,45.675,ok
84,18,118,79340,10,1,47.996,ok
84,19,119,79195,10,1,41.604,ok
84,20,120,79344,10,1,43.288,ok
84,21,121,79373,10,1,39.237,ok
84,22,122,79421,10,1,34.763,ok
84,23,123,79134,10,1,33.601,ok
84,24,124,79225,10,1,32.664,ok
84,25,125,79404,10,1,52.237,ok
84,26,126,79316,10,1,41.071,ok
84,27,127,79370,10,1,35.861,ok
84,28,128,79343,10,1,35.187,ok
84,29,129,79335,10,1,40.0,ok
84,30,130,79229,10,1,46.964,ok
84,31,131,79363,10,1,34.098,ok
84,32,132,79285,10,1,33.539,ok
84,33,133,78955,10,1,30.328,ok
84,34,134,79113,10,1,33.843,ok
84,35,135,79347,10,1,45.218,ok
84,36,136,79007,10,1,45.358,ok
84,37,137,79241,10,1,36.445,ok
84,38,138,79067,10,1,36.142,ok
84,39,139,79447,10,1,42.006,ok
84,40,140,79884,10,1,52.581,ok
84,41,141,79563,10,1,34.976,ok
84,42,142,79253,10,1,32.85,ok
84,43,143,79290,10,1,39.92,ok
84,44,144,79583,10,1,42.942,ok
84,45,145,79016,10,1,49.158,ok
84,46,146,79071,10,1,45.089,ok
84,47,147,79097,10,1,41.562,ok
84,48,148,79668,10,1,34.375,ok
84,49,149,79349,10,1,41.76,ok
84,50,150,79457,10,1,36.935,ok
84,51,151,79199,10,1,36.624,ok
84,52,152,79322,10,1,32.228,ok
84,53,153,79260,10,1,38.892,ok
84,54,154,79437,10,1,32.515,ok
84,55,155,79305,10,1,52.586,ok
84,56,156,79372,10,1,36.614,ok
84,57,157,79550,10,1,40.495,ok
84,58,158,79321,10,1,36.663,ok
84,59,159,79376,10,1,39.462,ok
84,60,160,79490,10,1,37.113,ok
84,61,161,79355,10,1,32.641,ok
84,62,162,79208,10,1,26.557,ok
84,63,163,79123,10,1,28.576,ok
84,64,164,79596,10,1,29.701,ok
84,65,165,79303,10,1,34.89,ok
84,66,166,79199,10,1,36.809,ok
84,67,167,79186,10,1,39.139,ok
84,68,168,79299,10,1,29.456,ok
84,69,169,79421,10,1,26.727,ok
84,70,170,79245,10,1,28.916,ok
84,71,171,79655,10,1,31.488,ok
84,72,172,79255,10,1,27.902,ok
84,73,173,79232,10,1,31.078,ok
84,74,174,79224,10,1,31.797,ok
84,75,175,79293,10,1,37.423,ok
84,76,176,78951,10,1,33.169,ok
84,77,177,78756,10,1,27.88,ok
84,78,178,79251,10,1,33.187,ok
84,79,179,79188,10,1,29.367,ok
84,80,180,79223,10,1,39.532,ok
84,81,181,79141,10,1,29.097,ok
84,82,182,79266,10,1,39.171,ok
84,83,183,79246,10,1,35.125,ok
84,84,184,79049,10,1,35.371,ok
84,85,185,79176,10,1,33.673,ok
84,86,186,79056,10,1,29.395,ok
84,87,187,79516,10,1,30.257,ok
84,88,188,79103,10,1,28.722,ok
84,89,189,78793,10,1,27.239,ok
84,90,190,79294,10,1,39.705,ok
84,91,191,79004,10,1,31.865,ok
84,92,192,79314,10,1,26.395,ok
84,93,193,79525,10,1,30.567,ok
84,94,194,79317,10,1,30.126,ok
84,95,195,79143,10,1,33.944,ok
84,96,196,79159,10,1,25.244,ok
84,97,197,79257,10,1,37.239,ok
84,98,198,79675,10,1,30.301,ok
84,99,199,79300,10,1,32.971,ok
98,0,100,76682,10,1,24.436,ok
98,1,101,76999,10,1,24.442,ok
98,2,102,77161,10,1,23.471,ok
98,3,103,77123,10,1,25.81,ok
98,4,104,77215,10,1,28.333,ok
98,5,105,77149,10,1,23.891,ok
98,6,106,77316,10,1,26.828,ok
98,7,107,76915,10,1,29.232,ok
98,8,108,77511,10,1,22.096,ok
98,9,109,77358,10,1,23.144,ok
98,10,110,76683,10,1,24.765,ok
98,11,111,76853,10,1,26.911,ok
98,12,112,77182,10,1,28.462,ok
98,13,113,77175,10,1,29.13,ok
98,14,114,77016,10,1,26.934,ok
98,15,115,77167,10,1,30.08,ok
98,16,116,77153,10,1,28.593,ok
98,17,117,77341,10,1,29.65,ok
98,18,118,77191,10,1,29.314,ok
98,19,119,76747,10,1,32.889,ok
98,20,120,77021,10,1,30.817,ok
98,21,121,76994,10,1,25.463,ok
98,22,122,76703,10,1,25.699,ok
98,23,123,76915,10,1,31.694,ok
98,24,124,76903,10,1,28.713,ok
98,25,125,77051,10,1,23.218,ok
98,26,126,76787,10,1,23.6,ok
98,27,127,76935,10,1,27.548,ok
98,28,128,77013,10,1,22.66,ok
98,29,129,77228,10,1,21.444,ok
98,30,130,77052,10,1,26.664,ok
98,31,131,77083,10,1,22.813,ok
98,32,132,76985,10,1,26.668,ok
98,33,133,77006,10,1,28.389,ok
98,34,134,76954,10,1,24.051,ok
98,35,135,76502,10,1,25.511,ok
98,36,136,77259,10,1,20.876,ok
98,37,137,77046,10,1,23.635,ok
98,38,138,77102,10,1,23.19,ok
98,39,139,76848,10,1,26.397,ok
98,40,140,77212,10,1,28.457,ok
98,41,141,77156,10,1,24.094,ok
98,42,142,76682,10,1,24.664,ok
98,43,143,76871,10,1,26.22,ok
98,44,144,77016,10,1,36.516,ok
98,45,145,77003,10,1,27.084,ok
98,46,146,76773,10,1,25.229,ok
98,47,147,76691,10,1,30.524,ok
98,48,148,77292,10,1,27.332,ok
98,49,149,76938,10,1,31.944,ok
98,50,150,77258,10,1,26.004,ok
98,51,151,76715,10,1,28.535,ok
98,52,152,77078,10,1,24.914,ok
98,53,153,77121,10,1,23.09,ok
98,54,154,77067,10,1,28.883,ok
98,55,155,77223,10,1,31.803,ok
98,56,156,76689,10,1,24.521,ok
98,57,157,77013,10,1,24.814,ok
98,58,158,77326,10,1,29.051,ok
98,59,159,77096,10,1,26.531,ok
98,60,160,77015,10,1,33.379,ok
98,61,161,76932,10,1,25.401,ok
98,62,162,76992,10,1,30.873,ok
98,63,163,76796,10,1,30.161,ok
98,64,164,76845,10,1,30.284,ok
98,65,165,76785,10,1,36.623,ok
98,66,166,76939,10,1,25.894,ok
98,67,167,77263,10,1,22.62,ok
98,68,168,77003,10,1,20.882,ok
98,69,169,76920,10,1,23.661,ok
98,70,170,77161,10,1,28.494,ok
98,71,171,77403,10,1,30.839,ok
98,72,172,77078,10,1,23.453,ok
98,73,173,77146,10,1,34.595,ok
98,74,174,76822,10,1,24.425,ok
98,75,175,77319,10,1,22.453,ok
98,76,176,77218,10,1,23.861,ok
98,77,177,77309,10,1,26.134,ok
98,78,178,76787,10,1,31.089,ok
98,79,179,76945,10,1,21.645,ok
98,80,180,77318,10,1,25.213,ok
98,81,181,76726,10,1,31.176,ok
98,82,182,76858,10,1,27.506,ok
98,83,183,76469,10,1,24.702,ok
98,84,184,77014,10,1,26.812,ok
98,85,185,76781,10,1,30.171,ok
98,86,186,77242,10,1,26.616,ok
98,87,187,77389,10,1,33.394,ok
98,88,188,76882,10,1,24.843,ok
98,89,189,77006,10,1,25.907,ok
98,90,190,76742,10,1,28.053,ok
98,91,191,76882,10,1,23.925,ok
98,92,192,77092,10,1,23.837,ok
98,93,193,76703,10,1,25.078,ok
98,94,194,77011,10,1,24.506,ok
98,95,195,77197,10,1,27.252,ok
98,96,196,77073,10,1,20.12,ok
98,97,197,76888,10,1,30.119,ok
98,98,198,76385,10,1,25.798,ok
98,99,199,77132,10,1,24.066,ok
107,0,100,75502,10,1,26.556,ok
107,1,101,75122,10,1,31.046,ok
107,2,102,75380,10,1,27.727,ok
107,3,103,75145,10,1,29.045,ok
107,4,104,74905,10,1,26.893,ok
107,5,105,74921,10,1,28.844,ok
107,6,106,75318,10,1,25.565,ok
107,7,107,75209,10,1,24.841,ok
107,8,108,75204,10,1,24.153,ok
107,9,109,75125,10,1,28.568,ok
107,10,110,75265,10,1,37.074,ok
107,11,111,74949,10,1,32.665,ok
107,12,112,75225,10,1,27.242,ok
107,13,113,75094,10,1,31.731,ok
107,14,114,75254,10,1,38.954,ok
107,15,115,75113,10,1,28.099,ok
107,16,116,75104,10,1,32.033,ok
107,17,117,75208,10,1,23.608,ok
107,18,118,75320,10,1,27.452,ok
107,19,119,75284,10,1,29.559,ok
107,20,120,75237,10,1,29.313,ok
107,21,121,74915,10,1,30.979,ok
107,22,122,75029,10,1,29.541,ok
107,23,123,74824,10,1,31.148,ok
107,24,124,75032,10,1,29.72,ok
107,25,125,74728,10,1,28.069,ok
107,26,126,74839,10,1,29.391,ok
107,27,127,74633,10,1,29.64,ok
107,28,128,75286,10,1,26.189,ok
107,29,129,75215,10,1,34.405,ok
107,30,130,74922,10,1,32.84,ok
107,31,131,74959,10,1,25.901,ok
107,32,132,75554,10,1,26.428,ok
107,33,133,75001,10,1,30.195,ok
107,34,134,75101,10,1,31.751,ok
107,35,135,75027,10,1,32.543,ok
107,36,136,75368,10,1,25.276,ok
107,37,137,75360,10,1,29.122,ok
107,38,138,74809,10,1,26.432,ok
107,39,139,75678,10,1,38.652,ok
107,40,140,74903,10,1,21.96,ok
107,41,141,75371,10,1,30.994,ok
107,42,142,75383,10,1,25.78,ok
107,43,143,74773,10,1,27.264,ok
107,44,144,74849,10,1,31.412,ok
107,45,145,75189,10,1,35.962,ok
107,46,146,75218,10,1,23.858,ok
107,47,147,74921,10,1,33.487,ok
107,48,148,75309,10,1,35.286,ok
107,49,149,75444,10,1,24.717,ok
107,50,150,75451,10,1,33.164,ok
107,51,151,74973,10,1,34.071,ok
107,52,152,75222,10,1,28.729,ok
107,53,153,75390,10,1,34.398,ok
107,54,154,74560,10,1,24.78,ok
107,55,155,74939,10,1,29.81,ok
107,56,156,74903,10,1,34.261,ok
107,57,157,75168,10,1,24.487,ok
107,58,158,74976,10,1,27.078,ok
107,59,159,74994,10,1,23.885,ok
107,60,160,75268,10,1,29.329,ok
107,61,161,74936,10,1,24.765,ok
107,62,162,75382,10,1,27.88,ok
107,63,163,74989,10,1,33.615,ok
107,64,164,74935,10,1,29.261,ok
107,65,165,75393,10,1,28.648,ok
107,66,166,75109,10,1,33.243,ok
107,67,167,74738,10,1,28.166,ok
107,68,168,74832,10,1,25.688,ok
107,69,169,75050,10,1,25.641,ok
107,70,170,75267,10,1,29.017,ok
107,71,171,75027,10,1,35.69,ok
107,72,172,75613,10,1,29.513,ok
107,73,173,75501,10,1,33.439,ok
107,74,174,75184,10,1,31.057,ok
107,75,175,75187,10,1,28.735,ok
107,76,176,75101,10,1,26.578,ok
107,77,177,74896,10,1,29.605,ok
107,78,178,74902,10,1,29.465,ok
107,79,179,75027,10,1,28.565,ok
107,80,180,75303,10,1,30.592,ok
107,81,181,75119,10,1,23.279,ok
107,82,182,75021,10,1,24.537,ok
107,83,183,75150,10,1,29.389,ok
107,84,184,75238,10,1,33.545,ok
107,85,185,75500,10,1,36.726,ok
107,86,186,75009,10,1,33.759,ok
107,87,187,74962,10,1,26.741,ok
107,88,188,75410,10,1,25.196,ok
107,89,189,75623,10,1,22.776,ok
107,90,190,74978,10,1,29.687,ok
107,91,191,75323,10,1,28.935,ok
107,92,192,75751,10,1,33.725,ok
107,93,193,75228,10,1,24.665,ok
107,94,194,74948,10,1,28.008,ok
107,95,195,75319,10,1,30.206,ok
107,96,196,75353,10,1,26.477,ok
107,97,197,74989,10,1,30.413,ok
107,98,198,75473,10,1,25.75,ok
107,99,199,75185,10,1,32.833,ok
111,0,100,72184,10,1,27.751,ok
111,1,101,72434,10,1,28.819,ok
111,2,102,71979,10,1,26.894,ok
111,3,103,72564,10,1,25.159,ok
111,4,104,72495,10,1,25.867,ok
111,5,105,72550,10,1,29.156,ok
111,6,106,71914,10,1,29.467,ok
111,7,107,72512,10,1,26.728,ok
111,8,108,72388,10,1,25.891,ok
111,9,109,72436,10,1,26.651,ok
111,10,110,72375,10,1,22.902,ok
111,11,111,72069,10,1,26.232,ok
111,12,112,72508,10,1,27.16,ok
111,13,113,71811,10,1,24.838,ok
111,14,114,72452,10,1,26.461,ok
111,15,115,72094,10,1,23.362,ok
111,16,116,71805,10,1,26.581,ok
111,17,117,72350,10,1,23.389,ok
111,18,118,72795,10,1,22.502,ok
111,19,119,72211,10,1,24.643,ok
111,20,120,72601,10,1,24.54,ok
111,21,121,72204,10,1,26.748,ok
111,22,122,72375,10,1,26.126,ok
111,23,123,72036,10,1,25.158,ok
111,24,124,72159,10,1,30.665,ok
111,25,125,72115,10,1,26.606,ok
111,26,126,71805,10,1,24.908,ok
111,27,127,72071,10,1,27.371,ok
111,28,128,71950,10,1,1995.981,ok
111,29,129,72774,10,1,37.009,ok
111,30,130,72532,10,1,25.351,ok
111,31,131,72141,10,1,24.548,ok
111,32,132,72441,10,1,31.337,ok
111,33,133,72245,10,1,2003.444,ok
111,34,134,72259,10,1,35.957,ok
111,35,135,72109,10,1,24.129,ok
111,36,136,72357,10,1,24.603,ok
111,37,137,72128,10,1,1995.242,ok
111,38,138,72013,10,1,31.581,ok
111,39,139,72424,10,1,29.687,ok
111,40,140,72521,10,1,27.636,ok
111,41,141,72186,10,1,2001.344,ok
111,42,142,71868,10,1,42.201,ok
111,43,143,72348,10,1,32.306,ok
111,44,144,71955,10,1,29.024,ok
111,45,145,72261,10,1,25.906,ok
111,46,146,72104,10,1,1997.93,ok
111,47,147,72201,10,1,35.947,ok
111,48,148,72362,10,1,27.574,ok
111,49,149,72388,10,1,24.402,ok
111,50,150,72161,10,1,30.483,ok
111,51,151,72395,10,1,2004.176,ok
111,52,152,72207,10,1,30.573,ok
111,53,153,72056,10,1,31.764,ok
111,54,154,72328,10,1,29.636,ok
111,55,155,72223,10,1,32.022,ok
111,56,156,72203,10,1,1994.0,ok
111,57,157,72502,10,1,34.596,ok
111,58,158,71840,10,1,29.338,ok
111,59,159,72439,10,1,30.451,ok
111,60,160,73020,10,1,1995.657,ok
111,61,161,72590,10,1,36.031,ok
111,62,162,71726,10,1,32.172,ok
111,63,163,72269,10,1,30.572,ok
111,64,164,72126,10,1,32.879,ok
111,65,165,72228,10,1,29.174,ok
111,66,166,72247,10,1,25.556,ok
111,67,167,72295,10,1,25.604,ok
111,68,168,72687,10,1,22.894,ok
111,69,169,72216,10,1,26.387,ok
111,70,170,72297,10,1,25.276,ok
111,71,171,72429,10,1,28.357,ok
111,72,172,71882,10,1,31.548,ok
111,73,173,72244,10,1,27.981,ok
111,74,174,72278,10,1,32.594,ok
111,75,175,72642,10,1,29.141,ok
111,76,176,72349,10,1,27.756,ok
111,77,177,72216,10,1,32.739,ok
111,78,178,72321,10,1,29.437,ok
111,79,179,72399,10,1,29.221,ok
111,80,180,72173,10,1,25.333,ok
111,81,181,71952,10,1,25.927,ok
111,82,182,72233,10,1,28.361,ok
111,83,183,72401,10,1,26.991,ok
111,84,184,72337,10,1,26.876,ok
111,85,185,71720,10,1,30.321,ok
111,86,186,72292,10,1,29.546,ok
111,87,187,72532,10,1,29.942,ok
111,88,188,72091,10,1,28.228,ok
111,89,189,72155,10,1,28.777,ok
111,90,190,71888,10,1,34.82,ok
111,91,191,72195,10,1,31.802,ok
111,92,192,72495,10,1,31.237,ok
111,93,193,72520,10,1,31.04,ok
111,94,194,72198,10,1,30.317,ok
111,95,195,72135,10,1,34.449,ok
111,96,196,72047,10,1,28.38,ok
111,97,197,72409,10,1,29.209,ok
111,98,198,72566,10,1,30.542,ok
111,99,199,72287,10,1,29.555,ok
115,0,100,76782,10,1,27.115,ok
115,1,101,76971,10,1,26.459,ok
115,2,102,77239,10,1,25.827,ok
115,3,103,76406,10,1,24.601,ok
115,4,104,76398,10,1,24.751,ok
115,5,105,76753,10,1,27.217,ok
115,6,106,77128,10,1,27.326,ok
115,7,107,76866,10,1,27.065,ok
115,8,108,76652,10,1,30.827,ok
115,9,109,76741,10,1,25.227,ok
115,10,110,76708,10,1,28.316,ok
115,11,111,76400,10,1,24.096,ok
115,12,112,76686,10,1,26.894,ok
115,13,113,76850,10,1,26.918,ok
115,14,114,76752,10,1,28.138,ok
115,15,115,77005,10,1,29.134,ok
115,16,116,77031,10,1,28.958,ok
115,17,117,76381,10,1,28.77,ok
115,18,118,77067,10,1,28.651,ok
115,19,119,76595,10,1,28.27,ok
115,20,120,76829,10,1,26.745,ok
115,21,121,76572,10,1,27.732,ok
115,22,122,77133,10,1,25.617,ok
115,23,123,77180,10,1,26.387,ok
115,24,124,76616,10,1,25.104,ok
115,25,125,76627,10,1,30.065,ok
115,26,126,76629,10,1,30.291,ok
115,27,127,76324,10,1,30.48,ok
115,28,128,76929,10,1,28.894,ok
115,29,129,76715,10,1,28.395,ok
115,30,130,76904,10,1,26.185,ok
115,31,131,76803,10,1,25.332,ok
115,32,132,76370,10,1,24.754,ok
115,33,133,76741,10,1,25.859,ok
115,34,134,76662,10,1,26.702,ok
115,35,135,77077,10,1,26.457,ok
115,36,136,77093,10,1,25.039,ok
115,37,137,76657,10,1,24.569,ok
115,38,138,76796,10,1,25.371,ok
115,39,139,76736,10,1,26.42,ok
115,40,140,76684,10,1,24.145,ok
115,41,141,76581,10,1,25.538,ok
115,42,142,76725,10,1,22.955,ok
115,43,143,76741,10,1,25.668,ok
115,44,144,76709,10,1,23.924,ok
115,45,145,76546,10,1,24.721,ok
115,46,146,76303,10,1,25.789,ok
115,47,147,76464,10,1,25.493,ok
115,48,148,76824,10,1,24.86,ok
115,49,149,76762,10,1,24.73,ok
115,50,150,76293,10,1,27.482,ok
115,51,151,76960,10,1,24.776,ok
115,52,152,76631,10,1,25.051,ok
115,53,153,76673,10,1,24.809,ok
115,54,154,76617,10,1,27.366,ok
115,55,155,76391,10,1,34.238,ok
115,56,156,76916,10,1,29.708,ok
115,57,157,76457,10,1,30.712,ok
115,58,158,76534,10,1,28.726,ok
115,59,159,76496,10,1,27.296,ok
115,60,160,76260,10,1,25.757,ok
115,61,161,76838,10,1,32.682,ok
115,62,162,76376,10,1,27.341,ok
115,63,163,76844,10,1,26.741,ok
115,64,164,76497,10,1,25.283,ok
115,65,165,76561,10,1,27.971,ok
115,66,166,76871,10,1,28.132,ok
115,67,167,76754,10,1,27.92,ok
115,68,168,76644,10,1,27.501,ok
115,69,169,76217,10,1,27.61,ok
115,70,170,76343,10,1,27.211,ok
115,71,171,76414,10,1,25.444,ok
115,72,172,76720,10,1,25.503,ok
115,73,173,76802,10,1,25.636,ok
115,74,174,77099,10,1,27.335,ok
115,75,175,76875,10,1,26.267,ok
115,76,176,76556,10,1,24.86,ok
115,77,177,76608,10,1,25.527,ok
115,78,178,76883,10,1,24.796,ok
115,79,179,77104,10,1,27.363,ok
115,80,180,76861,10,1,23.567,ok
115,81,181,76491,10,1,23.877,ok
115,82,182,76410,10,1,23.133,ok
115,83,183,76361,10,1,24.27,ok
115,84,184,76881,10,1,27.293,ok
115,85,185,76952,10,1,25.774,ok
115,86,186,76947,10,1,25.897,ok
115,87,187,76647,10,1,26.202,ok
115,88,188,76796,10,1,27.696,ok
115,89,189,76739,10,1,32.246,ok
115,90,190,77134,10,1,25.749,ok
115,91,191,76714,10,1,24.425,ok
115,92,192,76807,10,1,25.628,ok
115,93,193,76653,10,1,28.796,ok
115,94,194,76578,10,1,36.784,ok
115,95,195,76751,10,1,25.058,ok
115,96,196,77011,10,1,28.794,ok
115,97,197,76742,10,1,31.234,ok
115,98,198,76813,10,1,27.634,ok
115,99,199,76864,10,1,26.026,ok
124,0,100,75290,10,1,32.753,ok
124,1,101,74967,10,1,29.724,ok
124,2,102,75223,10,1,36.009,ok
124,3,103,74877,10,1,32.926,ok
124,4,104,75480,10,1,38.03,ok
124,5,105,75445,10,1,24.959,ok
124,6,106,75208,10,1,33.621,ok
124,7,107,75508,10,1,30.034,ok
124,8,108,74950,10,1,30.317,ok
124,9,109,75693,10,1,34.234,ok
124,10,110,75293,10,1,33.962,ok
124,11,111,75515,10,1,28.456,ok
124,12,112,75496,10,1,31.297,ok
124,13,113,75446,10,1,31.319,ok
124,14,114,75168,10,1,38.596,ok
124,15,115,75231,10,1,30.744,ok
124,16,116,75504,10,1,25.559,ok
124,17,117,75279,10,1,35.275,ok
124,18,118,75131,10,1,29.877,ok
124,19,119,75426,10,1,31.374,ok
124,20,120,75619,10,1,37.398,ok
124,21,121,75008,10,1,33.742,ok
124,22,122,75258,10,1,36.714,ok
124,23,123,75265,10,1,35.491,ok
124,24,124,75299,10,1,33.875,ok
124,25,125,75122,10,1,30.076,ok
124,26,126,75271,10,1,33.073,ok
124,27,127,75057,10,1,33.574,ok
124,28,128,75352,10,1,42.307,ok
124,29,129,75316,10,1,43.529,ok
124,30,130,75274,10,1,33.732,ok
124,31,131,75315,10,1,28.468,ok
124,32,132,75528,10,1,31.936,ok
124,33,133,75038,10,1,30.154,ok
124,34,134,75522,10,1,41.825,ok
124,35,135,75605,10,1,29.115,ok
124,36,136,75411,10,1,37.045,ok
124,37,137,75274,10,1,25.704,ok
124,38,138,75233,10,1,27.847,ok
124,39,139,75489,10,1,30.613,ok
124,40,140,75700,10,1,28.269,ok
124,41,141,75409,10,1,38.302,ok
124,42,142,75009,10,1,31.866,ok
124,43,143,75050,10,1,30.204,ok
124,44,144,75452,10,1,27.908,ok
124,45,145,75497,10,1,29.964,ok
124,46,146,75176,10,1,30.752,ok
124,47,147,75197,10,1,37.791,ok
124,48,148,75224,10,1,34.979,ok
124,49,149,75633,10,1,31.468,ok
124,50,150,75404,10,1,28.58,ok
124,51,151,74971,10,1,31.494,ok
124,52,152,75303,10,1,31.591,ok
124,53,153,75262,10,1,32.623,ok
124,54,154,75898,10,1,28.27,ok
124,55,155,75571,10,1,29.321,ok
124,56,156,75320,10,1,31.145,ok
124,57,157,75129,10,1,33.209,ok
124,58,158,75475,10,1,36.686,ok
124,59,159,75056,10,1,30.062,ok
124,60,160,75624,10,1,37.537,ok
124,61,161,75538,10,1,37.983,ok
124,62,162,75052,10,1,41.856,ok
124,63,163,74944,10,1,35.703,ok
124,64,164,75012,10,1,35.208,ok
124,65,165,75391,10,1,40.165,ok
124,66,166,75242,10,1,39.057,ok
124,67,167,75170,10,1,34.721,ok
124,68,168,75620,10,1,30.938,ok
124,69,169,75388,10,1,30.344,ok
124,70,170,75224,10,1,37.021,ok
124,71,171,75269,10,1,40.511,ok
124,72,172,74802,10,1,41.507,ok
124,73,173,75567,10,1,30.792,ok
124,74,174,75370,10,1,36.212,ok
124,75,175,75251,10,1,31.219,ok
124,76,176,75716,10,1,35.711,ok
124,77,177,75385,10,1,32.415,ok
124,78,178,75027,10,1,34.574,ok
124,79,179,75226,10,1,38.61,ok
124,80,180,75293,10,1,27.554,ok
124,81,181,75419,10,1,30.428,ok
124,82,182,75240,10,1,30.861,ok
124,83,183,75173,10,1,32.424,ok
124,84,184,75143,10,1,37.137,ok
124,85,185,75250,10,1,26.734,ok
124,86,186,75223,10,1,27.339,ok
124,87,187,75130,10,1,31.074,ok
124,88,188,75235,10,1,35.817,ok
124,89,189,75349,10,1,31.423,ok
124,90,190,75072,10,1,30.845,ok
124,91,191,75318,10,1,31.378,ok
124,92,192,75776,10,1,36.398,ok
124,93,193,75647,10,1,32.212,ok
124,94,194,75269,10,1,30.665,ok
124,95,195,75171,10,1,29.878,ok
124,96,196,75362,10,1,34.702,ok
124,97,197,75137,10,1,34.816,ok
124,98,198,75269,10,1,30.686,ok
124,99,199,75081,10,1,30.165,ok
136,0,100,78584,10,1,26.049,ok
136,1,101,78441,10,1,22.496,ok
136,2,102,78184,10,1,27.033,ok
136,3,103,78253,10,1,24.951,ok
136,4,104,78380,10,1,24.8,ok
136,5,105,78831,10,1,31.829,ok
136,6,106,78645,10,1,30.728,ok
136,7,107,78367,10,1,29.31,ok
136,8,108,78223,10,1,27.38,ok
136,9,109,78489,10,1,31.676,ok
136,10,110,78476,10,1,23.843,ok
136,11,111,78349,10,1,25.918,ok
136,12,112,78350,10,1,25.262,ok
136,13,113,77952,10,1,24.083,ok
136,14,114,78458,10,1,25.564,ok
136,15,115,78282,10,1,31.431,ok
136,16,116,77942,10,1,30.389,ok
136,17,117,78189,10,1,27.119,ok
136,18,118,78508,10,1,28.705,ok
136,19,119,78450,10,1,29.019,ok
136,20,120,77947,10,1,26.746,ok
136,21,121,78418,10,1,25.649,ok
136,22,122,78076,10,1,26.12,ok
136,23,123,77950,10,1,25.246,ok
136,24,124,78149,10,1,28.37,ok
136,25,125,78658,10,1,25.657,ok
136,26,126,78263,10,1,27.737,ok
136,27,127,77923,10,1,25.733,ok
136,28,128,78252,10,1,22.96,ok
136,29,129,78525,10,1,24.913,ok
136,30,130,77949,10,1,24.892,ok
136,31,131,78663,10,1,21.727,ok
136,32,132,78609,10,1,25.407,ok
136,33,133,78340,10,1,26.787,ok
136,34,134,78447,10,1,27.587,ok
136,35,135,78335,10,1,25.779,ok
136,36,136,78620,10,1,24.288,ok
136,37,137,78549,10,1,27.693,ok
136,38,138,78432,10,1,26.663,ok
136,39,139,78201,10,1,28.456,ok
136,40,140,78449,10,1,26.101,ok
136,41,141,78079,10,1,28.565,ok
136,42,142,78243,10,1,25.937,ok
136,43,143,78463,10,1,25.603,ok
136,44,144,78583,10,1,25.596,ok
136,45,145,78024,10,1,23.968,ok
136,46,146,78145,10,1,25.3,ok
136,47,147,78449,10,1,22.744,ok
136,48,148,78533,10,1,24.574,ok
136,49,149,78295,10,1,30.498,ok
136,50,150,78463,10,1,29.084,ok
136,51,151,78072,10,1,30.505,ok
136,52,152,78429,10,1,30.2,ok
136,53,153,78313,10,1,31.76,ok
136,54,154,78417,10,1,31.835,ok
136,55,155,78312,10,1,27.159,ok
136,56,156,78461,10,1,23.23,ok
136,57,157,78526,10,1,25.717,ok
136,58,158,78607,10,1,24.048,ok
136,59,159,78348,10,1,33.684,ok
136,60,160,78319,10,1,28.703,ok
136,61,161,78027,10,1,26.143,ok
136,62,162,78162,10,1,29.9,ok
136,63,163,78477,10,1,28.259,ok
136,64,164,78635,10,1,27.882,ok
136,65,165,77947,10,1,24.119,ok
136,66,166,78569,10,1,24.752,ok
136,67,167,77805,10,1,25.825,ok
136,68,168,78555,10,1,25.164,ok
136,69,169,78233,10,1,25.079,ok
136,70,170,78202,10,1,23.569,ok
136,71,171,78439,10,1,27.948,ok
136,72,172,77948,10,1,22.608,ok
136,73,173,78411,10,1,24.513,ok
136,74,174,78468,10,1,27.604,ok
136,75,175,78235,10,1,29.006,ok
136,76,176,78290,10,1,26.03,ok
136,77,177,78242,10,1,24.803,ok
136,78,178,78537,10,1,27.256,ok
136,79,179,78400,10,1,26.075,ok
136,80,180,78813,10,1,25.208,ok
136,81,181,78219,10,1,24.233,ok
136,82,182,78513,10,1,25.03,ok
136,83,183,78081,10,1,26.052,ok
136,84,184,78022,10,1,22.211,ok
136,85,185,77974,10,1,26.512,ok
136,86,186,78623,10,1,23.865,ok
136,87,187,78386,10,1,23.642,ok
136,88,188,78451,10,1,24.083,ok
136,89,189,78383,10,1,26.674,ok
136,90,190,78265,10,1,27.703,ok
136,91,191,78469,10,1,26.417,ok
136,92,192,78476,10,1,28.541,ok
136,93,193,78133,10,1,27.271,ok
136,94,194,77786,10,1,28.355,ok
136,95,195,78358,10,1,25.48,ok
136,96,196,78200,10,1,25.597,ok
136,97,197,78106,10,1,30.344,ok
136,98,198,78302,10,1,25.021,ok
136,99,199,78131,10,1,24.706,ok
152,0,100,76884,10,1,28.918,ok
152,1,101,76386,10,1,25.778,ok
152,2,102,76580,10,1,26.322,ok
152,3,103,77082,10,1,28.206,ok
152,4,104,76919,10,1,27.804,ok
152,5,105,76875,10,1,25.962,ok
152,6,106,76521,10,1,28.395,ok
152,7,107,76582,10,1,29.447,ok
152,8,108,76764,10,1,31.229,ok
152,9,109,76617,10,1,28.138,ok
152,10,110,76643,10,1,30.78,ok
152,11,111,76322,10,1,31.747,ok
152,12,112,76990,10,1,29.102,ok
152,13,113,76526,10,1,30.892,ok
152,14,114,76549,10,1,29.176,ok
152,15,115,76654,10,1,28.595,ok
152,16,116,76788,10,1,29.041,ok
152,17,117,76776,10,1,32.889,ok
152,18,118,76220,10,1,25.653,ok
152,19,119,76842,10,1,26.361,ok
152,20,120,76771,10,1,30.803,ok
152,21,121,76480,10,1,30.356,ok
152,22,122,76417,10,1,27.709,ok
152,23,123,76928,10,1,29.209,ok
152,24,124,76306,10,1,31.063,ok
152,25,125,76300,10,1,25.27,ok
152,26,126,76566,10,1,30.243,ok
152,27,127,76489,10,1,24.438,ok
152,28,128,76548,10,1,25.365,ok
152,29,129,76259,10,1,24.663,ok
152,30,130,76556,10,1,25.529,ok
152,31,131,77373,10,1,26.438,ok
152,32,132,76910,10,1,25.389,ok
152,33,133,76417,10,1,26.235,ok
152,34,134,76524,10,1,29.478,ok
152,35,135,76539,10,1,28.216,ok
152,36,136,76647,10,1,28.391,ok
152,37,137,76493,10,1,29.25,ok
152,38,138,76572,10,1,28.471,ok
152,39,139,76500,10,1,32.446,ok
152,40,140,76818,10,1,29.469,ok
152,41,141,77019,10,1,26.158,ok
152,42,142,76409,10,1,28.78,ok
152,43,143,76732,10,1,29.117,ok
152,44,144,76794,10,1,37.82,ok
152,45,145,76205,10,1,28.527,ok
152,46,146,76822,10,1,28.364,ok
152,47,147,76631,10,1,30.214,ok
152,48,148,76481,10,1,38.733,ok
152,49,149,76554,10,1,35.819,ok
152,50,150,76701,10,1,27.372,ok
152,51,151,76426,10,1,28.487,ok
152,52,152,76521,10,1,30.599,ok
152,53,153,76491,10,1,35.707,ok
152,54,154,76600,10,1,29.756,ok
152,55,155,76681,10,1,31.398,ok
152,56,156,76353,10,1,30.548,ok
152,57,157,76603,10,1,28.172,ok
152,58,158,76734,10,1,33.964,ok
152,59,159,76772,10,1,31.67,ok
152,60,160,76861,10,1,32.14,ok
152,61,161,76520,10,1,31.808,ok
152,62,162,76897,10,1,39.593,ok
152,63,163,76731,10,1,34.422,ok
152,64,164,76356,10,1,29.374,ok
152,65,165,76597,10,1,25.258,ok
152,66,166,76519,10,1,26.501,ok
152,67,167,76326,10,1,36.128,ok
152,68,168,76803,10,1,31.288,ok
152,69,169,76411,10,1,24.99,ok
152,70,170,76447,10,1,36.082,ok
152,71,171,76141,10,1,30.289,ok
152,72,172,76475,10,1,24.672,ok
152,73,173,76755,10,1,24.585,ok
152,74,174,76751,10,1,31.706,ok
152,75,175,76296,10,1,30.364,ok
152,76,176,76487,10,1,34.964,ok
152,77,177,76701,10,1,29.776,ok
152,78,178,76687,10,1,29.466,ok
152,79,179,76736,10,1,30.123,ok
152,80,180,76585,10,1,29.009,ok
152,81,181,76676,10,1,28.348,ok
152,82,182,76424,10,1,33.523,ok
152,83,183,76464,10,1,27.334,ok
152,84,184,76390,10,1,28.97,ok
152,85,185,76282,10,1,30.001,ok
152,86,186,77024,10,1,23.095,ok
152,87,187,76849,10,1,33.471,ok
152,88,188,76548,10,1,25.013,ok
152,89,189,76753,10,1,26.904,ok
152,90,190,76340,10,1,30.495,ok
152,91,191,76645,10,1,32.845,ok
152,92,192,76799,10,1,29.064,ok
152,93,193,76538,10,1,31.975,ok
152,94,194,76792,10,1,35.482,ok
152,95,195,76632,10,1,25.344,ok
152,96,196,76669,10,1,22.956,ok
152,97,197,76877,10,1,26.419,ok
152,98,198,76693,10,1,30.566,ok
152,99,199,76874,10,1,32.347,ok
167,0,100,75890,10,1,22.383,ok
167,1,101,75660,10,1,27.157,ok
167,2,102,76046,10,1,24.146,ok
167,3,103,76432,10,1,21.75,ok
167,4,104,75576,10,1,22.955,ok
167,5,105,76319,10,1,24.052,ok
167,6,106,75825,10,1,24.66,ok
167,7,107,75594,10,1,25.318,ok
167,8,108,75678,10,1,24.576,ok
167,9,109,75846,10,1,24.395,ok
167,10,110,76054,10,1,22.76,ok
167,11,111,75588,10,1,23.391,ok
167,12,112,76492,10,1,21.334,ok
167,13,113,75814,10,1,25.454,ok
167,14,114,75758,10,1,21.157,ok
167,15,115,75719,10,1,23.004,ok
167,16,116,76196,10,1,24.117,ok
167,17,117,75761,10,1,22.382,ok
167,18,118,75904,10,1,23.625,ok
167,19,119,76576,10,1,21.696,ok
167,20,120,76223,10,1,22.133,ok
167,21,121,75710,10,1,21.294,ok
167,22,122,75474,10,1,23.986,ok
167,23,123,76000,10,1,22.057,ok
167,24,124,76122,10,1,21.864,ok
167,25,125,75899,10,1,25.099,ok
167,26,126,76176,10,1,24.577,ok
167,27,127,75826,10,1,24.276,ok
167,28,128,75608,10,1,29.967,ok
167,29,129,76102,10,1,25.655,ok
167,30,130,75908,10,1,21.567,ok
167,31,131,75895,10,1,22.651,ok
167,32,132,76026,10,1,26.09,ok
167,33,133,75991,10,1,24.691,ok
167,34,134,75914,10,1,25.243,ok
167,35,135,75789,10,1,25.112,ok
167,36,136,75708,10,1,25.257,ok
167,37,137,75772,10,1,24.447,ok
167,38,138,75871,10,1,25.279,ok
167,39,139,76026,10,1,25.112,ok
167,40,140,75872,10,1,20.307,ok
167,41,141,75768,10,1,27.749,ok
167,42,142,75864,10,1,25.869,ok
167,43,143,75913,10,1,24.503,ok
167,44,144,75824,10,1,21.083,ok
167,45,145,75761,10,1,21.07,ok
167,46,146,76367,10,1,24.612,ok
167,47,147,76240,10,1,24.961,ok
167,48,148,76192,10,1,25.178,ok
167,49,149,76195,10,1,30.424,ok
167,50,150,75953,10,1,24.151,ok
167,51,151,75744,10,1,20.711,ok
167,52,152,75824,10,1,20.911,ok
167,53,153,75925,10,1,21.568,ok
167,54,154,75874,10,1,22.345,ok
167,55,155,75486,10,1,22.182,ok
167,56,156,76208,10,1,28.444,ok
167,57,157,75931,10,1,23.099,ok
167,58,158,75836,10,1,23.614,ok
167,59,159,75970,10,1,20.403,ok
167,60,160,75885,10,1,21.462,ok
167,61,161,75607,10,1,25.144,ok
167,62,162,76036,10,1,23.418,ok
167,63,163,76324,10,1,23.966,ok
167,64,164,76015,10,1,24.524,ok
167,65,165,75836,10,1,25.61,ok
167,66,166,76098,10,1,24.056,ok
167,67,167,76049,10,1,25.797,ok
167,68,168,76007,10,1,24.415,ok
167,69,169,75893,10,1,2578.495,ok
167,70,170,75897,10,1,21.206,ok
167,71,171,76270,10,1,23.027,ok
167,72,172,75954,10,1,24.896,ok
167,73,173,75821,10,1,2597.278,ok
167,74,174,76070,10,1,28.244,ok
167,75,175,75751,10,1,25.259,ok
167,76,176,75949,10,1,30.811,ok
167,77,177,76043,10,1,2597.675,ok
167,78,178,76147,10,1,32.376,ok
167,79,179,76005,10,1,26.665,ok
167,80,180,75810,10,1,21.211,ok
167,81,181,75978,10,1,22.07,ok
167,82,182,75808,10,1,2597.479,ok
167,83,183,76103,10,1,32.115,ok
167,84,184,76248,10,1,23.579,ok
167,85,185,75856,10,1,22.285,ok
167,86,186,76178,10,1,20.359,ok
167,87,187,75844,10,1,2594.159,ok
167,88,188,76202,10,1,28.416,ok
167,89,189,75771,10,1,21.287,ok
167,90,190,75702,10,1,27.109,ok
167,91,191,75734,10,1,2596.832,ok
167,92,192,76217,10,1,26.558,ok
167,93,193,75888,10,1,27.216,ok
167,94,194,76000,10,1,22.058,ok
167,95,195,75966,10,1,20.651,ok
167,96,196,75514,10,1,2595.25,ok
167,97,197,76330,10,1,24.562,ok
167,98,198,75828,10,1,25.435,ok
167,99,199,75946,10,1,19.479,ok
179,0,100,77979,10,1,28.666,ok
179,1,101,77961,10,1,29.092,ok
179,2,102,77777,10,1,31.694,ok
179,3,103,77326,10,1,31.476,ok
179,4,104,77410,10,1,27.816,ok
179,5,105,77514,10,1,31.42,ok
179,6,106,77589,10,1,33.457,ok
179,7,107,77801,10,1,32.808,ok
179,8,108,77552,10,1,33.683,ok
179,9,109,77954,10,1,33.19,ok
179,10,110,77670,10,1,31.275,ok
179,11,111,77478,10,1,32.783,ok
179,12,112,77585,10,1,30.333,ok
179,13,113,77468,10,1,33.629,ok
179,14,114,77814,10,1,32.44,ok
179,15,115,77547,10,1,29.857,ok
179,16,116,77538,10,1,33.023,ok
179,17,117,77481,10,1,32.265,ok
179,18,118,77802,10,1,33.027,ok
179,19,119,77830,10,1,30.808,ok
179,20,120,77831,10,1,33.019,ok
179,21,121,77464,10,1,32.728,ok
179,22,122,77688,10,1,36.933,ok
179,23,123,77596,10,1,33.667,ok
179,24,124,77564,10,1,33.142,ok
179,25,125,77558,10,1,32.25,ok
179,26,126,78125,10,1,31.392,ok
179,27,127,77449,10,1,25.483,ok
179,28,128,77365,10,1,31.502,ok
179,29,129,77592,10,1,31.205,ok
179,30,130,77954,10,1,29.379,ok
179,31,131,77385,10,1,31.229,ok
179,32,132,77879,10,1,31.323,ok
179,33,133,77114,10,1,25.472,ok
179,34,134,77557,10,1,27.832,ok
179,35,135,78127,10,1,30.345,ok
179,36,136,77492,10,1,27.156,ok
179,37,137,77093,10,1,29.644,ok
179,38,138,77426,10,1,26.454,ok
179,39,139,77320,10,1,25.853,ok
179,40,140,77382,10,1,34.246,ok
179,41,141,77227,10,1,27.025,ok
179,42,142,77535,10,1,30.167,ok
179,43,143,77564,10,1,29.698,ok
179,44,144,77184,10,1,29.27,ok
179,45,145,77661,10,1,33.099,ok
179,46,146,77162,10,1,29.231,ok
179,47,147,77475,10,1,25.74,ok
179,48,148,77535,10,1,27.205,ok
179,49,149,77418,10,1,28.638,ok
179,50,150,77246,10,1,33.257,ok
179,51,151,77311,10,1,33.038,ok
179,52,152,77687,10,1,32.042,ok
179,53,153,77691,10,1,33.15,ok
179,54,154,77866,10,1,31.923,ok
179,55,155,77549,10,1,29.296,ok
179,56,156,77726,10,1,33.108,ok
179,57,157,77450,10,1,33.097,ok
179,58,158,77534,10,1,31.669,ok
179,59,159,77843,10,1,32.788,ok
179,60,160,77466,10,1,27.256,ok
179,61,161,77437,10,1,27.127,ok
179,62,162,77445,10,1,26.059,ok
179,63,163,77727,10,1,27.033,ok
179,64,164,77577,10,1,28.725,ok
179,65,165,77017,10,1,27.08,ok
179,66,166,77470,10,1,26.698,ok
179,67,167,77419,10,1,26.037,ok
179,68,168,77579,10,1,29.568,ok
179,69,169,77420,10,1,34.247,ok
179,70,170,77738,10,1,29.004,ok
179,71,171,77890,10,1,29.207,ok
179,72,172,77419,10,1,28.297,ok
179,73,173,77593,10,1,29.319,ok
179,74,174,77433,10,1,27.292,ok
179,75,175,77285,10,1,32.088,ok
179,76,176,77923,10,1,34.256,ok
179,77,177,77634,10,1,32.361,ok
179,78,178,77442,10,1,32.374,ok
179,79,179,77434,10,1,32.839,ok
179,80,180,77181,10,1,26.651,ok
179,81,181,77526,10,1,26.859,ok
179,82,182,77479,10,1,27.833,ok
179,83,183,77545,10,1,26.231,ok
179,84,184,77322,10,1,25.681,ok
179,85,185,77864,10,1,26.944,ok
179,86,186,77634,10,1,30.504,ok
179,87,187,77664,10,1,29.384,ok
179,88,188,77608,10,1,30.526,ok
179,89,189,77880,10,1,29.499,ok
179,90,190,77247,10,1,31.06,ok
179,91,191,77300,10,1,30.505,ok
179,92,192,77679,10,1,29.143,ok
179,93,193,77398,10,1,30.768,ok
179,94,194,77544,10,1,29.941,ok
179,95,195,77614,10,1,32.146,ok
179,96,196,77611,10,1,28.038,ok
179,97,197,77788,10,1,32.835,ok
179,98,198,77493,10,1,32.438,ok
179,99,199,77324,10,1,27.491,ok
180,0,100,75692,10,1,34.071,ok
180,1,101,75986,10,1,29.817,ok
180,2,102,75495,10,1,32.336,ok
180,3,103,75760,10,1,29.822,ok
180,4,104,75752,10,1,37.457,ok
180,5,105,75980,10,1,27.8,ok
180,6,106,75469,10,1,34.52,ok
180,7,107,75635,10,1,35.415,ok
180,8,108,75938,10,1,30.002,ok
180,9,109,75710,10,1,35.058,ok
180,10,110,76055,10,1,36.937,ok
180,11,111,76217,10,1,30.447,ok
180,12,112,75951,10,1,31.475,ok
180,13,113,75432,10,1,36.423,ok
180,14,114,75666,10,1,35.715,ok
180,15,115,75596,10,1,35.167,ok
180,16,116,75885,10,1,30.767,ok
180,17,117,75672,10,1,34.265,ok
180,18,118,75865,10,1,27.034,ok
180,19,119,75900,10,1,33.185,ok
180,20,120,75807,10,1,32.199,ok
180,21,121,75955,10,1,30.137,ok
180,22,122,75408,10,1,26.747,ok
180,23,123,76046,10,1,36.226,ok
180,24,124,75704,10,1,34.835,ok
180,25,125,75568,10,1,28.971,ok
180,26,126,75671,10,1,29.283,ok
180,27,127,75637,10,1,32.35,ok
180,28,128,75764,10,1,29.07,ok
180,29,129,75626,10,1,36.394,ok
180,30,130,75677,10,1,34.098,ok
180,31,131,76332,10,1,31.686,ok
180,32,132,75936,10,1,35.611,ok
180,33,133,76025,10,1,33.836,ok
180,34,134,75706,10,1,31.253,ok
180,35,135,75573,10,1,24.873,ok
180,36,136,76084,10,1,31.14,ok
180,37,137,75601,10,1,32.269,ok
180,38,138,75685,10,1,25.917,ok
180,39,139,75747,10,1,31.966,ok
180,40,140,75997,10,1,33.837,ok
180,41,141,75730,10,1,29.691,ok
180,42,142,75776,10,1,27.106,ok
180,43,143,75371,10,1,29.355,ok
180,44,144,75953,10,1,35.264,ok
180,45,145,75676,10,1,30.307,ok
180,46,146,75625,10,1,30.151,ok
180,47,147,75760,10,1,27.859,ok
180,48,148,76128,10,1,28.979,ok
180,49,149,75931,10,1,25.22,ok
180,50,150,75714,10,1,31.849,ok
180,51,151,75679,10,1,37.289,ok
180,52,152,75620,10,1,33.958,ok
180,53,153,75738,10,1,30.867,ok
180,54,154,76071,10,1,31.482,ok
180,55,155,75712,10,1,27.077,ok
180,56,156,75366,10,1,27.776,ok
180,57,157,75700,10,1,34.427,ok
180,58,158,75463,10,1,33.402,ok
180,59,159,75509,10,1,28.859,ok
180,60,160,75696,10,1,37.94,ok
180,61,161,76033,10,1,33.413,ok
180,62,162,76000,10,1,31.744,ok
180,63,163,75776,10,1,32.792,ok
180,64,164,75893,10,1,33.959,ok
180,65,165,75802,10,1,33.162,ok
180,66,166,75935,10,1,32.039,ok
180,67,167,75648,10,1,30.878,ok
180,68,168,75729,10,1,28.32,ok
180,69,169,75745,10,1,32.103,ok
180,70,170,75775,10,1,29.663,ok
180,71,171,75080,10,1,28.926,ok
180,72,172,75871,10,1,33.636,ok
180,73,173,75996,10,1,29.344,ok
180,74,174,75424,10,1,25.284,ok
180,75,175,75837,10,1,27.773,ok
180,76,176,75581,10,1,32.451,ok
180,77,177,75655,10,1,27.976,ok
180,78,178,75298,10,1,23.743,ok
180,79,179,75642,10,1,24.817,ok
180,80,180,75739,10,1,33.363,ok
180,81,181,75661,10,1,29.441,ok
180,82,182,75638,10,1,31.689,ok
180,83,183,75814,10,1,33.677,ok
180,84,184,75853,10,1,29.323,ok
180,85,185,76018,10,1,27.53,ok
180,86,186,76008,10,1,33.783,ok
180,87,187,75715,10,1,26.837,ok
180,88,188,75866,10,1,30.288,ok
180,89,189,75697,10,1,25.725,ok
180,90,190,75795,10,1,29.113,ok
180,91,191,76011,10,1,30.824,ok
180,92,192,75453,10,1,29.874,ok
180,93,193,75919,10,1,25.555,ok
180,94,194,75668,10,1,35.033,ok
180,95,195,75576,10,1,26.615,ok
180,96,196,75520,10,1,28.219,ok
180,97,197,75579,10,1,27.167,ok
180,98,198,75501,10,1,30.419,ok
180,99,199,75808,10,1,38.299,ok
181,0,100,78189,10,1,21.567,ok
181,1,101,78401,10,1,23.405,ok
181,2,102,78276,10,1,20.651,ok
181,3,103,78254,10,1,20.126,ok
181,4,104,78135,10,1,20.126,ok
181,5,105,78688,10,1,20.245,ok
181,6,106,77796,10,1,21.394,ok
181,7,107,78544,10,1,20.114,ok
181,8,108,78696,10,1,22.986,ok
181,9,109,78066,10,1,20.383,ok
181,10,110,77767,10,1,26.57,ok
181,11,111,78515,10,1,23.685,ok
181,12,112,78131,10,1,23.61,ok
181,13,113,78281,10,1,23.634,ok
181,14,114,78437,10,1,23.617,ok
181,15,115,78423,10,1,24.484,ok
181,16,116,77981,10,1,22.851,ok
181,17,117,77933,10,1,23.553,ok
181,18,118,78189,10,1,24.013,ok
181,19,119,78318,10,1,24.189,ok
181,20,120,77962,10,1,23.532,ok
181,21,121,78194,10,1,24.18,ok
181,22,122,78077,10,1,28.127,ok
181,23,123,78723,10,1,24.566,ok
181,24,124,78314,10,1,24.351,ok
181,25,125,77506,10,1,23.069,ok
181,26,126,78129,10,1,28.053,ok
181,27,127,78517,10,1,23.127,ok
181,28,128,77601,10,1,23.597,ok
181,29,129,78345,10,1,23.315,ok
181,30,130,78150,10,1,20.304,ok
181,31,131,78123,10,1,21.102,ok
181,32,132,78034,10,1,21.209,ok
181,33,133,78244,10,1,21.376,ok
181,34,134,78220,10,1,21.517,ok
181,35,135,77730,10,1,20.654,ok
181,36,136,77978,10,1,22.204,ok
181,37,137,77994,10,1,20.973,ok
181,38,138,78290,10,1,21.161,ok
181,39,139,78392,10,1,22.611,ok
181,40,140,78314,10,1,19.928,ok
181,41,141,78069,10,1,21.063,ok
181,42,142,77939,10,1,20.193,ok
181,43,143,78277,10,1,22.374,ok
181,44,144,78144,10,1,20.255,ok
181,45,145,78365,10,1,20.648,ok
181,46,146,78144,10,1,22.808,ok
181,47,147,78107,10,1,23.027,ok
181,48,148,77842,10,1,23.431,ok
181,49,149,78079,10,1,23.795,ok
181,50,150,78587,10,1,22.927,ok
181,51,151,78088,10,1,22.783,ok
181,52,152,78131,10,1,21.496,ok
181,53,153,77927,10,1,23.201,ok
181,54,154,78259,10,1,21.959,ok
181,55,155,77923,10,1,22.4,ok
181,56,156,77922,10,1,23.149,ok
181,57,157,78434,10,1,24.351,ok
181,58,158,78031,10,1,23.647,ok
181,59,159,78277,10,1,24.8,ok
181,60,160,78585,10,1,24.42,ok
181,61,161,78205,10,1,23.66,ok
181,62,162,77970,10,1,23.7,ok
181,63,163,77879,10,1,24.576,ok
181,64,164,78155,10,1,24.628,ok
181,65,165,77992,10,1,20.645,ok
181,66,166,78425,10,1,19.307,ok
181,67,167,77802,10,1,20.138,ok
181,68,168,78660,10,1,19.071,ok
181,69,169,78045,10,1,18.872,ok
181,70,170,78190,10,1,22.926,ok
181,71,171,77906,10,1,22.495,ok
181,72,172,78234,10,1,23.49,ok
181,73,173,77928,10,1,20.726,ok
181,74,174,78326,10,1,20.065,ok
181,75,175,78132,10,1,24.383,ok
181,76,176,78331,10,1,20.451,ok
181,77,177,78103,10,1,21.479,ok
181,78,178,78187,10,1,20.184,ok
181,79,179,78313,10,1,19.086,ok
181,80,180,78035,10,1,23.766,ok
181,81,181,78298,10,1,23.6,ok
181,82,182,78411,10,1,22.674,ok
181,83,183,78415,10,1,20.594,ok
181,84,184,78478,10,1,20.096,ok
181,85,185,78187,10,1,23.722,ok
181,86,186,78054,10,1,24.25,ok
181,87,187,78322,10,1,22.323,ok
181,88,188,78287,10,1,20.593,ok
181,89,189,78136,10,1,16.654,ok
181,90,190,78098,10,1,23.067,ok
181,91,191,78548,10,1,23.324,ok
181,92,192,78190,10,1,20.837,ok
181,93,193,78158,10,1,19.461,ok
181,94,194,78572,10,1,14.788,ok
181,95,195,78181,10,1,22.374,ok
181,96,196,78141,10,1,20.177,ok
181,97,197,77955,10,1,20.173,ok
181,98,198,78145,10,1,15.825,ok
181,99,199,78215,10,1,13.182,ok
188,0,100,76989,10,1,42.916,ok
188,1,101,77456,10,1,43.15,ok
188,2,102,77513,10,1,37.154,ok
188,3,103,77087,10,1,40.757,ok
188,4,104,76787,10,1,45.043,ok
188,5,105,77580,10,1,41.518,ok
188,6,106,77236,10,1,37.862,ok
188,7,107,77333,10,1,42.486,ok
188,8,108,77300,10,1,35.681,ok
188,9,109,77493,10,1,35.948,ok
188,10,110,77040,10,1,34.98,ok
188,11,111,77193,10,1,32.855,ok
188,12,112,77033,10,1,31.785,ok
188,13,113,77368,10,1,33.346,ok
188,14,114,77105,10,1,35.932,ok
188,15,115,77746,10,1,31.916,ok
188,16,116,76848,10,1,39.246,ok
188,17,117,77317,10,1,38.734,ok
188,18,118,77419,10,1,35.184,ok
188,19,119,77534,10,1,31.048,ok
188,20,120,77104,10,1,28.555,ok
188,21,121,77336,10,1,31.898,ok
188,22,122,77298,10,1,26.278,ok
188,23,123,77272,10,1,33.811,ok
188,24,124,77555,10,1,26.438,ok
188,25,125,77584,10,1,31.633,ok
188,26,126,77015,10,1,34.559,ok
188,27,127,76882,10,1,22.201,ok
188,28,128,76875,10,1,31.984,ok
188,29,129,77647,10,1,23.401,ok
188,30,130,77514,10,1,43.386,ok
188,31,131,77365,10,1,32.623,ok
188,32,132,77379,10,1,35.128,ok
188,33,133,77670,10,1,26.998,ok
188,34,134,77698,10,1,29.559,ok
188,35,135,77481,10,1,35.827,ok
188,36,136,77389,10,1,33.012,ok
188,37,137,77345,10,1,33.305,ok
188,38,138,77437,10,1,28.842,ok
188,39,139,77998,10,1,31.073,ok
188,40,140,77021,10,1,35.869,ok
188,41,141,77832,10,1,30.859,ok
188,42,142,77290,10,1,32.415,ok
188,43,143,76980,10,1,36.592,ok
188,44,144,77549,10,1,27.289,ok
188,45,145,76994,10,1,33.192,ok
188,46,146,77280,10,1,30.844,ok
188,47,147,77413,10,1,31.35,ok
188,48,148,77515,10,1,28.046,ok
188,49,149,77468,10,1,32.488,ok
188,50,150,77331,10,1,37.347,ok
188,51,151,77227,10,1,28.119,ok
188,52,152,77274,10,1,30.05,ok
188,53,153,77011,10,1,29.192,ok
188,54,154,77306,10,1,27.332,ok
188,55,155,77350,10,1,24.52,ok
188,56,156,76923,10,1,24.624,ok
188,57,157,77406,10,1,22.018,ok
188,58,158,77265,10,1,26.17,ok
188,59,159,77153,10,1,26.888,ok
188,60,160,77031,10,1,32.611,ok
188,61,161,77105,10,1,30.625,ok
188,62,162,77388,10,1,25.709,ok
188,63,163,77333,10,1,31.107,ok
188,64,164,77268,10,1,32.409,ok
188,65,165,77280,10,1,29.769,ok
188,66,166,77294,10,1,26.156,ok
188,67,167,77319,10,1,24.228,ok
188,68,168,77333,10,1,26.105,ok
188,69,169,77026,10,1,21.89,ok
188,70,170,77386,10,1,21.959,ok
188,71,171,76834,10,1,25.475,ok
188,72,172,76963,10,1,23.475,ok
188,73,173,77228,10,1,31.663,ok
188,74,174,77054,10,1,25.202,ok
188,75,175,77449,10,1,33.534,ok
188,76,176,77252,10,1,34.113,ok
188,77,177,77612,10,1,33.008,ok
188,78,178,77044,10,1,30.495,ok
188,79,179,77209,10,1,33.927,ok
188,80,180,77164,10,1,31.912,ok
188,81,181,77350,10,1,33.254,ok
188,82,182,77212,10,1,27.311,ok
188,83,183,77507,10,1,33.218,ok
188,84,184,77178,10,1,27.984,ok
188,85,185,77281,10,1,22.081,ok
188,86,186,77723,10,1,23.651,ok
188,87,187,77529,10,1,24.823,ok
188,88,188,77192,10,1,30.211,ok
188,89,189,77162,10,1,31.483,ok
188,90,190,77309,10,1,29.624,ok
188,91,191,77407,10,1,27.027,ok
188,92,192,77343,10,1,33.451,ok
188,93,193,77256,10,1,31.279,ok
188,94,194,76911,10,1,24.867,ok
188,95,195,77152,10,1,23.606,ok
188,96,196,76887,10,1,21.903,ok
188,97,197,76971,10,1,20.939,ok
188,98,198,77335,10,1,27.749,ok
188,99,199,77515,10,1,27.576,ok
193,0,100,77547,10,1,26.406,ok
193,1,101,77346,10,1,26.513,ok
193,2,102,77012,10,1,25.328,ok
193,3,103,77207,10,1,25.439,ok
193,4,104,77160,10,1,25.748,ok
193,5,105,77283,10,1,26.239,ok
193,6,106,76998,10,1,25.141,ok
193,7,107,77316,10,1,24.319,ok
193,8,108,77439,10,1,26.258,ok
193,9,109,77084,10,1,25.508,ok
193,10,110,77176,10,1,24.791,ok
193,11,111,77140,10,1,25.15,ok
193,12,112,76831,10,1,25.942,ok
193,13,113,77276,10,1,25.817,ok
193,14,114,77360,10,1,25.982,ok
193,15,115,76995,10,1,26.955,ok
193,16,116,77134,10,1,27.387,ok
193,17,117,77042,10,1,26.501,ok
193,18,118,76984,10,1,27.843,ok
193,19,119,77144,10,1,27.624,ok
193,20,120,77069,10,1,26.466,ok
193,21,121,76988,10,1,22.803,ok
193,22,122,77125,10,1,24.615,ok
193,23,123,77031,10,1,22.777,ok
193,24,124,77414,10,1,26.325,ok
193,25,125,77318,10,1,27.05,ok
193,26,126,77653,10,1,27.183,ok
193,27,127,76377,10,1,27.609,ok
193,28,128,77534,10,1,27.343,ok
193,29,129,77419,10,1,27.707,ok
193,30,130,77254,10,1,28.087,ok
193,31,131,77233,10,1,25.963,ok
193,32,132,76975,10,1,27.919,ok
193,33,133,77231,10,1,26.388,ok
193,34,134,76897,10,1,24.502,ok
193,35,135,77233,10,1,30.138,ok
193,36,136,77342,10,1,28.6,ok
193,37,137,76817,10,1,27.791,ok
193,38,138,77300,10,1,28.232,ok
193,39,139,77152,10,1,28.871,ok
193,40,140,77753,10,1,28.022,ok
193,41,141,77070,10,1,27.511,ok
193,42,142,77454,10,1,31.319,ok
193,43,143,77183,10,1,27.88,ok
193,44,144,77461,10,1,24.575,ok
193,45,145,76933,10,1,24.554,ok
193,46,146,77250,10,1,23.612,ok
193,47,147,76814,10,1,23.332,ok
193,48,148,77450,10,1,22.833,ok
193,49,149,77314,10,1,23.682,ok
193,50,150,77285,10,1,24.918,ok
193,51,151,77245,10,1,22.492,ok
193,52,152,77300,10,1,25.143,ok
193,53,153,76984,10,1,23.716,ok
193,54,154,76993,10,1,24.456,ok
193,55,155,77009,10,1,26.717,ok
193,56,156,77395,10,1,24.795,ok
193,57,157,77232,10,1,27.016,ok
193,58,158,77435,10,1,26.896,ok
193,59,159,77133,10,1,27.825,ok
193,60,160,76891,10,1,26.467,ok
193,61,161,77320,10,1,23.349,ok
193,62,162,77451,10,1,26.541,ok
193,63,163,76980,10,1,25.447,ok
193,64,164,77015,10,1,26.452,ok
193,65,165,76754,10,1,28.192,ok
193,66,166,77323,10,1,27.373,ok
193,67,167,77045,10,1,27.996,ok
193,68,168,77523,10,1,28.673,ok
193,69,169,77241,10,1,26.608,ok
193,70,170,77656,10,1,23.903,ok
193,71,171,77156,10,1,23.475,ok
193,72,172,77319,10,1,24.728,ok
193,73,173,76988,10,1,24.002,ok
193,74,174,77012,10,1,24.035,ok
193,75,175,77273,10,1,25.353,ok
193,76,176,77078,10,1,25.075,ok
193,77,177,77334,10,1,22.531,ok
193,78,178,76851,10,1,25.604,ok
193,79,179,77213,10,1,24.005,ok
193,80,180,77251,10,1,28.586,ok
193,81,181,77391,10,1,29.107,ok
193,82,182,77208,10,1,29.748,ok
193,83,183,77274,10,1,28.538,ok
193,84,184,77591,10,1,29.29,ok
193,85,185,77676,10,1,24.791,ok
193,86,186,76803,10,1,25.059,ok
193,87,187,77253,10,1,25.113,ok
193,88,188,77291,10,1,23.793,ok
193,89,189,76983,10,1,23.667,ok
193,90,190,77244,10,1,28.997,ok
193,91,191,76778,10,1,24.195,ok
193,92,192,76963,10,1,25.345,ok
193,93,193,77304,10,1,24.718,ok
193,94,194,77004,10,1,25.313,ok
193,95,195,77086,10,1,26.488,ok
193,96,196,77204,10,1,22.822,ok
193,97,197,77021,10,1,26.031,ok
193,98,198,77234,10,1,23.486,ok
193,99,199,76847,10,1,25.642,ok
205,0,100,72756,10,1,27.547,ok
205,1,101,72960,10,1,33.226,ok
205,2,102,73210,10,1,30.731,ok
205,3,103,73079,10,1,33.377,ok
205,4,104,73090,10,1,29.669,ok
205,5,105,73077,10,1,37.828,ok
205,6,106,72896,10,1,35.364,ok
205,7,107,72614,10,1,39.808,ok
205,8,108,72916,10,1,41.691,ok
205,9,109,73440,10,1,36.399,ok
205,10,110,72802,10,1,31.359,ok
205,11,111,72748,10,1,29.933,ok
205,12,112,73060,10,1,29.517,ok
205,13,113,73079,10,1,38.964,ok
205,14,114,73468,10,1,26.449,ok
205,15,115,73486,10,1,34.513,ok
205,16,116,72771,10,1,36.28,ok
205,17,117,72915,10,1,35.451,ok
205,18,118,73067,10,1,43.135,ok
205,19,119,73187,10,1,34.438,ok
205,20,120,72730,10,1,23.878,ok
205,21,121,72891,10,1,30.179,ok
205,22,122,72713,10,1,38.32,ok
205,23,123,73034,10,1,30.659,ok
205,24,124,72868,10,1,30.914,ok
205,25,125,72867,10,1,26.152,ok
205,26,126,72751,10,1,34.908,ok
205,27,127,72841,10,1,33.257,ok
205,28,128,73113,10,1,24.697,ok
205,29,129,73060,10,1,34.31,ok
205,30,130,72986,10,1,26.019,ok
205,31,131,72610,10,1,33.104,ok
205,32,132,73378,10,1,38.7,ok
205,33,133,73029,10,1,35.627,ok
205,34,134,73067,10,1,37.361,ok
205,35,135,72807,10,1,31.019,ok
205,36,136,73523,10,1,32.807,ok
205,37,137,73262,10,1,31.674,ok
205,38,138,73133,10,1,28.597,ok
205,39,139,73118,10,1,34.755,ok
205,40,140,72799,10,1,35.114,ok
205,41,141,73147,10,1,38.558,ok
205,42,142,73231,10,1,36.27,ok
205,43,143,73041,10,1,30.119,ok
205,44,144,73286,10,1,33.344,ok
205,45,145,73184,10,1,35.045,ok
205,46,146,72872,10,1,30.575,ok
205,47,147,72953,10,1,32.592,ok
205,48,148,73196,10,1,33.352,ok
205,49,149,73011,10,1,30.03,ok
205,50,150,73203,10,1,35.12,ok
205,51,151,73191,10,1,38.051,ok
205,52,152,72623,10,1,36.43,ok
205,53,153,73071,10,1,35.256,ok
205,54,154,73186,10,1,36.035,ok
205,55,155,72966,10,1,37.741,ok
205,56,156,73092,10,1,35.653,ok
205,57,157,72963,10,1,34.108,ok
205,58,158,72998,10,1,37.266,ok
205,59,159,72634,10,1,36.505,ok
205,60,160,73481,10,1,30.28,ok
205,61,161,73039,10,1,30.519,ok
205,62,162,73112,10,1,32.482,ok
205,63,163,72813,10,1,36.138,ok
205,64,164,73090,10,1,34.301,ok
205,65,165,73213,10,1,35.309,ok
205,66,166,73038,10,1,29.448,ok
205,67,167,73178,10,1,33.218,ok
205,68,168,73290,10,1,30.218,ok
205,69,169,72565,10,1,27.81,ok
205,70,170,72869,10,1,33.331,ok
205,71,171,72764,10,1,28.282,ok
205,72,172,73229,10,1,29.328,ok
205,73,173,73411,10,1,27.069,ok
205,74,174,72424,10,1,39.224,ok
205,75,175,73447,10,1,33.86,ok
205,76,176,72819,10,1,33.046,ok
205,77,177,73214,10,1,39.59,ok
205,78,178,72843,10,1,31.764,ok
205,79,179,73269,10,1,35.372,ok
205,80,180,73090,10,1,25.542,ok
205,81,181,73186,10,1,32.729,ok
205,82,182,73445,10,1,34.579,ok
205,83,183,73193,10,1,39.262,ok
205,84,184,72894,10,1,36.242,ok
205,85,185,72856,10,1,36.53,ok
205,86,186,72699,10,1,33.075,ok
205,87,187,72830,10,1,30.41,ok
205,88,188,72813,10,1,33.445,ok
205,89,189,73075,10,1,35.123,ok
205,90,190,72780,10,1,25.353,ok
205,91,191,73443,10,1,37.09,ok
205,92,192,73170,10,1,33.242,ok
205,93,193,73191,10,1,35.584,ok
205,94,194,72926,10,1,37.407,ok
205,95,195,72947,10,1,32.402,ok
205,96,196,72742,10,1,35.675,ok
205,97,197,73313,10,1,38.875,ok
205,98,198,73170,10,1,34.498,ok
205,99,199,73270,10,1,32.17,ok
227,0,100,77957,10,1,41.644,ok
227,1,101,77708,10,1,36.25,ok
227,2,102,77816,10,1,29.63,ok
227,3,103,77877,10,1,32.14,ok
227,4,104,77773,10,1,34.551,ok
227,5,105,78102,10,1,31.673,ok
227,6,106,78104,10,1,37.396,ok
227,7,107,77574,10,1,42.969,ok
227,8,108,77515,10,1,31.884,ok
227,9,109,77556,10,1,33.259,ok
227,10,110,77696,10,1,31.001,ok
227,11,111,78052,10,1,35.569,ok
227,12,112,77777,10,1,33.605,ok
227,13,113,77551,10,1,33.383,ok
227,14,114,78099,10,1,38.448,ok
227,15,115,77645,10,1,37.152,ok
227,16,116,77884,10,1,27.929,ok
227,17,117,78209,10,1,30.335,ok
227,18,118,77957,10,1,27.845,ok
227,19,119,78134,10,1,29.722,ok
227,20,120,77646,10,1,32.28,ok
227,21,121,77936,10,1,29.006,ok
227,22,122,77681,10,1,35.62,ok
227,23,123,77437,10,1,34.498,ok
227,24,124,77780,10,1,31.414,ok
227,25,125,78200,10,1,32.738,ok
227,26,126,77943,10,1,25.116,ok
227,27,127,78168,10,1,26.707,ok
227,28,128,77665,10,1,35.054,ok
227,29,129,77509,10,1,35.467,ok
227,30,130,77633,10,1,33.676,ok
227,31,131,78146,10,1,31.326,ok
227,32,132,77676,10,1,34.76,ok
227,33,133,77604,10,1,38.956,ok
227,34,134,78070,10,1,38.261,ok
227,35,135,77796,10,1,34.313,ok
227,36,136,78208,10,1,44.44,ok
227,37,137,77771,10,1,33.147,ok
227,38,138,77782,10,1,41.325,ok
227,39,139,78145,10,1,34.908,ok
227,40,140,77999,10,1,33.241,ok
227,41,141,78009,10,1,33.599,ok
227,42,142,77769,10,1,36.582,ok
227,43,143,77281,10,1,40.844,ok
227,44,144,78043,10,1,34.989,ok
227,45,145,77514,10,1,26.531,ok
227,46,146,77901,10,1,26.763,ok
227,47,147,77727,10,1,47.598,ok
227,48,148,77902,10,1,27.579,ok
227,49,149,77614,10,1,30.919,ok
227,50,150,78069,10,1,35.945,ok
227,51,151,77981,10,1,34.484,ok
227,52,152,77755,10,1,34.163,ok
227,53,153,77831,10,1,32.223,ok
227,54,154,77939,10,1,27.602,ok
227,55,155,77999,10,1,29.766,ok
227,56,156,77824,10,1,31.445,ok
227,57,157,78230,10,1,37.632,ok
227,58,158,77637,10,1,36.517,ok
227,59,159,77980,10,1,27.459,ok
227,60,160,78398,10,1,31.408,ok
227,61,161,77645,10,1,38.624,ok
227,62,162,77814,10,1,30.715,ok
227,63,163,77849,10,1,29.232,ok
227,64,164,77885,10,1,29.883,ok
227,65,165,78229,10,1,29.969,ok
227,66,166,77449,10,1,32.357,ok
227,67,167,78186,10,1,31.516,ok
227,68,168,77636,10,1,28.216,ok
227,69,169,77572,10,1,32.182,ok
227,70,170,77459,10,1,39.15,ok
227,71,171,77648,10,1,33.078,ok
227,72,172,77895,10,1,34.899,ok
227,73,173,78049,10,1,32.913,ok
227,74,174,77651,10,1,31.401,ok
227,75,175,77933,10,1,31.796,ok
227,76,176,77571,10,1,38.887,ok
227,77,177,77786,10,1,32.313,ok
227,78,178,77776,10,1,31.952,ok
227,79,179,77830,10,1,33.593,ok
227,80,180,77694,10,1,31.823,ok
227,81,181,77554,10,1,30.038,ok
227,82,182,77680,10,1,30.977,ok
227,83,183,78105,10,1,29.735,ok
227,84,184,78301,10,1,27.151,ok
227,85,185,77834,10,1,30.862,ok
227,86,186,77629,10,1,26.832,ok
227,87,187,77922,10,1,28.347,ok
227,88,188,77531,10,1,27.531,ok
227,89,189,78000,10,1,36.962,ok
227,90,190,77498,10,1,35.565,ok
227,91,191,78182,10,1,31.668,ok
227,92,192,77811,10,1,33.83,ok
227,93,193,78274,10,1,29.193,ok
227,94,194,77773,10,1,35.379,ok
227,95,195,77933,10,1,36.48,ok
227,96,196,77737,10,1,28.854,ok
227,97,197,78070,10,1,26.541,ok
227,98,198,77604,10,1,38.581,ok
227,99,199,77753,10,1,25.093,ok
233,0,100,73535,10,1,38.174,ok
233,1,101,73043,10,1,39.403,ok
233,2,102,73156,10,1,37.447,ok
233,3,103,73001,10,1,39.277,ok
233,4,104,72913,10,1,32.752,ok
233,5,105,73230,10,1,40.428,ok
233,6,106,73035,10,1,38.512,ok
233,7,107,73286,10,1,42.906,ok
233,8,108,72650,10,1,41.463,ok
233,9,109,73413,10,1,33.821,ok
233,10,110,73424,10,1,30.668,ok
233,11,111,73040,10,1,32.544,ok
233,12,112,73119,10,1,32.288,ok
233,13,113,72981,10,1,30.749,ok
233,14,114,72983,10,1,32.214,ok
233,15,115,73028,10,1,33.328,ok
233,16,116,72762,10,1,31.27,ok
233,17,117,73152,10,1,30.551,ok
233,18,118,72968,10,1,32.182,ok
233,19,119,72741,10,1,31.414,ok
233,20,120,73511,10,1,38.146,ok
233,21,121,73064,10,1,31.237,ok
233,22,122,73186,10,1,32.847,ok
233,23,123,73187,10,1,30.816,ok
233,24,124,72909,10,1,35.847,ok
233,25,125,72876,10,1,31.122,ok
233,26,126,72827,10,1,36.881,ok
233,27,127,73448,10,1,35.442,ok
233,28,128,73306,10,1,34.672,ok
233,29,129,73003,10,1,32.01,ok
233,30,130,73086,10,1,34.927,ok
233,31,131,72907,10,1,33.446,ok
233,32,132,73473,10,1,45.942,ok
233,33,133,73119,10,1,42.119,ok
233,34,134,73243,10,1,37.48,ok
233,35,135,73347,10,1,33.022,ok
233,36,136,73030,10,1,35.422,ok
233,37,137,72843,10,1,45.307,ok
233,38,138,73031,10,1,36.797,ok
233,39,139,73233,10,1,33.175,ok
233,40,140,72972,10,1,38.389,ok
233,41,141,73035,10,1,33.322,ok
233,42,142,72940,10,1,37.207,ok
233,43,143,72577,10,1,39.508,ok
233,44,144,72796,10,1,39.949,ok
233,45,145,73236,10,1,40.781,ok
233,46,146,72834,10,1,45.947,ok
233,47,147,72950,10,1,35.042,ok
233,48,148,73121,10,1,34.981,ok
233,49,149,73107,10,1,41.245,ok
233,50,150,73140,10,1,39.557,ok
233,51,151,72947,10,1,30.142,ok
233,52,152,72584,10,1,30.903,ok
233,53,153,73124,10,1,33.975,ok
233,54,154,73326,10,1,34.431,ok
233,55,155,73366,10,1,43.308,ok
233,56,156,73203,10,1,32.924,ok
233,57,157,73200,10,1,42.54,ok
233,58,158,73068,10,1,36.583,ok
233,59,159,73111,10,1,34.278,ok
233,60,160,73408,10,1,41.899,ok
233,61,161,73094,10,1,35.225,ok
233,62,162,72667,10,1,34.138,ok
233,63,163,73029,10,1,35.988,ok
233,64,164,73104,10,1,39.606,ok
233,65,165,72860,10,1,40.449,ok
233,66,166,73117,10,1,33.257,ok
233,67,167,72721,10,1,35.076,ok
233,68,168,73191,10,1,40.729,ok
233,69,169,72545,10,1,36.813,ok
233,70,170,72879,10,1,33.639,ok
233,71,171,73140,10,1,32.749,ok
233,72,172,72760,10,1,34.623,ok
233,73,173,73429,10,1,30.64,ok
233,74,174,73130,10,1,41.268,ok
233,75,175,73058,10,1,37.679,ok
233,76,176,72757,10,1,36.865,ok
233,77,177,72862,10,1,42.213,ok
233,78,178,73080,10,1,41.514,ok
233,79,179,72578,10,1,40.992,ok
233,80,180,72793,10,1,40.549,ok
233,81,181,72975,10,1,36.444,ok
233,82,182,73225,10,1,36.967,ok
233,83,183,73100,10,1,38.982,ok
233,84,184,72717,10,1,33.566,ok
233,85,185,73616,10,1,34.677,ok
233,86,186,73014,10,1,37.674,ok
233,87,187,73140,10,1,33.412,ok
233,88,188,73266,10,1,35.216,ok
233,89,189,72853,10,1,35.733,ok
233,90,190,72889,10,1,32.829,ok
233,91,191,72944,10,1,32.67,ok
233,92,192,73053,10,1,36.568,ok
233,93,193,72887,10,1,35.044,ok
233,94,194,73319,10,1,36.14,ok
233,95,195,73641,10,1,35.695,ok
233,96,196,73214,10,1,38.414,ok
233,97,197,73075,10,1,30.33,ok
233,98,198,72567,10,1,36.409,ok
233,99,199,72727,10,1,34.902,ok
237,0,100,77204,10,1,30.523,ok
237,1,101,77164,10,1,30.036,ok
237,2,102,77035,10,1,40.823,ok
237,3,103,77103,10,1,30.68,ok
237,4,104,77501,10,1,31.631,ok
237,5,105,76960,10,1,30.482,ok
237,6,106,77276,10,1,29.806,ok
237,7,107,77502,10,1,35.804,ok
237,8,108,77043,10,1,31.656,ok
237,9,109,77157,10,1,32.255,ok
237,10,110,76976,10,1,28.984,ok
237,11,111,76978,10,1,30.716,ok
237,12,112,77034,10,1,36.683,ok
237,13,113,77366,10,1,30.811,ok
237,14,114,77467,10,1,31.863,ok
237,15,115,77079,10,1,32.472,ok
237,16,116,77275,10,1,28.207,ok
237,17,117,76736,10,1,31.145,ok
237,18,118,77256,10,1,26.528,ok
237,19,119,77071,10,1,24.585,ok
237,20,120,76679,10,1,27.097,ok
237,21,121,77244,10,1,27.165,ok
237,22,122,76845,10,1,27.913,ok
237,23,123,77101,10,1,28.7,ok
237,24,124,77138,10,1,30.165,ok
237,25,125,76581,10,1,25.957,ok
237,26,126,77123,10,1,26.882,ok
237,27,127,76832,10,1,28.024,ok
237,28,128,76987,10,1,27.977,ok
237,29,129,77381,10,1,30.94,ok
237,30,130,77356,10,1,28.718,ok
237,31,131,76724,10,1,28.194,ok
237,32,132,76601,10,1,31.273,ok
237,33,133,77235,10,1,27.434,ok
237,34,134,77327,10,1,29.054,ok
237,35,135,77512,10,1,31.263,ok
237,36,136,77236,10,1,29.318,ok
237,37,137,77424,10,1,32.486,ok
237,38,138,77119,10,1,32.248,ok
237,39,139,76975,10,1,28.729,ok
237,40,140,76902,10,1,26.21,ok
237,41,141,77298,10,1,33.047,ok
237,42,142,77261,10,1,23.918,ok
237,43,143,77315,10,1,34.884,ok
237,44,144,76431,10,1,21.704,ok
237,45,145,76793,10,1,28.813,ok
237,46,146,77583,10,1,34.515,ok
237,47,147,76959,10,1,29.988,ok
237,48,148,77730,10,1,23.317,ok
237,49,149,77078,10,1,29.428,ok
237,50,150,77031,10,1,33.625,ok
237,51,151,77177,10,1,33.937,ok
237,52,152,77243,10,1,30.702,ok
237,53,153,76703,10,1,36.446,ok
237,54,154,77199,10,1,29.361,ok
237,55,155,76937,10,1,30.819,ok
237,56,156,76973,10,1,37.848,ok
237,57,157,76916,10,1,35.455,ok
237,58,158,77598,10,1,32.947,ok
237,59,159,77071,10,1,28.666,ok
237,60,160,77305,10,1,27.484,ok
237,61,161,76700,10,1,27.828,ok
237,62,162,77305,10,1,25.253,ok
237,63,163,76844,10,1,26.605,ok
237,64,164,76936,10,1,23.275,ok
237,65,165,77274,10,1,28.563,ok
237,66,166,76823,10,1,26.426,ok
237,67,167,76874,10,1,24.5,ok
237,68,168,77069,10,1,26.078,ok
237,69,169,77264,10,1,28.89,ok
237,70,170,76790,10,1,28.739,ok
237,71,171,77267,10,1,28.428,ok
237,72,172,76687,10,1,25.219,ok
237,73,173,77017,10,1,32.573,ok
237,74,174,77329,10,1,31.104,ok
237,75,175,77095,10,1,30.123,ok
237,76,176,77728,10,1,31.6,ok
237,77,177,76869,10,1,29.883,ok
237,78,178,77045,10,1,29.646,ok
237,79,179,77211,10,1,28.031,ok
237,80,180,76876,10,1,25.083,ok
237,81,181,77327,10,1,29.046,ok
237,82,182,77163,10,1,25.091,ok
237,83,183,77323,10,1,24.096,ok
237,84,184,76858,10,1,26.118,ok
237,85,185,77152,10,1,28.43,ok
237,86,186,77520,10,1,33.414,ok
237,87,187,76788,10,1,30.198,ok
237,88,188,77092,10,1,30.227,ok
237,89,189,77268,10,1,29.052,ok
237,90,190,76704,10,1,31.474,ok
237,91,191,77165,10,1,28.033,ok
237,92,192,77248,10,1,28.579,ok
237,93,193,77188,10,1,26.403,ok
237,94,194,77104,10,1,28.411,ok
237,95,195,77164,10,1,26.545,ok
237,96,196,77036,10,1,26.422,ok
237,97,197,76913,10,1,24.294,ok
237,98,198,77228,10,1,26.498,ok
237,99,199,77600,10,1,30.172,ok
245,0,100,77396,10,1,28.24,ok
245,1,101,77434,10,1,25.915,ok
245,2,102,77511,10,1,30.259,ok
245,3,103,77686,10,1,27.744,ok
245,4,104,77540,10,1,26.571,ok
245,5,105,77524,10,1,31.981,ok
245,6,106,78240,10,1,26.575,ok
245,7,107,77524,10,1,25.6,ok
245,8,108,77716,10,1,25.997,ok
245,9,109,77650,10,1,29.133,ok
245,10,110,77332,10,1,26.184,ok
245,11,111,78213,10,1,29.817,ok
245,12,112,77927,10,1,25.743,ok
245,13,113,77484,10,1,26.6,ok
245,14,114,77431,10,1,23.07,ok
245,15,115,77976,10,1,28.096,ok
245,16,116,77880,10,1,29.141,ok
245,17,117,77511,10,1,29.691,ok
245,18,118,78107,10,1,32.757,ok
245,19,119,77903,10,1,31.441,ok
245,20,120,77627,10,1,29.777,ok
245,21,121,77562,10,1,33.423,ok
245,22,122,77306,10,1,32.155,ok
245,23,123,77997,10,1,30.919,ok
245,24,124,77646,10,1,32.59,ok
245,25,125,78074,10,1,31.411,ok
245,26,126,77322,10,1,31.479,ok
245,27,127,77460,10,1,31.587,ok
245,28,128,77730,10,1,32.408,ok
245,29,129,77638,10,1,28.75,ok
245,30,130,77940,10,1,24.373,ok
245,31,131,77492,10,1,28.206,ok
245,32,132,77429,10,1,25.098,ok
245,33,133,77850,10,1,32.066,ok
245,34,134,77542,10,1,25.812,ok
245,35,135,77524,10,1,27.274,ok
245,36,136,77885,10,1,25.699,ok
245,37,137,77355,10,1,28.601,ok
245,38,138,77493,10,1,22.948,ok
245,39,139,77693,10,1,42.229,ok
245,40,140,77573,10,1,28.836,ok
245,41,141,77502,10,1,31.035,ok
245,42,142,77941,10,1,29.398,ok
245,43,143,77405,10,1,27.255,ok
245,44,144,77711,10,1,29.591,ok
245,45,145,77698,10,1,27.502,ok
245,46,146,77990,10,1,29.865,ok
245,47,147,77757,10,1,26.731,ok
245,48,148,77883,10,1,35.491,ok
245,49,149,77507,10,1,42.471,ok
245,50,150,78050,10,1,27.927,ok
245,51,151,77970,10,1,27.088,ok
245,52,152,77546,10,1,33.391,ok
245,53,153,77637,10,1,31.12,ok
245,54,154,77476,10,1,35.418,ok
245,55,155,77406,10,1,32.331,ok
245,56,156,77465,10,1,34.828,ok
245,57,157,77493,10,1,41.1,ok
245,58,158,77828,10,1,41.004,ok
245,59,159,77959,10,1,30.252,ok
245,60,160,77489,10,1,28.694,ok
245,61,161,77708,10,1,36.758,ok
245,62,162,77785,10,1,39.764,ok
245,63,163,77838,10,1,29.756,ok
245,64,164,77255,10,1,34.831,ok
245,65,165,77586,10,1,27.892,ok
245,66,166,77825,10,1,34.193,ok
245,67,167,77654,10,1,24.167,ok
245,68,168,77389,10,1,28.467,ok
245,69,169,77861,10,1,25.185,ok
245,70,170,77780,10,1,38.285,ok
245,71,171,77333,10,1,42.133,ok
245,72,172,77559,10,1,36.923,ok
245,73,173,77646,10,1,31.291,ok
245,74,174,77798,10,1,29.041,ok
245,75,175,77638,10,1,35.428,ok
245,76,176,77594,10,1,27.986,ok
245,77,177,77639,10,1,27.515,ok
245,78,178,77812,10,1,28.312,ok
245,79,179,77897,10,1,25.39,ok
245,80,180,77515,10,1,29.417,ok
245,81,181,77493,10,1,29.736,ok
245,82,182,77757,10,1,27.946,ok
245,83,183,77664,10,1,26.198,ok
245,84,184,77749,10,1,27.649,ok
245,85,185,77373,10,1,24.312,ok
245,86,186,77965,10,1,33.05,ok
245,87,187,77555,10,1,24.979,ok
245,88,188,77652,10,1,26.075,ok
245,89,189,77413,10,1,25.011,ok
245,90,190,77481,10,1,29.158,ok
245,91,191,77908,10,1,31.058,ok
245,92,192,77796,10,1,26.195,ok
245,93,193,77508,10,1,26.125,ok
245,94,194,77383,10,1,24.653,ok
245,95,195,77643,10,1,31.617,ok
245,96,196,77635,10,1,31.16,ok
245,97,197,77364,10,1,28.828,ok
245,98,198,77194,10,1,32.58,ok
245,99,199,77629,10,1,36.527,ok
258,0,100,75874,10,1,43.797,ok
258,1,101,75546,10,1,40.504,ok
258,2,102,75893,10,1,37.859,ok
258,3,103,75676,10,1,38.862,ok
258,4,104,75478,10,1,32.054,ok
258,5,105,75622,10,1,42.11,ok
258,6,106,75518,10,1,40.526,ok
258,7,107,76032,10,1,39.315,ok
258,8,108,76068,10,1,38.542,ok
258,9,109,75957,10,1,37.954,ok
258,10,110,75772,10,1,42.466,ok
258,11,111,75883,10,1,41.887,ok
258,12,112,75943,10,1,40.402,ok
258,13,113,75870,10,1,40.962,ok
258,14,114,75655,10,1,33.119,ok
258,15,115,75901,10,1,42.642,ok
258,16,116,75926,10,1,37.329,ok
258,17,117,75625,10,1,37.487,ok
258,18,118,76051,10,1,36.377,ok
258,19,119,75734,10,1,30.226,ok
258,20,120,75765,10,1,42.132,ok
258,21,121,75757,10,1,42.457,ok
258,22,122,75498,10,1,39.79,ok
258,23,123,75766,10,1,38.97,ok
258,24,124,75524,10,1,38.195,ok
258,25,125,75956,10,1,41.673,ok
258,26,126,75726,10,1,38.581,ok
258,27,127,76013,10,1,38.403,ok
258,28,128,76081,10,1,37.303,ok
258,29,129,75930,10,1,31.219,ok
258,30,130,76242,10,1,36.889,ok
258,31,131,75913,10,1,34.059,ok
258,32,132,75785,10,1,32.56,ok
258,33,133,75746,10,1,34.639,ok
258,34,134,76101,10,1,33.893,ok
258,35,135,75981,10,1,42.076,ok
258,36,136,76011,10,1,40.185,ok
258,37,137,76045,10,1,40.663,ok
258,38,138,75732,10,1,38.443,ok
258,39,139,75803,10,1,38.217,ok
258,40,140,75840,10,1,32.311,ok
258,41,141,75209,10,1,36.686,ok
258,42,142,75507,10,1,37.417,ok
258,43,143,75922,10,1,34.656,ok
258,44,144,75994,10,1,36.711,ok
258,45,145,75775,10,1,36.751,ok
258,46,146,75362,10,1,38.555,ok
258,47,147,76063,10,1,38.832,ok
258,48,148,75996,10,1,39.881,ok
258,49,149,75878,10,1,47.67,ok
258,50,150,75403,10,1,33.968,ok
258,51,151,75943,10,1,37.158,ok
258,52,152,75593,10,1,37.435,ok
258,53,153,75769,10,1,38.452,ok
258,54,154,75846,10,1,38.549,ok
258,55,155,75648,10,1,37.412,ok
258,56,156,76085,10,1,34.826,ok
258,57,157,75591,10,1,38.987,ok
258,58,158,75805,10,1,40.379,ok
258,59,159,75854,10,1,49.914,ok
258,60,160,76054,10,1,39.319,ok
258,61,161,75638,10,1,30.806,ok
258,62,162,75887,10,1,35.979,ok
258,63,163,76059,10,1,35.012,ok
258,64,164,75585,10,1,44.975,ok
258,65,165,75557,10,1,37.402,ok
258,66,166,75614,10,1,33.825,ok
258,67,167,75782,10,1,36.076,ok
258,68,168,75896,10,1,37.742,ok
258,69,169,75914,10,1,47.771,ok
258,70,170,75499,10,1,38.407,ok
258,71,171,75853,10,1,36.531,ok
258,72,172,75701,10,1,36.36,ok
258,73,173,75712,10,1,37.156,ok
258,74,174,75471,10,1,42.069,ok
258,75,175,75837,10,1,36.458,ok
258,76,176,75768,10,1,35.41,ok
258,77,177,75533,10,1,36.095,ok
258,78,178,75570,10,1,39.817,ok
258,79,179,75793,10,1,43.777,ok
258,80,180,75590,10,1,41.802,ok
258,81,181,75806,10,1,47.937,ok
258,82,182,75808,10,1,47.204,ok
258,83,183,75480,10,1,42.953,ok
258,84,184,75698,10,1,47.471,ok
258,85,185,75902,10,1,42.952,ok
258,86,186,75692,10,1,50.102,ok
258,87,187,76140,10,1,45.586,ok
258,88,188,75857,10,1,45.877,ok
258,89,189,75794,10,1,46.149,ok
258,90,190,75622,10,1,52.541,ok
258,91,191,75701,10,1,52.744,ok
258,92,192,75647,10,1,48.87,ok
258,93,193,75916,10,1,47.622,ok
258,94,194,75747,10,1,45.64,ok
258,95,195,75764,10,1,51.742,ok
258,96,196,75818,10,1,50.302,ok
258,97,197,75773,10,1,48.696,ok
258,98,198,75910,10,1,48.711,ok
258,99,199,75731,10,1,50.176,ok
262,0,100,76784,10,1,37.434,ok
262,1,101,76802,10,1,39.747,ok
262,2,102,76901,10,1,32.093,ok
262,3,103,76215,10,1,30.419,ok
262,4,104,76805,10,1,29.718,ok
262,5,105,76516,10,1,34.878,ok
262,6,106,76457,10,1,34.05,ok
262,7,107,76736,10,1,39.136,ok
262,8,108,77025,10,1,39.515,ok
262,9,109,76443,10,1,31.783,ok
262,10,110,77190,10,1,38.248,ok
262,11,111,76795,10,1,32.374,ok
262,12,112,76652,10,1,31.227,ok
262,13,113,76380,10,1,29.793,ok
262,14,114,76693,10,1,31.716,ok
262,15,115,76486,10,1,32.635,ok
262,16,116,76190,10,1,38.158,ok
262,17,117,76306,10,1,30.868,ok
262,18,118,76514,10,1,39.313,ok
262,19,119,76920,10,1,38.539,ok
262,20,120,76513,10,1,31.734,ok
262,21,121,76175,10,1,30.947,ok
262,22,122,76299,10,1,30.237,ok
262,23,123,76733,10,1,29.052,ok
262,24,124,76858,10,1,36.644,ok
262,25,125,76313,10,1,29.681,ok
262,26,126,76613,10,1,29.159,ok
262,27,127,76415,10,1,39.02,ok
262,28,128,76620,10,1,38.896,ok
262,29,129,76913,10,1,30.496,ok
262,30,130,76882,10,1,30.169,ok
262,31,131,77015,10,1,35.924,ok
262,32,132,76829,10,1,34.455,ok
262,33,133,76800,10,1,34.544,ok
262,34,134,76713,10,1,29.686,ok
262,35,135,77046,10,1,32.742,ok
262,36,136,76306,10,1,35.173,ok
262,37,137,76597,10,1,30.491,ok
262,38,138,76439,10,1,36.859,ok
262,39,139,76545,10,1,30.669,ok
262,40,140,76777,10,1,29.739,ok
262,41,141,76947,10,1,33.009,ok
262,42,142,76586,10,1,34.135,ok
262,43,143,76710,10,1,36.414,ok
262,44,144,76518,10,1,30.066,ok
262,45,145,76475,10,1,29.367,ok
262,46,146,76564,10,1,35.167,ok
262,47,147,76752,10,1,32.314,ok
262,48,148,76710,10,1,29.12,ok
262,49,149,76766,10,1,38.673,ok
262,50,150,77028,10,1,34.853,ok
262,51,151,76676,10,1,38.274,ok
262,52,152,76671,10,1,37.229,ok
262,53,153,76762,10,1,30.883,ok
262,54,154,76397,10,1,29.361,ok
262,55,155,76691,10,1,39.245,ok
262,56,156,76976,10,1,33.244,ok
262,57,157,76420,10,1,39.812,ok
262,58,158,76802,10,1,34.727,ok
262,59,159,76967,10,1,34.276,ok
262,60,160,76747,10,1,29.013,ok
262,61,161,76685,10,1,33.352,ok
262,62,162,76458,10,1,27.12,ok
262,63,163,76478,10,1,32.943,ok
262,64,164,76342,10,1,33.454,ok
262,65,165,76674,10,1,37.807,ok
262,66,166,76652,10,1,30.226,ok
262,67,167,76428,10,1,26.516,ok
262,68,168,76852,10,1,27.662,ok
262,69,169,76369,10,1,26.388,ok
262,70,170,76821,10,1,33.251,ok
262,71,171,76463,10,1,41.622,ok
262,72,172,76267,10,1,31.821,ok
262,73,173,76908,10,1,32.74,ok
262,74,174,76626,10,1,32.782,ok
262,75,175,76585,10,1,36.567,ok
262,76,176,76360,10,1,34.682,ok
262,77,177,76867,10,1,37.373,ok
262,78,178,76436,10,1,30.287,ok
262,79,179,76776,10,1,31.554,ok
262,80,180,76783,10,1,36.371,ok
262,81,181,76643,10,1,36.129,ok
262,82,182,76788,10,1,31.007,ok
262,83,183,76578,10,1,28.758,ok
262,84,184,76340,10,1,31.656,ok
262,85,185,76478,10,1,31.543,ok
262,86,186,76736,10,1,33.224,ok
262,87,187,76745,10,1,30.056,ok
262,88,188,76435,10,1,30.838,ok
262,89,189,76684,10,1,36.835,ok
262,90,190,76980,10,1,33.918,ok
262,91,191,76621,10,1,34.733,ok
262,92,192,76601,10,1,28.982,ok
262,93,193,76979,10,1,30.705,ok
262,94,194,76766,10,1,31.496,ok
262,95,195,76634,10,1,31.926,ok
262,96,196,76958,10,1,30.961,ok
262,97,197,76357,10,1,28.953,ok
262,98,198,76766,10,1,24.75,ok
262,99,199,76395,10,1,27.688,ok
263,0,100,77270,10,1,37.234,ok
263,1,101,77482,10,1,33.952,ok
263,2,102,77765,10,1,33.574,ok
263,3,103,77279,10,1,37.628,ok
263,4,104,77862,10,1,32.258,ok
263,5,105,77150,10,1,31.019,ok
263,6,106,77535,10,1,32.36,ok
263,7,107,77622,10,1,36.857,ok
263,8,108,77550,10,1,39.127,ok
263,9,109,77625,10,1,34.011,ok
263,10,110,77371,10,1,28.605,ok
263,11,111,77415,10,1,29.373,ok
263,12,112,77584,10,1,30.56,ok
263,13,113,77413,10,1,32.917,ok
263,14,114,77790,10,1,32.443,ok
263,15,115,77728,10,1,34.378,ok
263,16,116,77470,10,1,35.706,ok
263,17,117,77478,10,1,40.482,ok
263,18,118,77625,10,1,41.686,ok
263,19,119,77562,10,1,38.122,ok
263,20,120,77591,10,1,25.261,ok
263,21,121,77585,10,1,26.066,ok
263,22,122,77812,10,1,27.79,ok
263,23,123,77657,10,1,36.332,ok
263,24,124,77167,10,1,29.029,ok
263,25,125,77390,10,1,30.404,ok
263,26,126,77538,10,1,32.369,ok
263,27,127,77391,10,1,39.535,ok
263,28,128,77554,10,1,39.447,ok
263,29,129,77591,10,1,30.601,ok
263,30,130,77644,10,1,41.422,ok
263,31,131,77563,10,1,41.75,ok
263,32,132,77059,10,1,35.492,ok
263,33,133,77455,10,1,29.452,ok
263,34,134,77320,10,1,27.958,ok
263,35,135,77209,10,1,36.699,ok
263,36,136,78157,10,1,35.098,ok
263,37,137,77584,10,1,30.159,ok
263,38,138,77115,10,1,33.349,ok
263,39,139,77722,10,1,30.571,ok
263,40,140,77231,10,1,40.294,ok
263,41,141,77744,10,1,31.697,ok
263,42,142,77566,10,1,35.809,ok
263,43,143,77816,10,1,36.386,ok
263,44,144,77487,10,1,36.296,ok
263,45,145,77140,10,1,35.259,ok
263,46,146,77840,10,1,32.243,ok
263,47,147,77368,10,1,32.443,ok
263,48,148,77319,10,1,34.421,ok
263,49,149,78083,10,1,33.053,ok
263,50,150,77273,10,1,37.296,ok
263,51,151,77314,10,1,32.485,ok
263,52,152,77284,10,1,28.441,ok
263,53,153,77822,10,1,31.766,ok
263,54,154,77638,10,1,27.361,ok
263,55,155,77584,10,1,38.659,ok
263,56,156,77558,10,1,33.224,ok
263,57,157,77574,10,1,28.025,ok
263,58,158,77390,10,1,29.357,ok
263,59,159,77292,10,1,33.772,ok
263,60,160,77877,10,1,30.984,ok
263,61,161,77198,10,1,29.479,ok
263,62,162,77160,10,1,30.364,ok
263,63,163,77542,10,1,38.658,ok
263,64,164,77484,10,1,35.357,ok
263,65,165,77417,10,1,36.578,ok
263,66,166,77770,10,1,32.451,ok
263,67,167,77598,10,1,42.534,ok
263,68,168,77636,10,1,34.689,ok
263,69,169,77427,10,1,36.164,ok
263,70,170,77416,10,1,41.42,ok
263,71,171,77913,10,1,42.115,ok
263,72,172,77173,10,1,42.019,ok
263,73,173,77523,10,1,43.378,ok
263,74,174,77709,10,1,35.257,ok
263,75,175,77380,10,1,30.788,ok
263,76,176,77501,10,1,27.085,ok
263,77,177,77367,10,1,33.646,ok
263,78,178,77371,10,1,28.559,ok
263,79,179,77329,10,1,36.289,ok
263,80,180,77731,10,1,40.934,ok
263,81,181,77818,10,1,32.704,ok
263,82,182,77040,10,1,33.505,ok
263,83,183,77766,10,1,32.209,ok
263,84,184,77670,10,1,28.688,ok
263,85,185,77674,10,1,29.523,ok
263,86,186,77733,10,1,28.891,ok
263,87,187,77557,10,1,30.755,ok
263,88,188,77685,10,1,32.686,ok
263,89,189,77630,10,1,33.351,ok
263,90,190,77553,10,1,32.715,ok
263,91,191,77497,10,1,27.772,ok
263,92,192,77431,10,1,36.594,ok
263,93,193,77859,10,1,36.232,ok
263,94,194,77473,10,1,36.997,ok
263,95,195,77603,10,1,43.57,ok
263,96,196,77606,10,1,35.922,ok
263,97,197,77300,10,1,37.13,ok
263,98,198,77247,10,1,39.302,ok
263,99,199,77468,10,1,32.549,ok
275,0,100,75828,10,1,37.455,ok
275,1,101,75148,10,1,29.279,ok
275,2,102,75520,10,1,36.391,ok
275,3,103,75344,10,1,41.022,ok
275,4,104,75515,10,1,33.573,ok
275,5,105,75625,10,1,32.197,ok
275,6,106,75277,10,1,26.351,ok
275,7,107,75710,10,1,27.346,ok
275,8,108,75540,10,1,41.638,ok
275,9,109,75814,10,1,34.721,ok
275,10,110,75883,10,1,36.579,ok
275,11,111,75951,10,1,31.25,ok
275,12,112,75932,10,1,37.419,ok
275,13,113,75359,10,1,30.59,ok
275,14,114,75345,10,1,34.784,ok
275,15,115,75724,10,1,26.005,ok
275,16,116,75357,10,1,39.468,ok
275,17,117,75912,10,1,28.465,ok
275,18,118,75818,10,1,34.133,ok
275,19,119,75396,10,1,30.089,ok
275,20,120,75473,10,1,31.474,ok
275,21,121,75440,10,1,34.966,ok
275,22,122,75827,10,1,35.256,ok
275,23,123,75511,10,1,30.657,ok
275,24,124,75662,10,1,32.511,ok
275,25,125,75420,10,1,28.289,ok
275,26,126,75507,10,1,34.06,ok
275,27,127,75625,10,1,29.676,ok
275,28,128,75422,10,1,28.289,ok
275,29,129,75656,10,1,31.594,ok
275,30,130,75701,10,1,34.316,ok
275,31,131,75942,10,1,31.123,ok
275,32,132,75889,10,1,30.406,ok
275,33,133,75395,10,1,29.356,ok
275,34,134,75425,10,1,32.462,ok
275,35,135,75784,10,1,32.465,ok
275,36,136,75181,10,1,37.257,ok
275,37,137,75831,10,1,36.189,ok
275,38,138,75263,10,1,29.568,ok
275,39,139,75453,10,1,34.802,ok
275,40,140,75954,10,1,36.827,ok
275,41,141,75778,10,1,34.084,ok
275,42,142,75412,10,1,29.846,ok
275,43,143,75321,10,1,29.448,ok
275,44,144,75480,10,1,37.185,ok
275,45,145,75785,10,1,31.935,ok
275,46,146,75449,10,1,36.876,ok
275,47,147,75695,10,1,30.164,ok
275,48,148,75180,10,1,32.47,ok
275,49,149,75604,10,1,37.505,ok
275,50,150,75462,10,1,28.028,ok
275,51,151,75534,10,1,29.338,ok
275,52,152,75541,10,1,28.517,ok
275,53,153,75379,10,1,35.525,ok
275,54,154,75946,10,1,31.406,ok
275,55,155,75587,10,1,31.405,ok
275,56,156,75836,10,1,32.1,ok
275,57,157,75799,10,1,41.871,ok
275,58,158,75182,10,1,29.181,ok
275,59,159,75576,10,1,39.386,ok
275,60,160,75977,10,1,27.709,ok
275,61,161,75638,10,1,23.252,ok
275,62,162,75343,10,1,38.706,ok
275,63,163,75619,10,1,23.687,ok
275,64,164,75784,10,1,36.33,ok
275,65,165,75273,10,1,28.044,ok
275,66,166,75521,10,1,30.634,ok
275,67,167,75360,10,1,38.421,ok
275,68,168,75881,10,1,28.503,ok
275,69,169,75115,10,1,40.076,ok
275,70,170,75337,10,1,24.794,ok
275,71,171,75263,10,1,26.721,ok
275,72,172,75449,10,1,33.449,ok
275,73,173,75447,10,1,33.986,ok
275,74,174,75179,10,1,32.464,ok
275,75,175,75351,10,1,41.79,ok
275,76,176,75645,10,1,30.678,ok
275,77,177,75508,10,1,36.673,ok
275,78,178,75737,10,1,35.49,ok
275,79,179,75455,10,1,43.69,ok
275,80,180,75460,10,1,33.568,ok
275,81,181,75544,10,1,36.403,ok
275,82,182,75361,10,1,42.853,ok
275,83,183,75530,10,1,35.709,ok
275,84,184,75406,10,1,35.846,ok
275,85,185,75602,10,1,32.359,ok
275,86,186,75591,10,1,41.456,ok
275,87,187,75517,10,1,33.77,ok
275,88,188,75413,10,1,42.071,ok
275,89,189,75624,10,1,39.99,ok
275,90,190,75328,10,1,36.279,ok
275,91,191,75261,10,1,36.729,ok
275,92,192,75188,10,1,35.839,ok
275,93,193,75299,10,1,37.104,ok
275,94,194,75488,10,1,43.619,ok
275,95,195,75425,10,1,30.504,ok
275,96,196,75893,10,1,37.604,ok
275,97,197,75816,10,1,32.504,ok
275,98,198,75662,10,1,32.79,ok
275,99,199,75587,10,1,30.995,ok
279,0,100,77723,10,1,31.787,ok
279,1,101,77772,10,1,31.141,ok
279,2,102,77599,10,1,30.534,ok
279,3,103,77762,10,1,31.741,ok
279,4,104,77981,10,1,31.251,ok
279,5,105,77579,10,1,27.775,ok
279,6,106,77185,10,1,27.088,ok
279,7,107,77931,10,1,32.26,ok
279,8,108,77870,10,1,24.843,ok
279,9,109,77748,10,1,24.106,ok
279,10,110,78020,10,1,30.49,ok
279,11,111,77936,10,1,36.026,ok
279,12,112,77901,10,1,32.754,ok
279,13,113,77820,10,1,27.836,ok
279,14,114,77768,10,1,32.186,ok
279,15,115,78280,10,1,34.133,ok
279,16,116,78039,10,1,31.309,ok
279,17,117,77662,10,1,32.257,ok
279,18,118,78254,10,1,31.284,ok
279,19,119,78376,10,1,30.91,ok
279,20,120,77787,10,1,30.367,ok
279,21,121,78080,10,1,28.312,ok
279,22,122,77724,10,1,28.722,ok
279,23,123,77848,10,1,22.749,ok
279,24,124,78263,10,1,28.465,ok
279,25,125,77538,10,1,29.649,ok
279,26,126,77943,10,1,28.65,ok
279,27,127,77579,10,1,26.5,ok
279,28,128,78247,10,1,26.722,ok
279,29,129,78136,10,1,25.539,ok
279,30,130,77889,10,1,29.46,ok
279,31,131,77317,10,1,26.737,ok
279,32,132,77805,10,1,28.736,ok
279,33,133,77911,10,1,27.19,ok
279,34,134,77807,10,1,27.307,ok
279,35,135,77695,10,1,33.498,ok
279,36,136,77948,10,1,31.485,ok
279,37,137,78105,10,1,31.96,ok
279,38,138,77687,10,1,31.723,ok
279,39,139,77855,10,1,39.159,ok
279,40,140,77755,10,1,29.172,ok
279,41,141,77815,10,1,26.617,ok
279,42,142,77704,10,1,31.513,ok
279,43,143,77878,10,1,27.915,ok
279,44,144,77980,10,1,40.402,ok
279,45,145,78152,10,1,30.916,ok
279,46,146,77834,10,1,30.616,ok
279,47,147,77455,10,1,32.317,ok
279,48,148,78014,10,1,42.216,ok
279,49,149,78128,10,1,42.449,ok
279,50,150,77706,10,1,26.795,ok
279,51,151,77835,10,1,36.204,ok
279,52,152,77893,10,1,41.518,ok
279,53,153,78052,10,1,36.234,ok
279,54,154,78072,10,1,34.934,ok
279,55,155,77567,10,1,32.634,ok
279,56,156,78213,10,1,35.757,ok
279,57,157,78188,10,1,46.183,ok
279,58,158,77897,10,1,36.533,ok
279,59,159,77722,10,1,34.659,ok
279,60,160,77623,10,1,28.504,ok
279,61,161,77812,10,1,30.631,ok
279,62,162,77705,10,1,36.297,ok
279,63,163,77674,10,1,36.076,ok
279,64,164,78208,10,1,33.249,ok
279,65,165,77627,10,1,25.954,ok
279,66,166,78010,10,1,31.032,ok
279,67,167,77758,10,1,37.634,ok
279,68,168,77951,10,1,35.025,ok
279,69,169,77969,10,1,31.769,ok
279,70,170,77846,10,1,31.9,ok
279,71,171,77875,10,1,38.928,ok
279,72,172,77589,10,1,33.025,ok
279,73,173,78343,10,1,29.038,ok
279,74,174,77625,10,1,24.603,ok
279,75,175,77792,10,1,43.552,ok
279,76,176,78156,10,1,28.664,ok
279,77,177,78024,10,1,32.042,ok
279,78,178,78097,10,1,34.373,ok
279,79,179,78257,10,1,33.107,ok
279,80,180,77738,10,1,43.839,ok
279,81,181,77886,10,1,34.448,ok
279,82,182,77638,10,1,30.52,ok
279,83,183,77641,10,1,32.022,ok
279,84,184,78329,10,1,31.857,ok
279,85,185,77588,10,1,30.767,ok
279,86,186,77704,10,1,31.468,ok
279,87,187,77886,10,1,31.899,ok
279,88,188,77704,10,1,35.107,ok
279,89,189,77968,10,1,28.665,ok
279,90,190,77872,10,1,35.727,ok
279,91,191,77568,10,1,33.872,ok
279,92,192,77934,10,1,29.94,ok
279,93,193,77772,10,1,35.304,ok
279,94,194,77603,10,1,39.945,ok
279,95,195,77968,10,1,27.758,ok
279,96,196,77952,10,1,30.887,ok
279,97,197,78000,10,1,32.822,ok
279,98,198,77896,10,1,33.524,ok
279,99,199,77796,10,1,38.233,ok
297,0,100,77190,10,1,26.621,ok
297,1,101,77224,10,1,25.295,ok
297,2,102,77214,10,1,27.313,ok
297,3,103,76857,10,1,26.973,ok
297,4,104,77050,10,1,27.268,ok
297,5,105,77026,10,1,29.716,ok
297,6,106,77146,10,1,22.037,ok
297,7,107,77014,10,1,24.365,ok
297,8,108,76899,10,1,23.005,ok
297,9,109,77107,10,1,25.539,ok
297,10,110,77024,10,1,25.012,ok
297,11,111,76601,10,1,24.659,ok
297,12,112,76811,10,1,26.034,ok
297,13,113,76889,10,1,22.007,ok
297,14,114,76862,10,1,24.898,ok
297,15,115,76889,10,1,25.07,ok
297,16,116,76817,10,1,24.065,ok
297,17,117,76442,10,1,25.569,ok
297,18,118,76928,10,1,25.803,ok
297,19,119,76841,10,1,36.058,ok
297,20,120,77108,10,1,21.845,ok
297,21,121,77029,10,1,24.136,ok
297,22,122,77009,10,1,23.036,ok
297,23,123,77599,10,1,23.303,ok
297,24,124,76890,10,1,32.464,ok
297,25,125,77036,10,1,26.219,ok
297,26,126,76961,10,1,27.236,ok
297,27,127,76938,10,1,26.651,ok
297,28,128,77027,10,1,29.087,ok
297,29,129,76961,10,1,27.48,ok
297,30,130,76757,10,1,25.677,ok
297,31,131,77169,10,1,27.694,ok
297,32,132,76751,10,1,27.813,ok
297,33,133,77097,10,1,38.005,ok
297,34,134,76870,10,1,30.261,ok
297,35,135,77140,10,1,31.109,ok
297,36,136,77342,10,1,30.152,ok
297,37,137,77191,10,1,31.579,ok
297,38,138,76957,10,1,28.1,ok
297,39,139,76971,10,1,36.086,ok
297,40,140,77244,10,1,32.073,ok
297,41,141,76749,10,1,31.019,ok
297,42,142,76868,10,1,29.339,ok
297,43,143,77003,10,1,28.983,ok
297,44,144,77291,10,1,33.091,ok
297,45,145,77224,10,1,31.122,ok
297,46,146,76849,10,1,30.812,ok
297,47,147,77006,10,1,30.996,ok
297,48,148,76821,10,1,28.815,ok
297,49,149,77248,10,1,35.917,ok
297,50,150,76889,10,1,32.532,ok
297,51,151,76648,10,1,29.537,ok
297,52,152,76736,10,1,30.441,ok
297,53,153,76944,10,1,30.987,ok
297,54,154,76968,10,1,37.118,ok
297,55,155,77059,10,1,32.828,ok
297,56,156,77415,10,1,32.225,ok
297,57,157,77015,10,1,30.4,ok
297,58,158,77438,10,1,28.856,ok
297,59,159,77134,10,1,32.778,ok
297,60,160,77091,10,1,31.144,ok
297,61,161,76863,10,1,29.522,ok
297,62,162,77342,10,1,25.92,ok
297,63,163,77191,10,1,26.394,ok
297,64,164,76984,10,1,26.346,ok
297,65,165,76653,10,1,31.724,ok
297,66,166,77175,10,1,31.991,ok
297,67,167,76939,10,1,29.491,ok
297,68,168,76640,10,1,29.097,ok
297,69,169,77144,10,1,31.571,ok
297,70,170,77053,10,1,30.827,ok
297,71,171,77199,10,1,30.396,ok
297,72,172,77055,10,1,29.764,ok
297,73,173,77410,10,1,28.641,ok
297,74,174,76350,10,1,36.803,ok
297,75,175,77301,10,1,26.857,ok
297,76,176,77352,10,1,27.593,ok
297,77,177,77297,10,1,27.733,ok
297,78,178,76597,10,1,29.5,ok
297,79,179,77109,10,1,32.231,ok
297,80,180,76983,10,1,30.57,ok
297,81,181,76723,10,1,30.708,ok
297,82,182,77169,10,1,30.549,ok
297,83,183,77384,10,1,30.55,ok
297,84,184,77561,10,1,29.703,ok
297,85,185,77461,10,1,35.334,ok
297,86,186,77373,10,1,33.846,ok
297,87,187,77189,10,1,34.12,ok
297,88,188,76966,10,1,33.855,ok
297,89,189,77267,10,1,34.401,ok
297,90,190,76648,10,1,35.5,ok
297,91,191,77043,10,1,33.315,ok
297,92,192,76870,10,1,34.551,ok
297,93,193,76841,10,1,35.258,ok
297,94,194,77178,10,1,31.637,ok
297,95,195,77087,10,1,33.727,ok
297,96,196,76709,10,1,32.861,ok
297,97,197,76941,10,1,35.327,ok
297,98,198,77147,10,1,31.683,ok
297,99,199,76923,10,1,31.472,ok
312,0,100,78800,10,1,33.861,ok
312,1,101,78994,10,1,30.887,ok
312,2,102,78997,10,1,28.843,ok
312,3,103,79016,10,1,28.82,ok
312,4,104,79056,10,1,32.633,ok
312,5,105,79203,10,1,27.906,ok
312,6,106,78526,10,1,27.886,ok
312,7,107,79188,10,1,27.399,ok
312,8,108,78369,10,1,29.228,ok
312,9,109,78366,10,1,30.909,ok
312,10,110,78688,10,1,31.314,ok
312,11,111,78761,10,1,29.882,ok
312,12,112,79177,10,1,35.058,ok
312,13,113,78749,10,1,32.025,ok
312,14,114,78744,10,1,33.306,ok
312,15,115,79126,10,1,27.102,ok
312,16,116,78890,10,1,29.963,ok
312,17,117,78998,10,1,29.459,ok
312,18,118,78901,10,1,33.935,ok
312,19,119,79235,10,1,33.89,ok
312,20,120,79039,10,1,30.815,ok
312,21,121,78994,10,1,30.683,ok
312,22,122,78888,10,1,31.797,ok
312,23,123,78396,10,1,32.828,ok
312,24,124,78988,10,1,31.552,ok
312,25,125,78869,10,1,30.219,ok
312,26,126,78567,10,1,33.748,ok
312,27,127,78793,10,1,34.388,ok
312,28,128,79371,10,1,33.881,ok
312,29,129,79579,10,1,37.979,ok
312,30,130,79089,10,1,33.163,ok
312,31,131,79173,10,1,31.394,ok
312,32,132,78975,10,1,30.828,ok
312,33,133,79100,10,1,31.639,ok
312,34,134,79170,10,1,39.696,ok
312,35,135,78932,10,1,30.791,ok
312,36,136,79128,10,1,31.545,ok
312,37,137,79160,10,1,32.026,ok
312,38,138,79205,10,1,32.035,ok
312,39,139,78975,10,1,39.025,ok
312,40,140,79063,10,1,33.089,ok
312,41,141,79000,10,1,33.194,ok
312,42,142,78536,10,1,31.43,ok
312,43,143,79109,10,1,31.18,ok
312,44,144,78674,10,1,32.205,ok
312,45,145,78673,10,1,31.824,ok
312,46,146,79312,10,1,30.107,ok
312,47,147,78774,10,1,33.951,ok
312,48,148,78945,10,1,25.005,ok
312,49,149,78933,10,1,27.472,ok
312,50,150,78751,10,1,32.274,ok
312,51,151,79119,10,1,39.472,ok
312,52,152,78611,10,1,33.523,ok
312,53,153,78795,10,1,37.977,ok
312,54,154,78861,10,1,31.111,ok
312,55,155,78977,10,1,33.81,ok
312,56,156,78898,10,1,30.257,ok
312,57,157,79207,10,1,32.804,ok
312,58,158,79082,10,1,33.231,ok
312,59,159,78881,10,1,30.369,ok
312,60,160,79254,10,1,35.052,ok
312,61,161,79346,10,1,25.57,ok
312,62,162,79058,10,1,31.708,ok
312,63,163,79071,10,1,24.269,ok
312,64,164,79039,10,1,28.849,ok
312,65,165,78999,10,1,29.219,ok
312,66,166,78825,10,1,32.695,ok
312,67,167,78687,10,1,24.703,ok
312,68,168,79029,10,1,27.96,ok
312,69,169,79067,10,1,24.994,ok
312,70,170,78637,10,1,30.288,ok
312,71,171,79059,10,1,34.523,ok
312,72,172,78625,10,1,28.903,ok
312,73,173,79200,10,1,26.665,ok
312,74,174,78663,10,1,27.894,ok
312,75,175,78885,10,1,30.204,ok
312,76,176,78642,10,1,37.121,ok
312,77,177,79135,10,1,30.947,ok
312,78,178,79321,10,1,29.281,ok
312,79,179,79236,10,1,30.01,ok
312,80,180,78579,10,1,30.491,ok
312,81,181,79164,10,1,31.987,ok
312,82,182,79197,10,1,30.675,ok
312,83,183,78513,10,1,31.821,ok
312,84,184,78876,10,1,32.086,ok
312,85,185,78579,10,1,25.296,ok
312,86,186,78753,10,1,27.046,ok
312,87,187,79607,10,1,27.783,ok
312,88,188,78988,10,1,28.849,ok
312,89,189,78603,10,1,31.11,ok
312,90,190,78836,10,1,27.491,ok
312,91,191,79103,10,1,28.676,ok
312,92,192,79086,10,1,35.084,ok
312,93,193,78807,10,1,30.396,ok
312,94,194,79057,10,1,31.82,ok
312,95,195,78789,10,1,28.117,ok
312,96,196,79181,10,1,28.897,ok
312,97,197,78988,10,1,31.145,ok
312,98,198,78621,10,1,27.831,ok
312,99,199,78718,10,1,31.667,ok
327,0,100,77795,10,1,34.388,ok
327,1,101,77214,10,1,32.694,ok
327,2,102,77790,10,1,33.94,ok
327,3,103,77237,10,1,33.845,ok
327,4,104,77339,10,1,34.762,ok
327,5,105,77500,10,1,32.717,ok
327,6,106,77295,10,1,34.955,ok
327,7,107,77576,10,1,34.424,ok
327,8,108,77473,10,1,32.43,ok
327,9,109,77457,10,1,34.955,ok
327,10,110,77397,10,1,32.521,ok
327,11,111,77681,10,1,30.231,ok
327,12,112,77844,10,1,32.403,ok
327,13,113,77535,10,1,30.325,ok
327,14,114,77849,10,1,33.734,ok
327,15,115,77264,10,1,31.053,ok
327,16,116,77286,10,1,32.742,ok
327,17,117,77427,10,1,32.122,ok
327,18,118,77848,10,1,32.718,ok
327,19,119,77664,10,1,30.917,ok
327,20,120,77169,10,1,29.933,ok
327,21,121,77100,10,1,29.779,ok
327,22,122,77408,10,1,31.094,ok
327,23,123,77711,10,1,29.313,ok
327,24,124,77240,10,1,29.166,ok
327,25,125,77248,10,1,34.665,ok
327,26,126,77192,10,1,39.138,ok
327,27,127,77480,10,1,35.137,ok
327,28,128,77484,10,1,36.309,ok
327,29,129,77317,10,1,31.668,ok
327,30,130,77389,10,1,37.037,ok
327,31,131,77218,10,1,35.291,ok
327,32,132,77398,10,1,35.202,ok
327,33,133,77639,10,1,32.694,ok
327,34,134,77744,10,1,32.992,ok
327,35,135,77549,10,1,34.296,ok
327,36,136,77526,10,1,34.324,ok
327,37,137,77467,10,1,35.724,ok
327,38,138,77571,10,1,35.094,ok
327,39,139,77648,10,1,30.089,ok
327,40,140,77852,10,1,35.848,ok
327,41,141,77917,10,1,37.7,ok
327,42,142,77643,10,1,37.542,ok
327,43,143,77506,10,1,34.333,ok
327,44,144,77798,10,1,33.772,ok
327,45,145,77489,10,1,35.368,ok
327,46,146,77441,10,1,34.384,ok
327,47,147,77149,10,1,37.987,ok
327,48,148,77528,10,1,34.429,ok
327,49,149,77594,10,1,31.286,ok
327,50,150,78118,10,1,34.837,ok
327,51,151,77607,10,1,35.31,ok
327,52,152,77421,10,1,37.471,ok
327,53,153,77439,10,1,34.038,ok
327,54,154,77570,10,1,32.954,ok
327,55,155,77446,10,1,37.757,ok
327,56,156,77365,10,1,35.509,ok
327,57,157,77110,10,1,36.476,ok
327,58,158,77608,10,1,33.255,ok
327,59,159,77389,10,1,36.288,ok
327,60,160,77530,10,1,37.243,ok
327,61,161,77419,10,1,35.113,ok
327,62,162,77408,10,1,35.084,ok
327,63,163,77262,10,1,34.627,ok
327,64,164,77402,10,1,35.029,ok
327,65,165,77138,10,1,30.009,ok
327,66,166,77357,10,1,27.981,ok
327,67,167,77379,10,1,24.821,ok
327,68,168,77550,10,1,34.535,ok
327,69,169,77743,10,1,25.064,ok
327,70,170,77627,10,1,30.165,ok
327,71,171,77255,10,1,27.035,ok
327,72,172,77340,10,1,27.445,ok
327,73,173,77658,10,1,26.566,ok
327,74,174,77179,10,1,23.517,ok
327,75,175,77074,10,1,28.735,ok
327,76,176,77561,10,1,29.902,ok
327,77,177,77389,10,1,27.766,ok
327,78,178,77717,10,1,28.447,ok
327,79,179,77342,10,1,24.809,ok
327,80,180,77314,10,1,26.332,ok
327,81,181,77424,10,1,24.837,ok
327,82,182,77701,10,1,26.456,ok
327,83,183,77703,10,1,22.977,ok
327,84,184,77355,10,1,21.37,ok
327,85,185,77802,10,1,29.83,ok
327,86,186,78170,10,1,29.775,ok
327,87,187,77525,10,1,31.0,ok
327,88,188,77456,10,1,23.64,ok
327,89,189,77569,10,1,26.176,ok
327,90,190,77635,10,1,28.653,ok
327,91,191,77361,10,1,25.904,ok
327,92,192,77702,10,1,24.434,ok
327,93,193,77324,10,1,31.097,ok
327,94,194,77572,10,1,22.915,ok
327,95,195,77988,10,1,28.93,ok
327,96,196,77426,10,1,25.599,ok
327,97,197,77472,10,1,33.127,ok
327,98,198,77435,10,1,26.47,ok
327,99,199,77559,10,1,28.152,ok
329,0,100,77171,10,1,35.567,ok
329,1,101,76724,10,1,37.533,ok
329,2,102,76717,10,1,41.901,ok
329,3,103,76949,10,1,35.595,ok
329,4,104,76977,10,1,35.59,ok
329,5,105,76855,10,1,46.573,ok
329,6,106,76678,10,1,38.349,ok
329,7,107,76841,10,1,36.944,ok
329,8,108,76919,10,1,35.081,ok
329,9,109,76636,10,1,35.475,ok
329,10,110,76582,10,1,33.679,ok
329,11,111,76821,10,1,34.729,ok
329,12,112,77022,10,1,33.326,ok
329,13,113,77025,10,1,31.938,ok
329,14,114,76831,10,1,38.407,ok
329,15,115,77278,10,1,34.767,ok
329,16,116,76841,10,1,31.582,ok
329,17,117,76940,10,1,31.985,ok
329,18,118,76748,10,1,32.322,ok
329,19,119,76698,10,1,34.643,ok
329,20,120,76600,10,1,35.988,ok
329,21,121,77204,10,1,41.349,ok
329,22,122,76401,10,1,34.968,ok
329,23,123,76524,10,1,35.011,ok
329,24,124,77024,10,1,36.149,ok
329,25,125,76503,10,1,32.336,ok
329,26,126,76780,10,1,39.054,ok
329,27,127,76373,10,1,31.862,ok
329,28,128,76132,10,1,33.781,ok
329,29,129,76381,10,1,31.406,ok
329,30,130,77042,10,1,32.333,ok
329,31,131,76459,10,1,30.39,ok
329,32,132,76756,10,1,31.105,ok
329,33,133,76884,10,1,31.835,ok
329,34,134,76831,10,1,31.63,ok
329,35,135,76763,10,1,34.64,ok
329,36,136,76767,10,1,45.139,ok
329,37,137,77035,10,1,45.48,ok
329,38,138,76877,10,1,39.037,ok
329,39,139,76658,10,1,38.195,ok
329,40,140,76485,10,1,34.053,ok
329,41,141,76866,10,1,35.535,ok
329,42,142,76278,10,1,31.65,ok
329,43,143,76412,10,1,36.332,ok
329,44,144,76758,10,1,32.139,ok
329,45,145,76455,10,1,37.462,ok
329,46,146,76649,10,1,38.872,ok
329,47,147,76887,10,1,37.505,ok
329,48,148,76805,10,1,36.295,ok
329,49,149,76832,10,1,37.637,ok
329,50,150,76756,10,1,32.535,ok
329,51,151,76421,10,1,35.083,ok
329,52,152,76623,10,1,32.567,ok
329,53,153,76552,10,1,33.29,ok
329,54,154,76830,10,1,32.671,ok
329,55,155,76699,10,1,36.838,ok
329,56,156,76901,10,1,40.839,ok
329,57,157,76993,10,1,35.978,ok
329,58,158,76927,10,1,35.929,ok
329,59,159,76549,10,1,35.939,ok
329,60,160,76936,10,1,32.491,ok
329,61,161,77062,10,1,30.743,ok
329,62,162,76817,10,1,31.299,ok
329,63,163,76999,10,1,33.292,ok
329,64,164,76549,10,1,31.875,ok
329,65,165,76711,10,1,36.459,ok
329,66,166,77154,10,1,37.719,ok
329,67,167,76482,10,1,30.905,ok
329,68,168,76715,10,1,30.605,ok
329,69,169,77121,10,1,30.509,ok
329,70,170,76549,10,1,33.582,ok
329,71,171,76179,10,1,33.362,ok
329,72,172,76696,10,1,31.58,ok
329,73,173,76776,10,1,30.829,ok
329,74,174,77253,10,1,28.644,ok
329,75,175,76736,10,1,34.096,ok
329,76,176,76576,10,1,33.727,ok
329,77,177,76987,10,1,31.044,ok
329,78,178,76920,10,1,34.97,ok
329,79,179,76617,10,1,38.223,ok
329,80,180,76299,10,1,35.985,ok
329,81,181,77044,10,1,43.832,ok
329,82,182,76727,10,1,37.685,ok
329,83,183,77231,10,1,36.173,ok
329,84,184,76514,10,1,37.251,ok
329,85,185,76473,10,1,40.472,ok
329,86,186,76889,10,1,33.714,ok
329,87,187,76767,10,1,37.005,ok
329,88,188,76936,10,1,41.948,ok
329,89,189,76651,10,1,42.976,ok
329,90,190,76794,10,1,31.925,ok
329,91,191,76960,10,1,33.905,ok
329,92,192,76588,10,1,33.416,ok
329,93,193,76625,10,1,31.999,ok
329,94,194,76648,10,1,30.268,ok
329,95,195,76821,10,1,33.612,ok
329,96,196,76910,10,1,37.708,ok
329,97,197,76968,10,1,33.433,ok
329,98,198,76186,10,1,31.549,ok
329,99,199,76838,10,1,33.681,ok
333,0,100,78163,10,1,24.877,ok
333,1,101,77949,10,1,26.576,ok
333,2,102,78273,10,1,27.423,ok
333,3,103,78064,10,1,26.729,ok
333,4,104,78092,10,1,27.182,ok
333,5,105,78250,10,1,24.621,ok
333,6,106,77982,10,1,24.332,ok
333,7,107,77844,10,1,24.531,ok
333,8,108,77890,10,1,26.425,ok
333,9,109,77676,10,1,24.174,ok
333,10,110,77526,10,1,22.678,ok
333,11,111,77891,10,1,21.94,ok
333,12,112,77711,10,1,21.37,ok
333,13,113,77876,10,1,19.227,ok
333,14,114,78079,10,1,23.417,ok
333,15,115,77945,10,1,26.502,ok
333,16,116,77669,10,1,24.719,ok
333,17,117,77713,10,1,23.364,ok
333,18,118,78102,10,1,28.693,ok
333,19,119,78550,10,1,28.244,ok
333,20,120,77554,10,1,24.65,ok
333,21,121,77818,10,1,21.693,ok
333,22,122,77767,10,1,20.294,ok
333,23,123,77695,10,1,25.439,ok
333,24,124,77833,10,1,26.563,ok
333,25,125,77669,10,1,25.763,ok
333,26,126,77697,10,1,27.01,ok
333,27,127,77439,10,1,33.465,ok
333,28,128,77895,10,1,33.739,ok
333,29,129,78261,10,1,31.097,ok
333,30,130,78246,10,1,26.132,ok
333,31,131,77954,10,1,27.811,ok
333,32,132,77788,10,1,32.889,ok
333,33,133,77926,10,1,31.927,ok
333,34,134,78118,10,1,32.597,ok
333,35,135,78013,10,1,22.441,ok
333,36,136,78112,10,1,25.548,ok
333,37,137,78161,10,1,27.087,ok
333,38,138,77778,10,1,28.646,ok
333,39,139,77926,10,1,28.749,ok
333,40,140,77637,10,1,26.068,ok
333,41,141,77811,10,1,32.365,ok
333,42,142,78304,10,1,31.829,ok
333,43,143,78037,10,1,32.357,ok
333,44,144,78125,10,1,36.884,ok
333,45,145,77696,10,1,30.335,ok
333,46,146,77854,10,1,30.961,ok
333,47,147,77853,10,1,30.631,ok
333,48,148,78083,10,1,35.821,ok
333,49,149,78314,10,1,44.006,ok
333,50,150,78347,10,1,30.515,ok
333,51,151,77848,10,1,30.86,ok
333,52,152,77870,10,1,28.743,ok
333,53,153,78149,10,1,30.377,ok
333,54,154,78153,10,1,39.693,ok
333,55,155,77689,10,1,27.382,ok
333,56,156,78037,10,1,29.031,ok
333,57,157,78099,10,1,36.055,ok
333,58,158,77974,10,1,41.492,ok
333,59,159,77907,10,1,33.972,ok
333,60,160,78165,10,1,26.837,ok
333,61,161,77965,10,1,33.914,ok
333,62,162,77490,10,1,40.507,ok
333,63,163,77846,10,1,35.062,ok
333,64,164,78122,10,1,33.712,ok
333,65,165,77524,10,1,39.093,ok
333,66,166,77947,10,1,45.821,ok
333,67,167,78190,10,1,39.905,ok
333,68,168,77489,10,1,11766.704,ok
333,69,169,77729,10,1,50.338,ok
333,70,170,77784,10,1,42.125,ok
333,71,171,77537,10,1,45.291,ok
333,72,172,77689,10,1,36.07,ok
333,73,173,77864,10,1,11762.353,ok
333,74,174,77967,10,1,45.033,ok
333,75,175,77916,10,1,39.518,ok
333,76,176,77879,10,1,36.483,ok
333,77,177,77773,10,1,35.139,ok
333,78,178,77891,10,1,11766.097,ok
333,79,179,78191,10,1,38.739,ok
333,80,180,77920,10,1,45.927,ok
333,81,181,77976,10,1,37.139,ok
333,82,182,77705,10,1,11765.392,ok
333,83,183,77893,10,1,31454.825,ok
333,84,184,78103,10,1,38.701,ok
333,85,185,77333,10,1,36.063,ok
333,86,186,77738,10,1,11766.026,ok
333,87,187,77697,10,1,31444.507,ok
333,88,188,78075,10,1,29.375,ok
333,89,189,77823,10,1,52.209,ok
333,90,190,77876,10,1,34.331,ok
333,91,191,77781,10,1,11765.849,ok
333,92,192,78237,10,1,31445.628,ok
333,93,193,78065,10,1,28.825,ok
333,94,194,77935,10,1,45.429,ok
333,95,195,77771,10,1,11764.797,ok
333,96,196,78068,10,1,32.079,ok
333,97,197,77936,10,1,24.56,ok
333,98,198,77882,10,1,36.752,ok
333,99,199,77934,10,1,40.788,ok
335,0,100,77053,10,1,30.942,ok
335,1,101,77124,10,1,31.427,ok
335,2,102,77231,10,1,22.115,ok
335,3,103,76681,10,1,26.877,ok
335,4,104,77191,10,1,29.407,ok
335,5,105,77134,10,1,30.843,ok
335,6,106,76845,10,1,34.384,ok
335,7,107,77662,10,1,21.718,ok
335,8,108,77127,10,1,26.062,ok
335,9,109,77222,10,1,28.403,ok
335,10,110,76880,10,1,28.3,ok
335,11,111,77253,10,1,27.868,ok
335,12,112,77059,10,1,29.706,ok
335,13,113,77031,10,1,32.058,ok
335,14,114,77329,10,1,20.794,ok
335,15,115,77025,10,1,33.04,ok
335,16,116,77040,10,1,28.711,ok
335,17,117,77185,10,1,32.11,ok
335,18,118,76933,10,1,29.256,ok
335,19,119,76951,10,1,30.528,ok
335,20,120,76773,10,1,33.392,ok
335,21,121,77234,10,1,39.769,ok
335,22,122,77015,10,1,39.091,ok
335,23,123,77395,10,1,33.394,ok
335,24,124,77069,10,1,28.899,ok
335,25,125,77482,10,1,28.095,ok
335,26,126,76850,10,1,27.692,ok
335,27,127,77033,10,1,29.603,ok
335,28,128,77336,10,1,24.113,ok
335,29,129,77060,10,1,24.477,ok
335,30,130,77553,10,1,27.894,ok
335,31,131,77137,10,1,34.094,ok
335,32,132,77191,10,1,34.781,ok
335,33,133,77015,10,1,31.538,ok
335,34,134,77079,10,1,26.098,ok
335,35,135,77083,10,1,27.51,ok
335,36,136,77188,10,1,30.769,ok
335,37,137,77151,10,1,31.119,ok
335,38,138,77129,10,1,36.319,ok
335,39,139,77382,10,1,33.847,ok
335,40,140,77365,10,1,26.75,ok
335,41,141,77165,10,1,26.325,ok
335,42,142,77130,10,1,23.772,ok
335,43,143,77483,10,1,26.673,ok
335,44,144,77063,10,1,31.472,ok
335,45,145,77066,10,1,27.15,ok
335,46,146,76450,10,1,32.411,ok
335,47,147,76658,10,1,29.103,ok
335,48,148,77109,10,1,34.645,ok
335,49,149,77408,10,1,28.716,ok
335,50,150,77367,10,1,31.655,ok
335,51,151,76780,10,1,30.63,ok
335,52,152,77303,10,1,31.331,ok
335,53,153,77364,10,1,31.183,ok
335,54,154,77277,10,1,31.519,ok
335,55,155,76906,10,1,36.531,ok
335,56,156,77220,10,1,39.589,ok
335,57,157,77684,10,1,31.604,ok
335,58,158,77128,10,1,31.766,ok
335,59,159,77000,10,1,37.088,ok
335,60,160,77106,10,1,26.791,ok
335,61,161,77398,10,1,26.558,ok
335,62,162,77056,10,1,34.412,ok
335,63,163,76746,10,1,30.237,ok
335,64,164,77185,10,1,35.331,ok
335,65,165,76751,10,1,27.908,ok
335,66,166,77305,10,1,38.111,ok
335,67,167,77294,10,1,34.834,ok
335,68,168,77002,10,1,39.22,ok
335,69,169,76818,10,1,35.519,ok
335,70,170,77231,10,1,39.149,ok
335,71,171,77103,10,1,24.731,ok
335,72,172,77220,10,1,26.228,ok
335,73,173,76914,10,1,30.133,ok
335,74,174,76853,10,1,38.438,ok
335,75,175,77084,10,1,35.638,ok
335,76,176,77008,10,1,31.287,ok
335,77,177,76844,10,1,31.348,ok
335,78,178,76663,10,1,34.415,ok
335,79,179,76758,10,1,34.172,ok
335,80,180,77158,10,1,31.887,ok
335,81,181,76709,10,1,32.38,ok
335,82,182,76972,10,1,32.4,ok
335,83,183,77178,10,1,29.842,ok
335,84,184,76906,10,1,28.97,ok
335,85,185,77069,10,1,29.909,ok
335,86,186,77237,10,1,27.159,ok
335,87,187,77057,10,1,33.963,ok
335,88,188,76946,10,1,31.994,ok
335,89,189,77314,10,1,21.87,ok
335,90,190,76871,10,1,31.052,ok
335,91,191,77341,10,1,28.636,ok
335,92,192,77574,10,1,31.313,ok
335,93,193,76941,10,1,28.725,ok
335,94,194,76821,10,1,31.594,ok
335,95,195,76981,10,1,32.128,ok
335,96,196,77186,10,1,34.951,ok
335,97,197,77075,10,1,26.349,ok
335,98,198,77005,10,1,27.0,ok
335,99,199,76633,10,1,37.085,ok
347,0,100,78127,10,1,27.371,ok
347,1,101,78056,10,1,28.452,ok
347,2,102,78000,10,1,29.232,ok
347,3,103,77689,10,1,24.788,ok
347,4,104,78139,10,1,34.252,ok
347,5,105,77636,10,1,29.241,ok
347,6,106,78481,10,1,27.996,ok
347,7,107,78128,10,1,45.08,ok
347,8,108,77904,10,1,27.711,ok
347,9,109,77912,10,1,34.151,ok
347,10,110,78194,10,1,33.753,ok
347,11,111,78034,10,1,45.294,ok
347,12,112,77696,10,1,31.796,ok
347,13,113,78028,10,1,37.902,ok
347,14,114,78173,10,1,32.527,ok
347,15,115,77955,10,1,29.564,ok
347,16,116,78001,10,1,34.539,ok
347,17,117,78069,10,1,24.365,ok
347,18,118,77755,10,1,26.56,ok
347,19,119,77914,10,1,30.646,ok
347,20,120,77375,10,1,26.799,ok
347,21,121,77713,10,1,39.823,ok
347,22,122,78016,10,1,28.935,ok
347,23,123,77839,10,1,34.902,ok
347,24,124,78393,10,1,35.316,ok
347,25,125,78218,10,1,41.459,ok
347,26,126,77926,10,1,30.495,ok
347,27,127,77594,10,1,28.629,ok
347,28,128,77835,10,1,24.261,ok
347,29,129,78160,10,1,27.67,ok
347,30,130,78145,10,1,33.113,ok
347,31,131,78129,10,1,27.55,ok
347,32,132,77951,10,1,29.174,ok
347,33,133,77845,10,1,28.191,ok
347,34,134,78137,10,1,28.238,ok
347,35,135,77702,10,1,24.15,ok
347,36,136,77655,10,1,24.069,ok
347,37,137,77984,10,1,28.31,ok
347,38,138,77775,10,1,27.472,ok
347,39,139,77978,10,1,30.347,ok
347,40,140,78274,10,1,28.29,ok
347,41,141,77481,10,1,34.901,ok
347,42,142,77736,10,1,36.071,ok
347,43,143,77481,10,1,31.091,ok
347,44,144,77923,10,1,33.202,ok
347,45,145,78181,10,1,25.336,ok
347,46,146,78270,10,1,35.731,ok
347,47,147,78042,10,1,37.904,ok
347,48,148,78343,10,1,32.075,ok
347,49,149,77963,10,1,36.487,ok
347,50,150,78131,10,1,22.715,ok
347,51,151,77394,10,1,25.699,ok
347,52,152,78072,10,1,29.232,ok
347,53,153,77949,10,1,23.538,ok
347,54,154,78044,10,1,34.647,ok
347,55,155,77686,10,1,22.808,ok
347,56,156,77914,10,1,24.866,ok
347,57,157,77970,10,1,29.987,ok
347,58,158,78118,10,1,45.458,ok
347,59,159,77876,10,1,33.114,ok
347,60,160,77879,10,1,27.281,ok
347,61,161,78181,10,1,29.425,ok
347,62,162,77656,10,1,27.915,ok
347,63,163,77950,10,1,32.108,ok
347,64,164,77738,10,1,33.242,ok
347,65,165,78156,10,1,31.914,ok
347,66,166,77569,10,1,23.296,ok
347,67,167,77630,10,1,25.963,ok
347,68,168,78094,10,1,28.328,ok
347,69,169,78027,10,1,30.917,ok
347,70,170,77755,10,1,22.085,ok
347,71,171,78312,10,1,29.934,ok
347,72,172,77921,10,1,27.688,ok
347,73,173,78087,10,1,36.068,ok
347,74,174,77450,10,1,31.912,ok
347,75,175,78047,10,1,24.361,ok
347,76,176,77756,10,1,30.509,ok
347,77,177,77704,10,1,32.612,ok
347,78,178,77890,10,1,29.809,ok
347,79,179,78243,10,1,21.514,ok
347,80,180,78594,10,1,29.944,ok
347,81,181,77660,10,1,32.668,ok
347,82,182,78049,10,1,31.054,ok
347,83,183,77679,10,1,27.901,ok
347,84,184,77997,10,1,31.84,ok
347,85,185,77717,10,1,32.95,ok
347,86,186,78088,10,1,30.904,ok
347,87,187,77725,10,1,27.623,ok
347,88,188,77710,10,1,28.67,ok
347,89,189,78106,10,1,31.046,ok
347,90,190,77330,10,1,25.295,ok
347,91,191,78329,10,1,29.852,ok
347,92,192,77909,10,1,28.158,ok
347,93,193,77713,10,1,30.065,ok
347,94,194,77954,10,1,33.115,ok
347,95,195,78154,10,1,28.862,ok
347,96,196,77882,10,1,27.188,ok
347,97,197,77547,10,1,25.196,ok
347,98,198,78079,10,1,28.621,ok
347,99,199,77894,10,1,31.231,ok
356,0,100,79169,10,1,37.21,ok
356,1,101,78920,10,1,24.994,ok
356,2,102,78887,10,1,26.643,ok
356,3,103,79163,10,1,29.758,ok
356,4,104,78816,10,1,31.381,ok
356,5,105,78898,10,1,28.734,ok
356,6,106,78358,10,1,29.11,ok
356,7,107,78732,10,1,33.557,ok
356,8,108,78923,10,1,26.124,ok
356,9,109,79066,10,1,27.344,ok
356,10,110,79400,10,1,29.203,ok
356,11,111,79208,10,1,26.493,ok
356,12,112,79212,10,1,29.364,ok
356,13,113,78754,10,1,28.356,ok
356,14,114,79013,10,1,27.401,ok
356,15,115,78974,10,1,32.039,ok
356,16,116,78637,10,1,30.139,ok
356,17,117,78937,10,1,29.01,ok
356,18,118,78962,10,1,32.486,ok
356,19,119,79300,10,1,29.226,ok
356,20,120,78856,10,1,30.862,ok
356,21,121,78246,10,1,35.357,ok
356,22,122,78603,10,1,32.705,ok
356,23,123,79075,10,1,34.134,ok
356,24,124,78826,10,1,34.334,ok
356,25,125,78833,10,1,33.074,ok
356,26,126,78953,10,1,31.279,ok
356,27,127,78538,10,1,29.897,ok
356,28,128,78827,10,1,27.983,ok
356,29,129,78733,10,1,35.716,ok
356,30,130,78764,10,1,30.825,ok
356,31,131,78765,10,1,29.295,ok
356,32,132,79029,10,1,34.84,ok
356,33,133,79036,10,1,33.197,ok
356,34,134,78569,10,1,30.382,ok
356,35,135,79176,10,1,33.871,ok
356,36,136,78686,10,1,32.936,ok
356,37,137,79022,10,1,32.714,ok
356,38,138,78600,10,1,35.401,ok
356,39,139,78886,10,1,32.803,ok
356,40,140,78831,10,1,30.458,ok
356,41,141,78593,10,1,32.27,ok
356,42,142,78653,10,1,33.606,ok
356,43,143,78848,10,1,32.694,ok
356,44,144,78880,10,1,28.255,ok
356,45,145,78993,10,1,26.555,ok
356,46,146,78873,10,1,29.157,ok
356,47,147,78752,10,1,30.42,ok
356,48,148,78549,10,1,30.175,ok
356,49,149,79086,10,1,26.041,ok
356,50,150,78992,10,1,25.985,ok
356,51,151,78647,10,1,34.503,ok
356,52,152,78977,10,1,27.018,ok
356,53,153,78759,10,1,30.01,ok
356,54,154,78969,10,1,28.359,ok
356,55,155,78629,10,1,26.752,ok
356,56,156,78800,10,1,29.407,ok
356,57,157,78764,10,1,25.727,ok
356,58,158,78726,10,1,27.209,ok
356,59,159,78973,10,1,29.308,ok
356,60,160,78505,10,1,31.395,ok
356,61,161,78993,10,1,34.027,ok
356,62,162,79060,10,1,31.631,ok
356,63,163,79274,10,1,32.402,ok
356,64,164,78729,10,1,32.119,ok
356,65,165,78615,10,1,30.5,ok
356,66,166,78914,10,1,31.794,ok
356,67,167,79026,10,1,32.934,ok
356,68,168,78969,10,1,38.315,ok
356,69,169,78863,10,1,30.928,ok
356,70,170,78585,10,1,27.883,ok
356,71,171,78998,10,1,29.005,ok
356,72,172,78874,10,1,25.332,ok
356,73,173,78876,10,1,26.364,ok
356,74,174,78375,10,1,26.031,ok
356,75,175,79019,10,1,30.763,ok
356,76,176,79184,10,1,30.307,ok
356,77,177,78800,10,1,32.367,ok
356,78,178,78595,10,1,30.869,ok
356,79,179,78529,10,1,33.905,ok
356,80,180,79043,10,1,35.397,ok
356,81,181,78295,10,1,33.011,ok
356,82,182,79013,10,1,26.501,ok
356,83,183,78771,10,1,30.78,ok
356,84,184,79248,10,1,32.16,ok
356,85,185,79465,10,1,27.323,ok
356,86,186,79040,10,1,26.895,ok
356,87,187,79028,10,1,26.693,ok
356,88,188,79045,10,1,24.713,ok
356,89,189,78839,10,1,31.729,ok
356,90,190,79025,10,1,28.162,ok
356,91,191,79323,10,1,28.773,ok
356,92,192,78894,10,1,27.482,ok
356,93,193,78776,10,1,25.706,ok
356,94,194,78984,10,1,31.544,ok
356,95,195,78769,10,1,27.336,ok
356,96,196,78885,10,1,33.049,ok
356,97,197,78714,10,1,29.43,ok
356,98,198,78844,10,1,26.544,ok
356,99,199,78861,10,1,34.098,ok
359,0,100,78513,10,1,32.205,ok
359,1,101,78547,10,1,33.474,ok
359,2,102,78902,10,1,30.297,ok
359,3,103,78712,10,1,33.27,ok
359,4,104,78813,10,1,30.497,ok
359,5,105,78856,10,1,35.679,ok
359,6,106,78548,10,1,34.321,ok
359,7,107,78656,10,1,35.564,ok
359,8,108,78555,10,1,36.162,ok
359,9,109,78057,10,1,35.451,ok
359,10,110,78486,10,1,35.842,ok
359,11,111,78694,10,1,32.706,ok
359,12,112,78355,10,1,35.424,ok
359,13,113,78640,10,1,35.196,ok
359,14,114,78535,10,1,34.707,ok
359,15,115,78069,10,1,33.472,ok
359,16,116,78755,10,1,33.576,ok
359,17,117,78506,10,1,35.435,ok
359,18,118,78659,10,1,33.427,ok
359,19,119,78722,10,1,33.8,ok
359,20,120,78407,10,1,30.051,ok
359,21,121,78399,10,1,31.68,ok
359,22,122,78698,10,1,30.789,ok
359,23,123,78889,10,1,33.54,ok
359,24,124,78858,10,1,32.031,ok
359,25,125,78297,10,1,32.87,ok
359,26,126,78752,10,1,34.065,ok
359,27,127,79056,10,1,42.885,ok
359,28,128,78831,10,1,36.161,ok
359,29,129,78728,10,1,35.766,ok
359,30,130,78364,10,1,35.508,ok
359,31,131,78775,10,1,36.55,ok
359,32,132,78934,10,1,35.88,ok
359,33,133,78662,10,1,35.93,ok
359,34,134,78565,10,1,35.233,ok
359,35,135,79054,10,1,33.968,ok
359,36,136,78537,10,1,32.316,ok
359,37,137,78583,10,1,31.242,ok
359,38,138,78602,10,1,30.942,ok
359,39,139,78734,10,1,32.516,ok
359,40,140,78962,10,1,30.967,ok
359,41,141,78862,10,1,34.213,ok
359,42,142,78637,10,1,30.647,ok
359,43,143,78724,10,1,32.403,ok
359,44,144,78450,10,1,30.649,ok
359,45,145,78362,10,1,33.787,ok
359,46,146,78923,10,1,34.073,ok
359,47,147,78697,10,1,34.949,ok
359,48,148,79170,10,1,34.274,ok
359,49,149,78882,10,1,34.863,ok
359,50,150,78478,10,1,33.424,ok
359,51,151,78679,10,1,32.528,ok
359,52,152,78263,10,1,32.657,ok
359,53,153,78724,10,1,34.872,ok
359,54,154,78876,10,1,34.968,ok
359,55,155,78674,10,1,32.938,ok
359,56,156,78417,10,1,31.398,ok
359,57,157,78794,10,1,33.162,ok
359,58,158,78689,10,1,30.25,ok
359,59,159,78436,10,1,33.217,ok
359,60,160,78889,10,1,29.694,ok
359,61,161,78869,10,1,34.061,ok
359,62,162,78540,10,1,30.845,ok
359,63,163,78710,10,1,32.008,ok
359,64,164,78766,10,1,30.145,ok
359,65,165,78857,10,1,35.407,ok
359,66,166,78692,10,1,33.973,ok
359,67,167,78760,10,1,36.295,ok
359,68,168,78590,10,1,35.135,ok
359,69,169,78452,10,1,36.57,ok
359,70,170,78832,10,1,34.056,ok
359,71,171,78949,10,1,35.823,ok
359,72,172,78845,10,1,36.176,ok
359,73,173,78760,10,1,35.808,ok
359,74,174,78450,10,1,34.332,ok
359,75,175,78889,10,1,31.065,ok
359,76,176,78799,10,1,32.388,ok
359,77,177,78559,10,1,32.366,ok
359,78,178,78677,10,1,34.093,ok
359,79,179,78448,10,1,31.367,ok
359,80,180,78393,10,1,31.099,ok
359,81,181,78577,10,1,33.648,ok
359,82,182,79143,10,1,31.648,ok
359,83,183,78486,10,1,35.586,ok
359,84,184,78653,10,1,31.112,ok
359,85,185,78709,10,1,33.253,ok
359,86,186,78475,10,1,35.332,ok
359,87,187,78109,10,1,35.751,ok
359,88,188,78889,10,1,34.887,ok
359,89,189,78473,10,1,32.459,ok
359,90,190,78618,10,1,35.968,ok
359,91,191,78498,10,1,38.34,ok
359,92,192,78773,10,1,35.303,ok
359,93,193,78199,10,1,39.568,ok
359,94,194,78377,10,1,32.781,ok
359,95,195,79280,10,1,31.278,ok
359,96,196,78671,10,1,35.109,ok
359,97,197,78444,10,1,34.119,ok
359,98,198,78491,10,1,33.253,ok
359,99,199,78472,10,1,33.067,ok
403,0,100,76788,10,1,30.839,ok
403,1,101,76809,10,1,25.731,ok
403,2,102,76730,10,1,25.861,ok
403,3,103,76273,10,1,25.639,ok
403,4,104,76824,10,1,33.698,ok
403,5,105,76560,10,1,27.391,ok
403,6,106,76861,10,1,28.828,ok
403,7,107,76427,10,1,25.106,ok
403,8,108,76732,10,1,24.679,ok
403,9,109,76604,10,1,23.724,ok
403,10,110,76796,10,1,26.297,ok
403,11,111,76346,10,1,25.602,ok
403,12,112,76520,10,1,31.156,ok
403,13,113,76983,10,1,24.544,ok
403,14,114,76738,10,1,23.213,ok
403,15,115,76485,10,1,26.131,ok
403,16,116,76847,10,1,23.107,ok
403,17,117,76716,10,1,21.45,ok
403,18,118,76694,10,1,21.728,ok
403,19,119,76318,10,1,22.096,ok
403,20,120,76516,10,1,24.263,ok
403,21,121,76824,10,1,22.951,ok
403,22,122,76848,10,1,23.478,ok
403,23,123,76810,10,1,25.198,ok
403,24,124,76529,10,1,27.248,ok
403,25,125,76538,10,1,20.587,ok
403,26,126,76560,10,1,26.529,ok
403,27,127,76835,10,1,21.618,ok
403,28,128,76480,10,1,24.614,ok
403,29,129,76365,10,1,26.667,ok
403,30,130,76546,10,1,21.503,ok
403,31,131,76314,10,1,21.112,ok
403,32,132,76589,10,1,21.081,ok
403,33,133,76488,10,1,27.107,ok
403,34,134,76647,10,1,21.613,ok
403,35,135,76839,10,1,27.525,ok
403,36,136,76729,10,1,23.599,ok
403,37,137,76750,10,1,26.784,ok
403,38,138,76473,10,1,28.886,ok
403,39,139,76694,10,1,26.341,ok
403,40,140,76452,10,1,33.117,ok
403,41,141,77155,10,1,26.703,ok
403,42,142,76573,10,1,26.945,ok
403,43,143,76876,10,1,28.998,ok
403,44,144,76370,10,1,30.49,ok
403,45,145,76596,10,1,22.187,ok
403,46,146,76748,10,1,22.09,ok
403,47,147,76657,10,1,26.487,ok
403,48,148,76202,10,1,24.406,ok
403,49,149,76999,10,1,23.72,ok
403,50,150,76519,10,1,24.018,ok
403,51,151,77031,10,1,25.659,ok
403,52,152,76502,10,1,26.26,ok
403,53,153,76903,10,1,22.156,ok
403,54,154,76542,10,1,23.052,ok
403,55,155,76759,10,1,27.128,ok
403,56,156,76490,10,1,24.26,ok
403,57,157,76512,10,1,25.865,ok
403,58,158,76867,10,1,29.256,ok
403,59,159,76813,10,1,27.97,ok
403,60,160,76589,10,1,22.587,ok
403,61,161,76567,10,1,24.203,ok
403,62,162,76635,10,1,26.523,ok
403,63,163,76713,10,1,31.408,ok
403,64,164,76696,10,1,35.702,ok
403,65,165,76499,10,1,29.92,ok
403,66,166,76719,10,1,22.621,ok
403,67,167,76349,10,1,23.897,ok
403,68,168,76290,10,1,29.469,ok
403,69,169,76812,10,1,40.538,ok
403,70,170,76298,10,1,25.654,ok
403,71,171,76552,10,1,25.864,ok
403,72,172,76238,10,1,23.901,ok
403,73,173,76576,10,1,26.587,ok
403,74,174,76479,10,1,32.573,ok
403,75,175,77053,10,1,28.335,ok
403,76,176,76793,10,1,25.876,ok
403,77,177,76356,10,1,23.953,ok
403,78,178,76595,10,1,32.403,ok
403,79,179,76595,10,1,31.286,ok
403,80,180,77030,10,1,30.269,ok
403,81,181,76380,10,1,36.845,ok
403,82,182,76486,10,1,36.125,ok
403,83,183,76658,10,1,33.945,ok
403,84,184,76444,10,1,42.912,ok
403,85,185,76680,10,1,27.785,ok
403,86,186,77082,10,1,37.85,ok
403,87,187,76479,10,1,32.358,ok
403,88,188,77114,10,1,31.749,ok
403,89,189,76538,10,1,33.045,ok
403,90,190,76251,10,1,27.405,ok
403,91,191,76462,10,1,29.123,ok
403,92,192,76609,10,1,33.042,ok
403,93,193,76284,10,1,35.92,ok
403,94,194,76714,10,1,35.083,ok
403,95,195,76510,10,1,36.733,ok
403,96,196,76497,10,1,34.377,ok
403,97,197,76622,10,1,31.947,ok
403,98,198,76828,10,1,36.247,ok
403,99,199,77035,10,1,34.017,ok
418,0,100,74539,10,1,28.461,ok
418,1,101,74515,10,1,24.613,ok
418,2,102,74469,10,1,27.853,ok
418,3,103,74454,10,1,28.477,ok
418,4,104,74443,10,1,29.016,ok
418,5,105,74605,10,1,33.048,ok
418,6,106,73943,10,1,28.525,ok
418,7,107,74641,10,1,29.321,ok
418,8,108,74502,10,1,25.462,ok
418,9,109,74601,10,1,31.644,ok
418,10,110,74274,10,1,34.286,ok
418,11,111,74139,10,1,31.083,ok
418,12,112,74697,10,1,33.212,ok
418,13,113,74594,10,1,27.349,ok
418,14,114,74685,10,1,28.488,ok
418,15,115,74451,10,1,33.664,ok
418,16,116,74522,10,1,34.098,ok
418,17,117,74306,10,1,31.308,ok
418,18,118,74566,10,1,32.24,ok
418,19,119,74639,10,1,32.626,ok
418,20,120,74395,10,1,29.109,ok
418,21,121,74508,10,1,26.825,ok
418,22,122,74513,10,1,29.847,ok
418,23,123,74591,10,1,27.793,ok
418,24,124,74402,10,1,27.632,ok
418,25,125,74767,10,1,32.984,ok
418,26,126,74406,10,1,34.076,ok
418,27,127,74218,10,1,30.267,ok
418,28,128,74582,10,1,30.554,ok
418,29,129,74593,10,1,29.315,ok
418,30,130,74354,10,1,26.129,ok
418,31,131,74554,10,1,31.919,ok
418,32,132,74743,10,1,26.69,ok
418,33,133,74683,10,1,28.464,ok
418,34,134,74385,10,1,26.997,ok
418,35,135,74257,10,1,26.491,ok
418,36,136,74423,10,1,27.671,ok
418,37,137,74413,10,1,29.431,ok
418,38,138,74287,10,1,24.414,ok
418,39,139,74645,10,1,28.315,ok
418,40,140,74413,10,1,28.357,ok
418,41,141,74460,10,1,29.266,ok
418,42,142,74566,10,1,27.865,ok
418,43,143,73972,10,1,25.465,ok
418,44,144,74401,10,1,27.708,ok
418,45,145,74619,10,1,29.408,ok
418,46,146,74638,10,1,28.399,ok
418,47,147,74674,10,1,29.454,ok
418,48,148,74624,10,1,30.889,ok
418,49,149,74407,10,1,29.464,ok
418,50,150,74102,10,1,29.362,ok
418,51,151,74432,10,1,32.907,ok
418,52,152,74658,10,1,34.086,ok
418,53,153,74658,10,1,30.574,ok
418,54,154,74453,10,1,29.208,ok
418,55,155,74309,10,1,30.791,ok
418,56,156,74436,10,1,30.647,ok
418,57,157,74490,10,1,35.052,ok
418,58,158,74707,10,1,32.792,ok
418,59,159,74399,10,1,30.276,ok
418,60,160,74873,10,1,29.669,ok
418,61,161,74338,10,1,27.595,ok
418,62,162,74546,10,1,26.033,ok
418,63,163,74640,10,1,23.88,ok
418,64,164,74380,10,1,25.773,ok
418,65,165,74450,10,1,33.86,ok
418,66,166,73970,10,1,29.879,ok
418,67,167,74136,10,1,32.282,ok
418,68,168,74316,10,1,26.378,ok
418,69,169,74198,10,1,27.115,ok
418,70,170,74371,10,1,27.012,ok
418,71,171,74670,10,1,28.489,ok
418,72,172,74375,10,1,29.734,ok
418,73,173,74907,10,1,26.395,ok
418,74,174,74386,10,1,27.295,ok
418,75,175,74317,10,1,25.117,ok
418,76,176,74524,10,1,28.639,ok
418,77,177,74165,10,1,30.302,ok
418,78,178,74155,10,1,28.432,ok
418,79,179,74734,10,1,26.513,ok
418,80,180,74461,10,1,25.711,ok
418,81,181,74238,10,1,26.542,ok
418,82,182,74680,10,1,32.105,ok
418,83,183,74513,10,1,27.132,ok
418,84,184,74538,10,1,26.009,ok
418,85,185,74390,10,1,34.042,ok
418,86,186,74733,10,1,32.126,ok
418,87,187,74321,10,1,32.968,ok
418,88,188,74131,10,1,28.593,ok
418,89,189,74447,10,1,33.056,ok
418,90,190,74789,10,1,22.445,ok
418,91,191,74425,10,1,25.693,ok
418,92,192,74897,10,1,26.737,ok
418,93,193,74507,10,1,30.292,ok
418,94,194,74765,10,1,28.941,ok
418,95,195,74513,10,1,35.126,ok
418,96,196,74525,10,1,31.799,ok
418,97,197,74522,10,1,31.654,ok
418,98,198,74513,10,1,30.665,ok
418,99,199,74319,10,1,30.405,ok
420,0,100,76898,10,1,29.846,ok
420,1,101,77016,10,1,30.968,ok
420,2,102,77010,10,1,26.386,ok
420,3,103,77072,10,1,28.754,ok
420,4,104,77123,10,1,33.969,ok
420,5,105,76697,10,1,27.555,ok
420,6,106,76704,10,1,26.258,ok
420,7,107,77058,10,1,27.216,ok
420,8,108,76778,10,1,24.958,ok
420,9,109,76515,10,1,26.21,ok
420,10,110,77203,10,1,27.019,ok
420,11,111,76905,10,1,26.726,ok
420,12,112,76979,10,1,28.534,ok
420,13,113,76747,10,1,29.034,ok
420,14,114,77031,10,1,27.127,ok
420,15,115,77066,10,1,25.174,ok
420,16,116,76834,10,1,32.293,ok
420,17,117,76893,10,1,30.931,ok
420,18,118,77040,10,1,33.154,ok
420,19,119,77222,10,1,27.452,ok
420,20,120,76706,10,1,23.362,ok
420,21,121,76995,10,1,29.529,ok
420,22,122,77120,10,1,24.946,ok
420,23,123,76998,10,1,29.642,ok
420,24,124,76715,10,1,29.176,ok
420,25,125,77009,10,1,34.67,ok
420,26,126,76809,10,1,34.119,ok
420,27,127,76798,10,1,33.907,ok
420,28,128,76746,10,1,29.328,ok
420,29,129,77215,10,1,28.804,ok
420,30,130,77056,10,1,29.521,ok
420,31,131,76918,10,1,23.527,ok
420,32,132,76796,10,1,23.87,ok
420,33,133,77082,10,1,28.732,ok
420,34,134,76911,10,1,25.047,ok
420,35,135,77108,10,1,25.757,ok
420,36,136,77049,10,1,25.836,ok
420,37,137,76892,10,1,26.621,ok
420,38,138,77126,10,1,25.114,ok
420,39,139,76805,10,1,25.542,ok
420,40,140,77262,10,1,23.8,ok
420,41,141,76989,10,1,23.334,ok
420,42,142,76657,10,1,34.116,ok
420,43,143,77184,10,1,33.138,ok
420,44,144,77195,10,1,32.735,ok
420,45,145,77003,10,1,31.206,ok
420,46,146,76661,10,1,25.084,ok
420,47,147,77027,10,1,25.777,ok
420,48,148,76851,10,1,26.532,ok
420,49,149,77301,10,1,31.198,ok
420,50,150,76893,10,1,34.636,ok
420,51,151,77050,10,1,34.13,ok
420,52,152,76782,10,1,34.801,ok
420,53,153,76479,10,1,28.537,ok
420,54,154,76699,10,1,35.151,ok
420,55,155,77222,10,1,25.05,ok
420,56,156,76849,10,1,25.309,ok
420,57,157,77250,10,1,24.142,ok
420,58,158,77004,10,1,25.343,ok
420,59,159,76743,10,1,24.395,ok
420,60,160,76821,10,1,31.682,ok
420,61,161,76812,10,1,31.969,ok
420,62,162,76760,10,1,24.407,ok
420,63,163,77040,10,1,26.688,ok
420,64,164,76722,10,1,26.892,ok
420,65,165,77011,10,1,24.257,ok
420,66,166,76953,10,1,25.78,ok
420,67,167,76681,10,1,34.034,ok
420,68,168,76990,10,1,36.279,ok
420,69,169,76592,10,1,28.029,ok
420,70,170,76970,10,1,30.931,ok
420,71,171,76802,10,1,24.008,ok
420,72,172,76778,10,1,25.268,ok
420,73,173,76894,10,1,26.836,ok
420,74,174,76670,10,1,24.038,ok
420,75,175,76941,10,1,25.423,ok
420,76,176,76645,10,1,25.227,ok
420,77,177,77198,10,1,24.97,ok
420,78,178,77325,10,1,33.56,ok
420,79,179,76270,10,1,25.062,ok
420,80,180,76749,10,1,32.677,ok
420,81,181,76775,10,1,28.798,ok
420,82,182,76722,10,1,26.618,ok
420,83,183,76783,10,1,33.434,ok
420,84,184,76794,10,1,28.451,ok
420,85,185,76854,10,1,29.572,ok
420,86,186,76706,10,1,31.044,ok
420,87,187,76819,10,1,28.627,ok
420,88,188,77392,10,1,31.973,ok
420,89,189,76890,10,1,32.486,ok
420,90,190,77109,10,1,30.576,ok
420,91,191,77290,10,1,28.046,ok
420,92,192,76852,10,1,38.134,ok
420,93,193,77121,10,1,34.339,ok
420,94,194,76799,10,1,31.844,ok
420,95,195,77331,10,1,32.242,ok
420,96,196,76878,10,1,29.352,ok
420,97,197,77302,10,1,30.312,ok
420,98,198,76873,10,1,32.224,ok
420,99,199,77190,10,1,28.062,ok
430,0,100,76452,10,1,33.231,ok
430,1,101,76685,10,1,29.808,ok
430,2,102,76862,10,1,31.768,ok
430,3,103,76205,10,1,29.978,ok
430,4,104,76554,10,1,28.077,ok
430,5,105,76658,10,1,36.653,ok
430,6,106,76943,10,1,37.439,ok
430,7,107,76543,10,1,29.782,ok
430,8,108,76681,10,1,36.309,ok
430,9,109,76477,10,1,31.473,ok
430,10,110,76337,10,1,26.159,ok
430,11,111,76482,10,1,33.17,ok
430,12,112,76235,10,1,31.252,ok
430,13,113,76209,10,1,28.476,ok
430,14,114,76749,10,1,29.513,ok
430,15,115,76552,10,1,25.177,ok
430,16,116,76687,10,1,27.611,ok
430,17,117,76495,10,1,24.666,ok
430,18,118,76302,10,1,28.656,ok
430,19,119,76467,10,1,30.633,ok
430,20,120,76863,10,1,29.455,ok
430,21,121,76161,10,1,26.019,ok
430,22,122,76611,10,1,32.023,ok
430,23,123,76146,10,1,25.44,ok
430,24,124,76929,10,1,25.497,ok
430,25,125,76622,10,1,37.856,ok
430,26,126,76514,10,1,32.763,ok
430,27,127,76696,10,1,35.464,ok
430,28,128,76971,10,1,27.192,ok
430,29,129,76785,10,1,34.989,ok
430,30,130,76575,10,1,27.593,ok
430,31,131,76508,10,1,25.809,ok
430,32,132,76281,10,1,23.429,ok
430,33,133,76957,10,1,34.079,ok
430,34,134,76292,10,1,32.002,ok
430,35,135,76638,10,1,26.353,ok
430,36,136,76704,10,1,31.653,ok
430,37,137,76562,10,1,29.527,ok
430,38,138,76355,10,1,24.711,ok
430,39,139,76743,10,1,27.434,ok
430,40,140,76484,10,1,31.869,ok
430,41,141,76260,10,1,32.208,ok
430,42,142,76496,10,1,26.957,ok
430,43,143,76301,10,1,30.916,ok
430,44,144,76714,10,1,35.451,ok
430,45,145,76158,10,1,23.524,ok
430,46,146,76471,10,1,23.552,ok
430,47,147,76615,10,1,30.795,ok
430,48,148,76454,10,1,34.456,ok
430,49,149,76761,10,1,29.482,ok
430,50,150,76526,10,1,30.759,ok
430,51,151,76563,10,1,27.968,ok
430,52,152,76833,10,1,25.217,ok
430,53,153,76572,10,1,24.342,ok
430,54,154,76169,10,1,29.916,ok
430,55,155,76668,10,1,26.569,ok
430,56,156,76063,10,1,28.778,ok
430,57,157,76595,10,1,28.581,ok
430,58,158,76621,10,1,24.647,ok
430,59,159,76929,10,1,26.995,ok
430,60,160,76729,10,1,27.086,ok
430,61,161,76232,10,1,28.972,ok
430,62,162,76207,10,1,32.501,ok
430,63,163,76833,10,1,23.79,ok
430,64,164,77056,10,1,31.455,ok
430,65,165,75987,10,1,29.35,ok
430,66,166,76859,10,1,22.91,ok
430,67,167,76658,10,1,31.08,ok
430,68,168,76612,10,1,22.316,ok
430,69,169,76854,10,1,24.947,ok
430,70,170,76785,10,1,32.031,ok
430,71,171,76309,10,1,25.301,ok
430,72,172,76129,10,1,27.889,ok
430,73,173,76149,10,1,33.054,ok
430,74,174,76578,10,1,30.522,ok
430,75,175,76351,10,1,30.847,ok
430,76,176,76452,10,1,29.701,ok
430,77,177,76259,10,1,29.823,ok
430,78,178,76609,10,1,30.189,ok
430,79,179,76650,10,1,35.293,ok
430,80,180,76853,10,1,30.583,ok
430,81,181,76330,10,1,33.718,ok
430,82,182,76673,10,1,33.957,ok
430,83,183,76692,10,1,33.244,ok
430,84,184,76233,10,1,27.063,ok
430,85,185,76885,10,1,24.424,ok
430,86,186,76687,10,1,29.808,ok
430,87,187,76804,10,1,29.095,ok
430,88,188,76912,10,1,19.575,ok
430,89,189,76668,10,1,23.62,ok
430,90,190,76571,10,1,27.369,ok
430,91,191,76637,10,1,31.052,ok
430,92,192,76398,10,1,38.163,ok
430,93,193,76708,10,1,30.082,ok
430,94,194,76203,10,1,35.463,ok
430,95,195,76813,10,1,30.567,ok
430,96,196,76855,10,1,30.29,ok
430,97,197,76632,10,1,26.512,ok
430,98,198,76606,10,1,26.14,ok
430,99,199,76702,10,1,23.44,ok
433,0,100,76075,10,1,26.64,ok
433,1,101,76156,10,1,26.005,ok
433,2,102,75963,10,1,28.673,ok
433,3,103,75490,10,1,27.018,ok
433,4,104,75444,10,1,32.445,ok
433,5,105,75949,10,1,28.769,ok
433,6,106,75815,10,1,33.298,ok
433,7,107,75674,10,1,28.353,ok
433,8,108,75321,10,1,28.0,ok
433,9,109,75252,10,1,27.262,ok
433,10,110,75639,10,1,22.404,ok
433,11,111,75978,10,1,24.965,ok
433,12,112,75502,10,1,23.532,ok
433,13,113,75730,10,1,28.339,ok
433,14,114,75512,10,1,23.832,ok
433,15,115,75542,10,1,26.96,ok
433,16,116,76033,10,1,30.04,ok
433,17,117,75792,10,1,25.909,ok
433,18,118,75759,10,1,26.21,ok
433,19,119,75866,10,1,23.976,ok
433,20,120,75445,10,1,22.969,ok
433,21,121,75804,10,1,23.576,ok
433,22,122,75560,10,1,23.898,ok
433,23,123,75762,10,1,23.501,ok
433,24,124,75801,10,1,32.992,ok
433,25,125,75862,10,1,25.314,ok
433,26,126,75933,10,1,28.154,ok
433,27,127,75887,10,1,31.614,ok
433,28,128,75716,10,1,29.655,ok
433,29,129,76025,10,1,28.312,ok
433,30,130,75915,10,1,24.017,ok
433,31,131,75785,10,1,23.064,ok
433,32,132,76038,10,1,22.838,ok
433,33,133,75610,10,1,28.386,ok
433,34,134,75817,10,1,27.843,ok
433,35,135,75595,10,1,30.135,ok
433,36,136,75638,10,1,31.331,ok
433,37,137,75589,10,1,22.613,ok
433,38,138,75740,10,1,23.812,ok
433,39,139,75877,10,1,23.508,ok
433,40,140,75673,10,1,26.671,ok
433,41,141,75674,10,1,31.661,ok
433,42,142,75670,10,1,24.667,ok
433,43,143,75529,10,1,26.856,ok
433,44,144,75443,10,1,25.344,ok
433,45,145,75407,10,1,26.646,ok
433,46,146,75784,10,1,25.02,ok
433,47,147,75248,10,1,26.579,ok
433,48,148,75703,10,1,24.19,ok
433,49,149,75372,10,1,26.487,ok
433,50,150,75720,10,1,31.713,ok
433,51,151,75820,10,1,26.116,ok
433,52,152,75671,10,1,28.81,ok
433,53,153,75853,10,1,27.091,ok
433,54,154,75964,10,1,27.205,ok
433,55,155,75796,10,1,24.701,ok
433,56,156,75378,10,1,25.584,ok
433,57,157,75561,10,1,25.618,ok
433,58,158,75678,10,1,23.301,ok
433,59,159,75891,10,1,28.828,ok
433,60,160,76084,10,1,30.953,ok
433,61,161,75491,10,1,23.497,ok
433,62,162,75599,10,1,23.213,ok
433,63,163,76004,10,1,25.245,ok
433,64,164,75885,10,1,25.497,ok
433,65,165,75661,10,1,25.965,ok
433,66,166,75569,10,1,29.927,ok
433,67,167,75731,10,1,28.351,ok
433,68,168,75438,10,1,28.022,ok
433,69,169,75520,10,1,32.724,ok
433,70,170,75612,10,1,24.795,ok
433,71,171,75945,10,1,23.379,ok
433,72,172,75806,10,1,27.511,ok
433,73,173,75955,10,1,26.856,ok
433,74,174,75534,10,1,27.006,ok
433,75,175,75628,10,1,23.008,ok
433,76,176,75827,10,1,24.162,ok
433,77,177,75678,10,1,25.641,ok
433,78,178,76284,10,1,25.731,ok
433,79,179,75437,10,1,24.792,ok
433,80,180,75562,10,1,23.5,ok
433,81,181,75933,10,1,31.265,ok
433,82,182,76273,10,1,27.068,ok
433,83,183,75479,10,1,31.785,ok
433,84,184,75895,10,1,32.206,ok
433,85,185,75707,10,1,25.531,ok
433,86,186,76155,10,1,25.853,ok
433,87,187,75617,10,1,31.329,ok
433,88,188,76293,10,1,27.43,ok
433,89,189,75495,10,1,28.091,ok
433,90,190,75595,10,1,22.96,ok
433,91,191,76050,10,1,30.751,ok
433,92,192,75634,10,1,23.985,ok
433,93,193,75555,10,1,24.224,ok
433,94,194,75811,10,1,23.231,ok
433,95,195,75984,10,1,29.116,ok
433,96,196,76123,10,1,28.528,ok
433,97,197,75720,10,1,28.52,ok
433,98,198,76075,10,1,33.786,ok
433,99,199,75658,10,1,27.957,ok
439,0,100,75146,10,1,37.198,ok
439,1,101,75202,10,1,39.198,ok
439,2,102,75573,10,1,29.642,ok
439,3,103,75385,10,1,41.165,ok
439,4,104,75386,10,1,36.115,ok
439,5,105,75344,10,1,32.893,ok
439,6,106,75506,10,1,37.799,ok
439,7,107,75393,10,1,40.197,ok
439,8,108,75354,10,1,40.139,ok
439,9,109,75201,10,1,36.849,ok
439,10,110,75149,10,1,30.82,ok
439,11,111,75701,10,1,32.521,ok
439,12,112,75426,10,1,30.98,ok
439,13,113,75503,10,1,37.373,ok
439,14,114,75503,10,1,36.507,ok
439,15,115,75842,10,1,34.443,ok
439,16,116,75620,10,1,42.77,ok
439,17,117,75546,10,1,35.053,ok
439,18,118,75316,10,1,40.875,ok
439,19,119,75517,10,1,44.204,ok
439,20,120,75474,10,1,44.023,ok
439,21,121,75739,10,1,42.688,ok
439,22,122,74837,10,1,33.497,ok
439,23,123,75312,10,1,43.179,ok
439,24,124,75304,10,1,44.682,ok
439,25,125,75398,10,1,33.394,ok
439,26,126,75454,10,1,33.592,ok
439,27,127,75787,10,1,31.738,ok
439,28,128,75229,10,1,32.895,ok
439,29,129,75728,10,1,32.435,ok
439,30,130,75407,10,1,29.242,ok
439,31,131,75647,10,1,36.445,ok
439,32,132,75727,10,1,37.698,ok
439,33,133,75395,10,1,38.265,ok
439,34,134,75815,10,1,39.3,ok
439,35,135,75698,10,1,40.198,ok
439,36,136,75744,10,1,37.036,ok
439,37,137,75339,10,1,39.451,ok
439,38,138,75412,10,1,42.354,ok
439,39,139,75554,10,1,41.96,ok
439,40,140,75373,10,1,36.475,ok
439,41,141,75404,10,1,37.268,ok
439,42,142,75205,10,1,30.359,ok
439,43,143,75445,10,1,42.627,ok
439,44,144,75273,10,1,38.104,ok
439,45,145,75347,10,1,37.443,ok
439,46,146,75156,10,1,40.225,ok
439,47,147,75085,10,1,37.808,ok
439,48,148,75179,10,1,36.246,ok
439,49,149,75480,10,1,37.721,ok
439,50,150,75306,10,1,32.718,ok
439,51,151,75202,10,1,38.607,ok
439,52,152,75748,10,1,36.81,ok
439,53,153,75488,10,1,44.339,ok
439,54,154,75580,10,1,32.042,ok
439,55,155,75430,10,1,44.883,ok
439,56,156,75106,10,1,39.593,ok
439,57,157,75559,10,1,49.001,ok
439,58,158,75428,10,1,43.645,ok
439,59,159,75190,10,1,40.636,ok
439,60,160,75517,10,1,36.318,ok
439,61,161,75628,10,1,39.582,ok
439,62,162,75892,10,1,40.858,ok
439,63,163,75339,10,1,33.589,ok
439,64,164,76202,10,1,34.213,ok
439,65,165,75390,10,1,43.383,ok
439,66,166,75777,10,1,50.84,ok
439,67,167,75597,10,1,43.842,ok
439,68,168,75732,10,1,40.651,ok
439,69,169,75553,10,1,42.907,ok
439,70,170,75670,10,1,31.998,ok
439,71,171,75582,10,1,43.837,ok
439,72,172,75374,10,1,38.281,ok
439,73,173,75331,10,1,39.177,ok
439,74,174,75434,10,1,38.74,ok
439,75,175,75683,10,1,39.704,ok
439,76,176,75597,10,1,42.7,ok
439,77,177,75348,10,1,37.401,ok
439,78,178,75111,10,1,41.554,ok
439,79,179,75847,10,1,31.001,ok
439,80,180,75299,10,1,40.255,ok
439,81,181,75700,10,1,45.019,ok
439,82,182,75772,10,1,37.59,ok
439,83,183,75582,10,1,36.503,ok
439,84,184,75519,10,1,36.448,ok
439,85,185,75669,10,1,42.681,ok
439,86,186,75423,10,1,32.871,ok
439,87,187,75733,10,1,41.248,ok
439,88,188,75554,10,1,33.701,ok
439,89,189,75217,10,1,30.99,ok
439,90,190,75315,10,1,41.19,ok
439,91,191,75422,10,1,37.466,ok
439,92,192,75208,10,1,36.206,ok
439,93,193,75574,10,1,39.938,ok
439,94,194,75582,10,1,39.413,ok
439,95,195,75006,10,1,32.922,ok
439,96,196,75448,10,1,30.454,ok
439,97,197,75332,10,1,36.166,ok
439,98,198,75751,10,1,45.135,ok
439,99,199,75353,10,1,49.342,ok
454,0,100,77656,10,1,39.061,ok
454,1,101,77572,10,1,39.25,ok
454,2,102,77577,10,1,40.167,ok
454,3,103,77656,10,1,36.252,ok
454,4,104,77546,10,1,35.67,ok
454,5,105,77859,10,1,36.659,ok
454,6,106,77719,10,1,36.895,ok
454,7,107,77970,10,1,33.173,ok
454,8,108,77615,10,1,33.222,ok
454,9,109,77823,10,1,30.454,ok
454,10,110,77902,10,1,38.994,ok
454,11,111,77789,10,1,40.679,ok
454,12,112,77830,10,1,40.259,ok
454,13,113,77500,10,1,43.494,ok
454,14,114,77657,10,1,41.641,ok
454,15,115,77869,10,1,35.771,ok
454,16,116,77424,10,1,38.219,ok
454,17,117,77699,10,1,41.128,ok
454,18,118,78176,10,1,39.326,ok
454,19,119,77755,10,1,40.306,ok
454,20,120,77315,10,1,33.135,ok
454,21,121,77565,10,1,34.053,ok
454,22,122,77831,10,1,36.602,ok
454,23,123,77444,10,1,33.322,ok
454,24,124,77846,10,1,33.484,ok
454,25,125,77649,10,1,33.865,ok
454,26,126,77752,10,1,32.563,ok
454,27,127,77733,10,1,31.136,ok
454,28,128,77474,10,1,39.054,ok
454,29,129,78159,10,1,33.997,ok
454,30,130,77988,10,1,32.86,ok
454,31,131,77773,10,1,40.782,ok
454,32,132,77618,10,1,43.067,ok
454,33,133,77817,10,1,38.094,ok
454,34,134,77408,10,1,41.947,ok
454,35,135,77381,10,1,35.251,ok
454,36,136,77526,10,1,37.008,ok
454,37,137,77313,10,1,33.595,ok
454,38,138,77201,10,1,39.279,ok
454,39,139,77622,10,1,38.235,ok
454,40,140,77495,10,1,42.189,ok
454,41,141,77484,10,1,38.309,ok
454,42,142,77224,10,1,38.398,ok
454,43,143,77758,10,1,36.927,ok
454,44,144,77587,10,1,37.545,ok
454,45,145,78020,10,1,35.771,ok
454,46,146,77545,10,1,34.505,ok
454,47,147,77424,10,1,36.228,ok
454,48,148,77741,10,1,35.189,ok
454,49,149,77595,10,1,35.629,ok
454,50,150,77533,10,1,33.238,ok
454,51,151,77984,10,1,34.267,ok
454,52,152,77821,10,1,33.606,ok
454,53,153,77371,10,1,36.908,ok
454,54,154,77474,10,1,39.603,ok
454,55,155,77568,10,1,42.156,ok
454,56,156,77564,10,1,40.768,ok
454,57,157,78060,10,1,42.053,ok
454,58,158,78125,10,1,40.655,ok
454,59,159,77783,10,1,39.991,ok
454,60,160,77926,10,1,36.883,ok
454,61,161,77506,10,1,39.395,ok
454,62,162,77508,10,1,40.57,ok
454,63,163,78117,10,1,40.727,ok
454,64,164,77231,10,1,42.2,ok
454,65,165,78148,10,1,38.212,ok
454,66,166,77739,10,1,37.483,ok
454,67,167,77329,10,1,34.908,ok
454,68,168,77904,10,1,35.412,ok
454,69,169,77257,10,1,38.634,ok
454,70,170,77841,10,1,40.063,ok
454,71,171,77613,10,1,38.937,ok
454,72,172,77632,10,1,37.101,ok
454,73,173,77941,10,1,37.653,ok
454,74,174,77554,10,1,37.822,ok
454,75,175,77865,10,1,35.447,ok
454,76,176,77544,10,1,34.862,ok
454,77,177,77597,10,1,34.618,ok
454,78,178,77709,10,1,37.322,ok
454,79,179,77898,10,1,40.93,ok
454,80,180,77595,10,1,42.906,ok
454,81,181,77487,10,1,36.098,ok
454,82,182,77920,10,1,39.4,ok
454,83,183,77665,10,1,38.2,ok
454,84,184,77499,10,1,34.585,ok
454,85,185,77394,10,1,35.363,ok
454,86,186,77929,10,1,34.098,ok
454,87,187,77832,10,1,35.101,ok
454,88,188,77874,10,1,38.999,ok
454,89,189,77670,10,1,34.099,ok
454,90,190,77802,10,1,36.902,ok
454,91,191,77691,10,1,33.826,ok
454,92,192,77752,10,1,31.0,ok
454,93,193,77310,10,1,34.661,ok
454,94,194,78176,10,1,37.316,ok
454,95,195,77700,10,1,35.619,ok
454,96,196,77666,10,1,33.572,ok
454,97,197,77543,10,1,35.199,ok
454,98,198,77767,10,1,34.785,ok
454,99,199,77685,10,1,32.009,ok
464,0,100,78539,10,1,52.435,ok
464,1,101,78381,10,1,63.099,ok
464,2,102,77934,10,1,51.837,ok
464,3,103,78049,10,1,45.491,ok
464,4,104,78319,10,1,34.925,ok
464,5,105,78292,10,1,74.006,ok
464,6,106,78367,10,1,48.267,ok
464,7,107,78309,10,1,48.623,ok
464,8,108,77819,10,1,35.304,ok
464,9,109,78045,10,1,37.739,ok
464,10,110,78191,10,1,82.006,ok
464,11,111,78120,10,1,45.788,ok
464,12,112,77980,10,1,51.397,ok
464,13,113,78264,10,1,39.883,ok
464,14,114,77937,10,1,25.391,ok
464,15,115,77915,10,1,57.8,ok
464,16,116,78369,10,1,41.856,ok
464,17,117,77728,10,1,45.342,ok
464,18,118,78110,10,1,35.042,ok
464,19,119,78550,10,1,32.649,ok
464,20,120,78376,10,1,33.768,ok
464,21,121,78204,10,1,34.085,ok
464,22,122,78059,10,1,31.214,ok
464,23,123,77577,10,1,35.128,ok
464,24,124,78223,10,1,36.421,ok
464,25,125,78080,10,1,35.272,ok
464,26,126,77937,10,1,28.253,ok
464,27,127,78160,10,1,33.542,ok
464,28,128,78203,10,1,34.693,ok
464,29,129,78307,10,1,42.168,ok
464,30,130,78287,10,1,32.85,ok
464,31,131,78474,10,1,31.897,ok
464,32,132,77912,10,1,30.898,ok
464,33,133,78535,10,1,36.784,ok
464,34,134,78031,10,1,46.619,ok
464,35,135,78226,10,1,39.801,ok
464,36,136,78211,10,1,41.639,ok
464,37,137,78407,10,1,41.535,ok
464,38,138,78035,10,1,54.741,ok
464,39,139,78188,10,1,74.707,ok
464,40,140,77908,10,1,31.587,ok
464,41,141,78040,10,1,33.759,ok
464,42,142,78260,10,1,37.403,ok
464,43,143,78302,10,1,39.056,ok
464,44,144,78104,10,1,54.6,ok
464,45,145,77500,10,1,34.937,ok
464,46,146,78306,10,1,27.231,ok
464,47,147,77814,10,1,39.409,ok
464,48,148,77689,10,1,40.93,ok
464,49,149,78091,10,1,58.887,ok
464,50,150,78119,10,1,39.459,ok
464,51,151,77959,10,1,42.772,ok
464,52,152,77940,10,1,50.615,ok
464,53,153,78002,10,1,75.044,ok
464,54,154,78039,10,1,73.623,ok
464,55,155,77973,10,1,31.028,ok
464,56,156,78147,10,1,36.121,ok
464,57,157,78293,10,1,51.696,ok
464,58,158,78116,10,1,75.42,ok
464,59,159,77977,10,1,74.629,ok
464,60,160,78439,10,1,45.461,ok
464,61,161,78264,10,1,66.622,ok
464,62,162,78301,10,1,64.296,ok
464,63,163,78171,10,1,39.247,ok
464,64,164,77996,10,1,33.225,ok
464,65,165,78417,10,1,67.717,ok
464,66,166,78070,10,1,70.045,ok
464,67,167,77993,10,1,40.125,ok
464,68,168,77744,10,1,26.679,ok
464,69,169,78000,10,1,36.369,ok
464,70,170,77994,10,1,69.991,ok
464,71,171,78330,10,1,61.413,ok
464,72,172,78276,10,1,43.021,ok
464,73,173,78506,10,1,33.194,ok
464,74,174,78190,10,1,35.95,ok
464,75,175,78000,10,1,45.81,ok
464,76,176,78018,10,1,47.322,ok
464,77,177,78160,10,1,37.027,ok
464,78,178,78248,10,1,28.133,ok
464,79,179,78172,10,1,45.531,ok
464,80,180,78405,10,1,65.271,ok
464,81,181,78418,10,1,44.123,ok
464,82,182,78015,10,1,38.129,ok
464,83,183,78281,10,1,43.604,ok
464,84,184,78266,10,1,41.196,ok
464,85,185,78263,10,1,57.019,ok
464,86,186,78070,10,1,39.126,ok
464,87,187,77849,10,1,28.1,ok
464,88,188,78777,10,1,38.856,ok
464,89,189,78251,10,1,36.018,ok
464,90,190,78134,10,1,45.596,ok
464,91,191,78439,10,1,39.257,ok
464,92,192,78449,10,1,48.322,ok
464,93,193,77817,10,1,47.41,ok
464,94,194,77904,10,1,42.725,ok
464,95,195,78222,10,1,43.045,ok
464,96,196,77840,10,1,37.148,ok
464,97,197,78378,10,1,42.874,ok
464,98,198,78235,10,1,42.869,ok
464,99,199,78471,10,1,41.768,ok
465,0,100,78230,10,1,40.377,ok
465,1,101,78401,10,1,36.058,ok
465,2,102,78521,10,1,39.18,ok
465,3,103,78092,10,1,39.103,ok
465,4,104,78509,10,1,41.564,ok
465,5,105,78182,10,1,37.578,ok
465,6,106,78436,10,1,37.863,ok
465,7,107,78216,10,1,39.055,ok
465,8,108,78570,10,1,38.275,ok
465,9,109,78190,10,1,40.195,ok
465,10,110,78106,10,1,37.194,ok
465,11,111,78251,10,1,38.016,ok
465,12,112,78427,10,1,38.055,ok
465,13,113,78032,10,1,39.736,ok
465,14,114,78324,10,1,39.702,ok
465,15,115,77983,10,1,39.264,ok
465,16,116,78471,10,1,37.008,ok
465,17,117,78056,10,1,38.251,ok
465,18,118,78070,10,1,38.706,ok
465,19,119,78559,10,1,31.453,ok
465,20,120,78053,10,1,31.854,ok
465,21,121,77861,10,1,40.53,ok
465,22,122,78439,10,1,38.391,ok
465,23,123,77784,10,1,40.242,ok
465,24,124,78470,10,1,40.949,ok
465,25,125,78323,10,1,36.302,ok
465,26,126,78360,10,1,35.489,ok
465,27,127,78332,10,1,33.069,ok
465,28,128,78461,10,1,35.941,ok
465,29,129,79002,10,1,37.275,ok
465,30,130,78525,10,1,36.865,ok
465,31,131,78140,10,1,37.572,ok
465,32,132,78498,10,1,38.352,ok
465,33,133,78200,10,1,41.482,ok
465,34,134,78624,10,1,37.997,ok
465,35,135,77985,10,1,37.15,ok
465,36,136,78051,10,1,35.415,ok
465,37,137,78241,10,1,34.757,ok
465,38,138,77966,10,1,34.732,ok
465,39,139,78268,10,1,38.073,ok
465,40,140,78683,10,1,39.978,ok
465,41,141,78517,10,1,39.261,ok
465,42,142,78444,10,1,39.229,ok
465,43,143,78603,10,1,39.151,ok
465,44,144,77816,10,1,40.066,ok
465,45,145,78088,10,1,40.158,ok
465,46,146,78219,10,1,39.465,ok
465,47,147,78425,10,1,37.832,ok
465,48,148,78393,10,1,40.692,ok
465,49,149,78195,10,1,39.985,ok
465,50,150,78133,10,1,38.596,ok
465,51,151,78390,10,1,39.78,ok
465,52,152,78443,10,1,38.911,ok
465,53,153,78161,10,1,38.183,ok
465,54,154,78325,10,1,38.354,ok
465,55,155,78700,10,1,36.725,ok
465,56,156,78489,10,1,38.694,ok
465,57,157,78519,10,1,38.923,ok
465,58,158,78209,10,1,37.435,ok
465,59,159,78427,10,1,39.253,ok
465,60,160,78544,10,1,38.094,ok
465,61,161,78505,10,1,39.672,ok
465,62,162,78224,10,1,38.533,ok
465,63,163,78193,10,1,39.98,ok
465,64,164,78437,10,1,39.989,ok
465,65,165,78416,10,1,35.814,ok
465,66,166,78278,10,1,39.183,ok
465,67,167,78548,10,1,38.896,ok
465,68,168,78583,10,1,39.941,ok
465,69,169,78470,10,1,40.812,ok
465,70,170,78557,10,1,39.294,ok
465,71,171,78483,10,1,39.513,ok
465,72,172,78169,10,1,38.601,ok
465,73,173,78314,10,1,39.885,ok
465,74,174,78125,10,1,40.259,ok
465,75,175,78345,10,1,36.869,ok
465,76,176,78134,10,1,37.661,ok
465,77,177,78145,10,1,38.509,ok
465,78,178,77928,10,1,38.426,ok
465,79,179,78430,10,1,35.067,ok
465,80,180,78464,10,1,39.573,ok
465,81,181,78208,10,1,41.234,ok
465,82,182,78337,10,1,41.742,ok
465,83,183,78626,10,1,40.994,ok
465,84,184,78226,10,1,38.763,ok
465,85,185,78087,10,1,40.627,ok
465,86,186,78338,10,1,40.395,ok
465,87,187,78347,10,1,40.7,ok
465,88,188,78918,10,1,40.257,ok
465,89,189,78723,10,1,39.222,ok
465,90,190,78096,10,1,33.931,ok
465,91,191,78335,10,1,37.391,ok
465,92,192,78074,10,1,39.344,ok
465,93,193,78192,10,1,36.73,ok
465,94,194,78047,10,1,38.897,ok
465,95,195,78353,10,1,35.977,ok
465,96,196,77764,10,1,39.765,ok
465,97,197,78125,10,1,42.502,ok
465,98,198,78489,10,1,38.207,ok
465,99,199,78435,10,1,36.847,ok
479,0,100,73598,10,1,26.703,ok
479,1,101,73277,10,1,24.875,ok
479,2,102,73570,10,1,22.532,ok
479,3,103,73535,10,1,26.298,ok
479,4,104,73397,10,1,29.512,ok
479,5,105,73529,10,1,25.412,ok
479,6,106,73152,10,1,22.481,ok
479,7,107,73278,10,1,23.089,ok
479,8,108,72901,10,1,23.642,ok
479,9,109,73524,10,1,28.282,ok
479,10,110,73540,10,1,25.484,ok
479,11,111,73145,10,1,25.95,ok
479,12,112,73355,10,1,26.254,ok
479,13,113,73420,10,1,28.377,ok
479,14,114,73255,10,1,23.333,ok
479,15,115,73342,10,1,26.331,ok
479,16,116,73619,10,1,28.3,ok
479,17,117,73185,10,1,27.145,ok
479,18,118,73370,10,1,31.263,ok
479,19,119,73201,10,1,26.175,ok
479,20,120,72750,10,1,27.224,ok
479,21,121,73232,10,1,29.747,ok
479,22,122,73239,10,1,26.255,ok
479,23,123,73279,10,1,29.854,ok
479,24,124,73271,10,1,28.958,ok
479,25,125,73262,10,1,30.935,ok
479,26,126,73298,10,1,26.054,ok
479,27,127,73165,10,1,23.861,ok
479,28,128,73243,10,1,30.308,ok
479,29,129,73502,10,1,35.546,ok
479,30,130,73455,10,1,29.523,ok
479,31,131,72865,10,1,26.857,ok
479,32,132,73367,10,1,25.915,ok
479,33,133,73315,10,1,25.382,ok
479,34,134,73255,10,1,25.077,ok
479,35,135,72977,10,1,23.43,ok
479,36,136,72898,10,1,28.649,ok
479,37,137,73223,10,1,35.683,ok
479,38,138,73268,10,1,29.174,ok
479,39,139,73674,10,1,27.423,ok
479,40,140,73276,10,1,27.87,ok
479,41,141,73213,10,1,28.16,ok
479,42,142,73165,10,1,28.083,ok
479,43,143,73344,10,1,35.287,ok
479,44,144,72839,10,1,23.527,ok
479,45,145,73835,10,1,27.173,ok
479,46,146,73131,10,1,28.206,ok
479,47,147,73562,10,1,23.921,ok
479,48,148,73549,10,1,22.694,ok
479,49,149,73088,10,1,21.789,ok
479,50,150,73229,10,1,21.955,ok
479,51,151,73076,10,1,23.496,ok
479,52,152,73124,10,1,26.953,ok
479,53,153,73053,10,1,23.194,ok
479,54,154,72947,10,1,24.059,ok
479,55,155,73212,10,1,30.734,ok
479,56,156,73662,10,1,24.679,ok
479,57,157,73279,10,1,30.135,ok
479,58,158,73454,10,1,24.158,ok
479,59,159,73078,10,1,29.167,ok
479,60,160,73593,10,1,35.412,ok
479,61,161,73351,10,1,29.617,ok
479,62,162,72989,10,1,35.871,ok
479,63,163,73560,10,1,30.755,ok
479,64,164,73163,10,1,31.341,ok
479,65,165,73072,10,1,26.884,ok
479,66,166,73983,10,1,31.665,ok
479,67,167,72880,10,1,29.261,ok
479,68,168,73559,10,1,33.182,ok
479,69,169,73197,10,1,33.249,ok
479,70,170,73340,10,1,37.673,ok
479,71,171,73234,10,1,34.274,ok
479,72,172,73190,10,1,30.691,ok
479,73,173,73241,10,1,30.237,ok
479,74,174,73179,10,1,30.042,ok
479,75,175,73419,10,1,24.177,ok
479,76,176,73619,10,1,28.822,ok
479,77,177,73524,10,1,33.932,ok
479,78,178,73027,10,1,33.648,ok
479,79,179,73362,10,1,28.961,ok
479,80,180,73163,10,1,30.092,ok
479,81,181,73492,10,1,35.895,ok
479,82,182,73316,10,1,28.921,ok
479,83,183,73032,10,1,26.358,ok
479,84,184,73252,10,1,30.114,ok
479,85,185,73082,10,1,35.085,ok
479,86,186,73234,10,1,29.842,ok
479,87,187,73447,10,1,31.45,ok
479,88,188,73407,10,1,33.071,ok
479,89,189,73391,10,1,30.27,ok
479,90,190,73286,10,1,37.675,ok
479,91,191,73578,10,1,31.782,ok
479,92,192,73408,10,1,28.973,ok
479,93,193,73224,10,1,32.002,ok
479,94,194,73067,10,1,32.102,ok
479,95,195,73020,10,1,31.277,ok
479,96,196,73402,10,1,31.318,ok
479,97,197,73240,10,1,30.033,ok
479,98,198,73364,10,1,27.686,ok
479,99,199,73586,10,1,28.326,ok
490,0,100,77314,10,1,31425.154,ok
490,1,101,77316,10,1,33.833,ok
490,2,102,77183,10,1,30.195,ok
490,3,103,77183,10,1,43.027,ok
490,4,104,77152,10,1,34.176,ok
490,5,105,77360,10,1,35.155,ok
490,6,106,77123,10,1,52.664,ok
490,7,107,77520,10,1,35.549,ok
490,8,108,77267,10,1,36.557,ok
490,9,109,77420,10,1,38.497,ok
490,10,110,77181,10,1,30.763,ok
490,11,111,77552,10,1,40.661,ok
490,12,112,77759,10,1,32.051,ok
490,13,113,77191,10,1,28.856,ok
490,14,114,77444,10,1,31.039,ok
490,15,115,77798,10,1,41.661,ok
490,16,116,77430,10,1,42.0,ok
490,17,117,77187,10,1,32.604,ok
490,18,118,77380,10,1,36.738,ok
490,19,119,77355,10,1,38.073,ok
490,20,120,77444,10,1,51.877,ok
490,21,121,77514,10,1,36.049,ok
490,22,122,77261,10,1,36.541,ok
490,23,123,77747,10,1,38.865,ok
490,24,124,76976,10,1,40.305,ok
490,25,125,77307,10,1,43.413,ok
490,26,126,77754,10,1,33.248,ok
490,27,127,77229,10,1,34.393,ok
490,28,128,77059,10,1,43.324,ok
490,29,129,77899,10,1,38.144,ok
490,30,130,77463,10,1,47.951,ok
490,31,131,77228,10,1,30.914,ok
490,32,132,77588,10,1,32.736,ok
490,33,133,77326,10,1,36.893,ok
490,34,134,77427,10,1,34.316,ok
490,35,135,77550,10,1,33.122,ok
490,36,136,77192,10,1,32.26,ok
490,37,137,77443,10,1,39.161,ok
490,38,138,77385,10,1,42.522,ok
490,39,139,77461,10,1,37.407,ok
490,40,140,77051,10,1,28.408,ok
490,41,141,77554,10,1,34.532,ok
490,42,142,77413,10,1,40.635,ok
490,43,143,77364,10,1,40.165,ok
490,44,144,77692,10,1,37.528,ok
490,45,145,77166,10,1,36.723,ok
490,46,146,77086,10,1,34.583,ok
490,47,147,77201,10,1,33.905,ok
490,48,148,77178,10,1,36.426,ok
490,49,149,77307,10,1,30.925,ok
490,50,150,77107,10,1,38.822,ok
490,51,151,77560,10,1,39.289,ok
490,52,152,77350,10,1,41.041,ok
490,53,153,77510,10,1,34.24,ok
490,54,154,77697,10,1,33.838,ok
490,55,155,77476,10,1,40.062,ok
490,56,156,77446,10,1,37.946,ok
490,57,157,77531,10,1,40.037,ok
490,58,158,77565,10,1,40.964,ok
490,59,159,77143,10,1,43.892,ok
490,60,160,77275,10,1,39.888,ok
490,61,161,77509,10,1,38.853,ok
490,62,162,76968,10,1,37.995,ok
490,63,163,77481,10,1,42.591,ok
490,64,164,77418,10,1,38.808,ok
490,65,165,77295,10,1,34.053,ok
490,66,166,77303,10,1,32.825,ok
490,67,167,77578,10,1,36.866,ok
490,68,168,77578,10,1,33.983,ok
490,69,169,77228,10,1,34.951,ok
490,70,170,76891,10,1,38.414,ok
490,71,171,78067,10,1,40.256,ok
490,72,172,77297,10,1,35.542,ok
490,73,173,77217,10,1,42.48,ok
490,74,174,77495,10,1,37.457,ok
490,75,175,77351,10,1,33.126,ok
490,76,176,77534,10,1,31.0,ok
490,77,177,76832,10,1,34.209,ok
490,78,178,77392,10,1,30.819,ok
490,79,179,77420,10,1,31.326,ok
490,80,180,77216,10,1,37.092,ok
490,81,181,77293,10,1,37.277,ok
490,82,182,77501,10,1,37.319,ok
490,83,183,77426,10,1,37.007,ok
490,84,184,77237,10,1,36.451,ok
490,85,185,77203,10,1,39.98,ok
490,86,186,77408,10,1,35.068,ok
490,87,187,77442,10,1,34.231,ok
490,88,188,77077,10,1,33.701,ok
490,89,189,77684,10,1,31.152,ok
490,90,190,77131,10,1,45.514,ok
490,91,191,78035,10,1,35.427,ok
490,92,192,77687,10,1,36.186,ok
490,93,193,77405,10,1,37.916,ok
490,94,194,77467,10,1,37.301,ok
490,95,195,77464,10,1,36.145,ok
490,96,196,77405,10,1,35.48,ok
490,97,197,77413,10,1,37.06,ok
490,98,198,77577,10,1,34.285,ok
490,99,199,77232,10,1,34.399,ok
516,0,100,78876,10,1,25.396,ok
516,1,101,79673,10,1,32.717,ok
516,2,102,79678,10,1,30.758,ok
516,3,103,79184,10,1,26.078,ok
516,4,104,78952,10,1,34.08,ok
516,5,105,79215,10,1,30.708,ok
516,6,106,79098,10,1,30.117,ok
516,7,107,79139,10,1,24.187,ok
516,8,108,79506,10,1,23.812,ok
516,9,109,79544,10,1,31.527,ok
516,10,110,79136,10,1,31.06,ok
516,11,111,79494,10,1,28.584,ok
516,12,112,79481,10,1,26.541,ok
516,13,113,79511,10,1,35.406,ok
516,14,114,79388,10,1,30.929,ok
516,15,115,79434,10,1,31.58,ok
516,16,116,79167,10,1,24.657,ok
516,17,117,79297,10,1,37.928,ok
516,18,118,79696,10,1,35.704,ok
516,19,119,79169,10,1,27.218,ok
516,20,120,79548,10,1,28.138,ok
516,21,121,79112,10,1,33.395,ok
516,22,122,79212,10,1,28.718,ok
516,23,123,79113,10,1,28.212,ok
516,24,124,79487,10,1,28.364,ok
516,25,125,79199,10,1,38.696,ok
516,26,126,79651,10,1,32.8,ok
516,27,127,79044,10,1,27.103,ok
516,28,128,79316,10,1,30.411,ok
516,29,129,79511,10,1,29.193,ok
516,30,130,79555,10,1,31.959,ok
516,31,131,79171,10,1,33.294,ok
516,32,132,79144,10,1,32.271,ok
516,33,133,79234,10,1,40.863,ok
516,34,134,79407,10,1,31.267,ok
516,35,135,79214,10,1,36.268,ok
516,36,136,79792,10,1,40.488,ok
516,37,137,79534,10,1,41.564,ok
516,38,138,79709,10,1,32.152,ok
516,39,139,79277,10,1,40.655,ok
516,40,140,79262,10,1,32.63,ok
516,41,141,79470,10,1,33.73,ok
516,42,142,79192,10,1,26.724,ok
516,43,143,79240,10,1,33.391,ok
516,44,144,79402,10,1,30.025,ok
516,45,145,79319,10,1,25.933,ok
516,46,146,79667,10,1,29.522,ok
516,47,147,79868,10,1,33.119,ok
516,48,148,79351,10,1,33.192,ok
516,49,149,79327,10,1,31.305,ok
516,50,150,79072,10,1,29.387,ok
516,51,151,79540,10,1,31.216,ok
516,52,152,79276,10,1,30.868,ok
516,53,153,79319,10,1,33.742,ok
516,54,154,79627,10,1,34.324,ok
516,55,155,79228,10,1,33.053,ok
516,56,156,79353,10,1,36.785,ok
516,57,157,79449,10,1,25.366,ok
516,58,158,79297,10,1,27.345,ok
516,59,159,79236,10,1,27.958,ok
516,60,160,79051,10,1,32.73,ok
516,61,161,79147,10,1,25.469,ok
516,62,162,79284,10,1,26.285,ok
516,63,163,79564,10,1,26.67,ok
516,64,164,79258,10,1,29.194,ok
516,65,165,79322,10,1,23.498,ok
516,66,166,79385,10,1,32.69,ok
516,67,167,79267,10,1,32.356,ok
516,68,168,79577,10,1,36.444,ok
516,69,169,79209,10,1,39.197,ok
516,70,170,79216,10,1,36.765,ok
516,71,171,79320,10,1,28.435,ok
516,72,172,78979,10,1,31.811,ok
516,73,173,79637,10,1,27.879,ok
516,74,174,79434,10,1,36.86,ok
516,75,175,79530,10,1,37.542,ok
516,76,176,79228,10,1,35.399,ok
516,77,177,79469,10,1,35.144,ok
516,78,178,79150,10,1,36.662,ok
516,79,179,79521,10,1,34.238,ok
516,80,180,79188,10,1,37.777,ok
516,81,181,79181,10,1,28.607,ok
516,82,182,79855,10,1,30.21,ok
516,83,183,79629,10,1,28.964,ok
516,84,184,79184,10,1,28.788,ok
516,85,185,79393,10,1,36.79,ok
516,86,186,79249,10,1,24.702,ok
516,87,187,79241,10,1,27.126,ok
516,88,188,79253,10,1,28.755,ok
516,89,189,79134,10,1,26.314,ok
516,90,190,79566,10,1,26.879,ok
516,91,191,79016,10,1,35.312,ok
516,92,192,79697,10,1,27.167,ok
516,93,193,79027,10,1,31.293,ok
516,94,194,79676,10,1,28.64,ok
516,95,195,79427,10,1,25.46,ok
516,96,196,79412,10,1,32.551,ok
516,97,197,79355,10,1,33.323,ok
516,98,198,79412,10,1,26.912,ok
516,99,199,79380,10,1,21.793,ok
524,0,100,75062,10,1,28.323,ok
524,1,101,75286,10,1,26.105,ok
524,2,102,74952,10,1,24.948,ok
524,3,103,74900,10,1,25.562,ok
524,4,104,75308,10,1,26.393,ok
524,5,105,74946,10,1,24.697,ok
524,6,106,74792,10,1,24.769,ok
524,7,107,75215,10,1,22.347,ok
524,8,108,75184,10,1,23.542,ok
524,9,109,75066,10,1,28.293,ok
524,10,110,75005,10,1,22.146,ok
524,11,111,75036,10,1,26.837,ok
524,12,112,75053,10,1,26.662,ok
524,13,113,74930,10,1,29.425,ok
524,14,114,75095,10,1,27.723,ok
524,15,115,74824,10,1,29.418,ok
524,16,116,74965,10,1,25.501,ok
524,17,117,74746,10,1,28.57,ok
524,18,118,75000,10,1,26.533,ok
524,19,119,75146,10,1,28.141,ok
524,20,120,75247,10,1,29.911,ok
524,21,121,75334,10,1,29.582,ok
524,22,122,74985,10,1,27.527,ok
524,23,123,74972,10,1,28.328,ok
524,24,124,75298,10,1,32.363,ok
524,25,125,74954,10,1,27.173,ok
524,26,126,75096,10,1,23.074,ok
524,27,127,75100,10,1,25.821,ok
524,28,128,74849,10,1,28.981,ok
524,29,129,75370,10,1,25.778,ok
524,30,130,75221,10,1,24.991,ok
524,31,131,74597,10,1,26.444,ok
524,32,132,74816,10,1,25.511,ok
524,33,133,74874,10,1,28.456,ok
524,34,134,74857,10,1,26.278,ok
524,35,135,75297,10,1,26.743,ok
524,36,136,74813,10,1,23.833,ok
524,37,137,75186,10,1,25.11,ok
524,38,138,75057,10,1,25.866,ok
524,39,139,75338,10,1,26.429,ok
524,40,140,75207,10,1,28.196,ok
524,41,141,75544,10,1,30.621,ok
524,42,142,74739,10,1,30.429,ok
524,43,143,75188,10,1,31.544,ok
524,44,144,75047,10,1,30.249,ok
524,45,145,75683,10,1,28.045,ok
524,46,146,75097,10,1,23.955,ok
524,47,147,75024,10,1,29.336,ok
524,48,148,74810,10,1,24.26,ok
524,49,149,75099,10,1,26.506,ok
524,50,150,74634,10,1,28.206,ok
524,51,151,74930,10,1,32.541,ok
524,52,152,74823,10,1,28.764,ok
524,53,153,74594,10,1,26.966,ok
524,54,154,75198,10,1,30.724,ok
524,55,155,74836,10,1,27.159,ok
524,56,156,75080,10,1,28.397,ok
524,57,157,74651,10,1,29.266,ok
524,58,158,74846,10,1,30.26,ok
524,59,159,74672,10,1,35.124,ok
524,60,160,74996,10,1,27.159,ok
524,61,161,74977,10,1,24.724,ok
524,62,162,74713,10,1,21.195,ok
524,63,163,74934,10,1,24.578,ok
524,64,164,74608,10,1,30.555,ok
524,65,165,74565,10,1,29.81,ok
524,66,166,74839,10,1,30.575,ok
524,67,167,74932,10,1,31.802,ok
524,68,168,74902,10,1,38.884,ok
524,69,169,74988,10,1,30.73,ok
524,70,170,74900,10,1,26.14,ok
524,71,171,75094,10,1,27.04,ok
524,72,172,74989,10,1,27.607,ok
524,73,173,74584,10,1,36.54,ok
524,74,174,74618,10,1,32.546,ok
524,75,175,74555,10,1,24.769,ok
524,76,176,75159,10,1,26.921,ok
524,77,177,74848,10,1,28.532,ok
524,78,178,74759,10,1,33.739,ok
524,79,179,74288,10,1,27.465,ok
524,80,180,74898,10,1,29.05,ok
524,81,181,75091,10,1,31.522,ok
524,82,182,74827,10,1,31.306,ok
524,83,183,75103,10,1,35.747,ok
524,84,184,74904,10,1,29.735,ok
524,85,185,74929,10,1,26.989,ok
524,86,186,74982,10,1,25.723,ok
524,87,187,74616,10,1,28.73,ok
524,88,188,75193,10,1,26.053,ok
524,89,189,75151,10,1,21.147,ok
524,90,190,75173,10,1,34.252,ok
524,91,191,75008,10,1,31.375,ok
524,92,192,75174,10,1,32.878,ok
524,93,193,74867,10,1,26.935,ok
524,94,194,74885,10,1,27.214,ok
524,95,195,74985,10,1,28.532,ok
524,96,196,75025,10,1,26.109,ok
524,97,197,74934,10,1,25.095,ok
524,98,198,74977,10,1,30.726,ok
524,99,199,75317,10,1,22.642,ok
525,0,100,75722,10,1,31.606,ok
525,1,101,76200,10,1,30.173,ok
525,2,102,75902,10,1,29.779,ok
525,3,103,75845,10,1,31.348,ok
525,4,104,75649,10,1,30.516,ok
525,5,105,75826,10,1,31.67,ok
525,6,106,75701,10,1,33.654,ok
525,7,107,75486,10,1,33.331,ok
525,8,108,76055,10,1,35.457,ok
525,9,109,75708,10,1,34.673,ok
525,10,110,75752,10,1,31.056,ok
525,11,111,75606,10,1,34.118,ok
525,12,112,75834,10,1,33.684,ok
525,13,113,76271,10,1,34.466,ok
525,14,114,76052,10,1,32.777,ok
525,15,115,75718,10,1,33.62,ok
525,16,116,75721,10,1,30.531,ok
525,17,117,75646,10,1,31.784,ok
525,18,118,75659,10,1,32.284,ok
525,19,119,75489,10,1,32.206,ok
525,20,120,76126,10,1,32.139,ok
525,21,121,75714,10,1,33.415,ok
525,22,122,75345,10,1,34.559,ok
525,23,123,76080,10,1,35.476,ok
525,24,124,75458,10,1,36.188,ok
525,25,125,76029,10,1,37.199,ok
525,26,126,76198,10,1,35.928,ok
525,27,127,75463,10,1,36.545,ok
525,28,128,75659,10,1,35.541,ok
525,29,129,75902,10,1,34.207,ok
525,30,130,75783,10,1,33.058,ok
525,31,131,75680,10,1,35.766,ok
525,32,132,75952,10,1,32.545,ok
525,33,133,75356,10,1,33.149,ok
525,34,134,76223,10,1,33.412,ok
525,35,135,76002,10,1,36.849,ok
525,36,136,76172,10,1,36.142,ok
525,37,137,75390,10,1,36.657,ok
525,38,138,75928,10,1,34.596,ok
525,39,139,76033,10,1,35.023,ok
525,40,140,75867,10,1,32.029,ok
525,41,141,75682,10,1,32.105,ok
525,42,142,76247,10,1,32.527,ok
525,43,143,75772,10,1,32.345,ok
525,44,144,75765,10,1,33.609,ok
525,45,145,75935,10,1,33.097,ok
525,46,146,75813,10,1,29.533,ok
525,47,147,76215,10,1,33.456,ok
525,48,148,75903,10,1,35.387,ok
525,49,149,75644,10,1,30.445,ok
525,50,150,75495,10,1,34.1,ok
525,51,151,75720,10,1,31.982,ok
525,52,152,75514,10,1,31.03,ok
525,53,153,75659,10,1,27.183,ok
525,54,154,76071,10,1,53.606,ok
525,55,155,75758,10,1,34.487,ok
525,56,156,76066,10,1,33.621,ok
525,57,157,75334,10,1,26.44,ok
525,58,158,76060,10,1,50.787,ok
525,59,159,75850,10,1,25.146,ok
525,60,160,75866,10,1,31.773,ok
525,61,161,75820,10,1,27.659,ok
525,62,162,75772,10,1,57.74,ok
525,63,163,75472,10,1,25.131,ok
525,64,164,75579,10,1,37.288,ok
525,65,165,75528,10,1,32.877,ok
525,66,166,75867,10,1,30.597,ok
525,67,167,75868,10,1,38.635,ok
525,68,168,75663,10,1,35.932,ok
525,69,169,75839,10,1,40.993,ok
525,70,170,76055,10,1,30.784,ok
525,71,171,75903,10,1,51.065,ok
525,72,172,75974,10,1,28.481,ok
525,73,173,75553,10,1,30.889,ok
525,74,174,76196,10,1,38.328,ok
525,75,175,75643,10,1,27.67,ok
525,76,176,75518,10,1,50.712,ok
525,77,177,75815,10,1,27.057,ok
525,78,178,75982,10,1,34.445,ok
525,79,179,75579,10,1,34.381,ok
525,80,180,75523,10,1,26.104,ok
525,81,181,76076,10,1,48.735,ok
525,82,182,75939,10,1,28.738,ok
525,83,183,75935,10,1,32.448,ok
525,84,184,75914,10,1,35.54,ok
525,85,185,75600,10,1,42.83,ok
525,86,186,76008,10,1,26.407,ok
525,87,187,75622,10,1,28.846,ok
525,88,188,75638,10,1,39.472,ok
525,89,189,75587,10,1,39.227,ok
525,90,190,75763,10,1,24.575,ok
525,91,191,75878,10,1,40.421,ok
525,92,192,75714,10,1,38.513,ok
525,93,193,75487,10,1,35.202,ok
525,94,194,75584,10,1,36.152,ok
525,95,195,76277,10,1,36.238,ok
525,96,196,75270,10,1,38.911,ok
525,97,197,76052,10,1,36.204,ok
525,98,198,75329,10,1,40.331,ok
525,99,199,75750,10,1,34.792,ok
534,0,100,77852,10,1,25.7,ok
534,1,101,77877,10,1,26.755,ok
534,2,102,77872,10,1,25.821,ok
534,3,103,78137,10,1,26.819,ok
534,4,104,77910,10,1,24.247,ok
534,5,105,78017,10,1,27.315,ok
534,6,106,77646,10,1,25.147,ok
534,7,107,77664,10,1,25.064,ok
534,8,108,78139,10,1,24.362,ok
534,9,109,77404,10,1,26.164,ok
534,10,110,77787,10,1,24.45,ok
534,11,111,78015,10,1,27.209,ok
534,12,112,77490,10,1,25.787,ok
534,13,113,77866,10,1,26.309,ok
534,14,114,77682,10,1,24.584,ok
534,15,115,78104,10,1,24.896,ok
534,16,116,77746,10,1,27.956,ok
534,17,117,77664,10,1,26.363,ok
534,18,118,77466,10,1,24.503,ok
534,19,119,77341,10,1,24.581,ok
534,20,120,77905,10,1,26.476,ok
534,21,121,77640,10,1,28.782,ok
534,22,122,77809,10,1,26.687,ok
534,23,123,77778,10,1,26.08,ok
534,24,124,77811,10,1,28.642,ok
534,25,125,77857,10,1,23.485,ok
534,26,126,77736,10,1,26.292,ok
534,27,127,78000,10,1,25.026,ok
534,28,128,77721,10,1,25.249,ok
534,29,129,77640,10,1,23.799,ok
534,30,130,77926,10,1,24.627,ok
534,31,131,78006,10,1,22.936,ok
534,32,132,77878,10,1,24.339,ok
534,33,133,77730,10,1,24.952,ok
534,34,134,77612,10,1,26.207,ok
534,35,135,77533,10,1,27.276,ok
534,36,136,78003,10,1,29.128,ok
534,37,137,77643,10,1,26.566,ok
534,38,138,77447,10,1,26.953,ok
534,39,139,77826,10,1,28.493,ok
534,40,140,77810,10,1,26.253,ok
534,41,141,78015,10,1,26.903,ok
534,42,142,77627,10,1,28.658,ok
534,43,143,77752,10,1,26.722,ok
534,44,144,78030,10,1,29.631,ok
534,45,145,78021,10,1,25.561,ok
534,46,146,77833,10,1,25.619,ok
534,47,147,77893,10,1,26.991,ok
534,48,148,78126,10,1,27.675,ok
534,49,149,77704,10,1,27.729,ok
534,50,150,77998,10,1,23.585,ok
534,51,151,77443,10,1,23.599,ok
534,52,152,77339,10,1,24.748,ok
534,53,153,77724,10,1,26.038,ok
534,54,154,77797,10,1,25.126,ok
534,55,155,77859,10,1,24.745,ok
534,56,156,77698,10,1,23.334,ok
534,57,157,78264,10,1,25.728,ok
534,58,158,77727,10,1,25.335,ok
534,59,159,77986,10,1,25.77,ok
534,60,160,77947,10,1,25.078,ok
534,61,161,77706,10,1,28.462,ok
534,62,162,77917,10,1,27.307,ok
534,63,163,77764,10,1,26.042,ok
534,64,164,77696,10,1,23.694,ok
534,65,165,78353,10,1,24.158,ok
534,66,166,77964,10,1,25.34,ok
534,67,167,77686,10,1,26.974,ok
534,68,168,77805,10,1,25.336,ok
534,69,169,77621,10,1,29.292,ok
534,70,170,77772,10,1,24.314,ok
534,71,171,77597,10,1,27.095,ok
534,72,172,77217,10,1,26.995,ok
534,73,173,77619,10,1,27.019,ok
534,74,174,77568,10,1,24.945,ok
534,75,175,78076,10,1,33.026,ok
534,76,176,77299,10,1,29.784,ok
534,77,177,77952,10,1,26.472,ok
534,78,178,77895,10,1,27.465,ok
534,79,179,77804,10,1,26.476,ok
534,80,180,77602,10,1,27.719,ok
534,81,181,77801,10,1,28.109,ok
534,82,182,77554,10,1,27.11,ok
534,83,183,77804,10,1,31.735,ok
534,84,184,77748,10,1,28.944,ok
534,85,185,77373,10,1,27.808,ok
534,86,186,77751,10,1,24.324,ok
534,87,187,77653,10,1,24.423,ok
534,88,188,77803,10,1,25.891,ok
534,89,189,78018,10,1,22.525,ok
534,90,190,77599,10,1,26.66,ok
534,91,191,77745,10,1,26.074,ok
534,92,192,77385,10,1,29.199,ok
534,93,193,77360,10,1,26.309,ok
534,94,194,77739,10,1,25.794,ok
534,95,195,77878,10,1,26.483,ok
534,96,196,78162,10,1,27.649,ok
534,97,197,77723,10,1,25.467,ok
534,98,198,77906,10,1,23.994,ok
534,99,199,77598,10,1,23.974,ok
539,0,100,78977,10,1,33.539,ok
539,1,101,78992,10,1,31.371,ok
539,2,102,78884,10,1,26.44,ok
539,3,103,79137,10,1,33.812,ok
539,4,104,78918,10,1,29.09,ok
539,5,105,78693,10,1,36.136,ok
539,6,106,79305,10,1,30.917,ok
539,7,107,78863,10,1,31.51,ok
539,8,108,78743,10,1,34.531,ok
539,9,109,78874,10,1,31.862,ok
539,10,110,78574,10,1,24.399,ok
539,11,111,78698,10,1,27.349,ok
539,12,112,79332,10,1,28.124,ok
539,13,113,79075,10,1,27.213,ok
539,14,114,78671,10,1,24.065,ok
539,15,115,79098,10,1,30.37,ok
539,16,116,78846,10,1,30.159,ok
539,17,117,78825,10,1,27.857,ok
539,18,118,79102,10,1,21.768,ok
539,19,119,78994,10,1,23.257,ok
539,20,120,79211,10,1,30.52,ok
539,21,121,79083,10,1,28.209,ok
539,22,122,78973,10,1,32.526,ok
539,23,123,79127,10,1,23.534,ok
539,24,124,79132,10,1,22.842,ok
539,25,125,78920,10,1,29.415,ok
539,26,126,78888,10,1,27.941,ok
539,27,127,79144,10,1,27.273,ok
539,28,128,78556,10,1,26.432,ok
539,29,129,79224,10,1,28.752,ok
539,30,130,78437,10,1,33.604,ok
539,31,131,78901,10,1,33.897,ok
539,32,132,78923,10,1,33.317,ok
539,33,133,78959,10,1,28.817,ok
539,34,134,79292,10,1,28.819,ok
539,35,135,78912,10,1,26.234,ok
539,36,136,79312,10,1,30.672,ok
539,37,137,78985,10,1,28.877,ok
539,38,138,79250,10,1,32.656,ok
539,39,139,79003,10,1,30.094,ok
539,40,140,79170,10,1,33.879,ok
539,41,141,79175,10,1,32.982,ok
539,42,142,78709,10,1,28.81,ok
539,43,143,78783,10,1,28.951,ok
539,44,144,79034,10,1,29.523,ok
539,45,145,79293,10,1,25.739,ok
539,46,146,79060,10,1,33.702,ok
539,47,147,78736,10,1,28.431,ok
539,48,148,78899,10,1,33.372,ok
539,49,149,78797,10,1,25.709,ok
539,50,150,79072,10,1,29.027,ok
539,51,151,78801,10,1,29.848,ok
539,52,152,79210,10,1,26.494,ok
539,53,153,78874,10,1,31.546,ok
539,54,154,79071,10,1,33.552,ok
539,55,155,79018,10,1,25.1,ok
539,56,156,79084,10,1,28.158,ok
539,57,157,79314,10,1,28.661,ok
539,58,158,79428,10,1,27.378,ok
539,59,159,78762,10,1,29.276,ok
539,60,160,78787,10,1,28.585,ok
539,61,161,78728,10,1,28.519,ok
539,62,162,78801,10,1,22.299,ok
539,63,163,79452,10,1,27.11,ok
539,64,164,79386,10,1,32.947,ok
539,65,165,79108,10,1,32.607,ok
539,66,166,79264,10,1,32.966,ok
539,67,167,78758,10,1,27.92,ok
539,68,168,79053,10,1,29.856,ok
539,69,169,78707,10,1,26.793,ok
539,70,170,78730,10,1,33.699,ok
539,71,171,79507,10,1,34.441,ok
539,72,172,78775,10,1,31.794,ok
539,73,173,78752,10,1,24.963,ok
539,74,174,78969,10,1,28.24,ok
539,75,175,78826,10,1,29.232,ok
539,76,176,78840,10,1,33.059,ok
539,77,177,79028,10,1,28.362,ok
539,78,178,79084,10,1,29.505,ok
539,79,179,79174,10,1,23.666,ok
539,80,180,78988,10,1,30.021,ok
539,81,181,79143,10,1,29.527,ok
539,82,182,78934,10,1,27.911,ok
539,83,183,79382,10,1,23.559,ok
539,84,184,79413,10,1,29.783,ok
539,85,185,78440,10,1,29.32,ok
539,86,186,79139,10,1,22.197,ok
539,87,187,78970,10,1,29.913,ok
539,88,188,79160,10,1,26.27,ok
539,89,189,78918,10,1,29.36,ok
539,90,190,79296,10,1,30.009,ok
539,91,191,78846,10,1,27.536,ok
539,92,192,79312,10,1,25.9,ok
539,93,193,78930,10,1,28.819,ok
539,94,194,78960,10,1,32.55,ok
539,95,195,78989,10,1,32.857,ok
539,96,196,78790,10,1,32.322,ok
539,97,197,79323,10,1,29.307,ok
539,98,198,79408,10,1,29.293,ok
539,99,199,79132,10,1,28.903,ok
540,0,100,79505,10,1,24.085,ok
540,1,101,79592,10,1,24.159,ok
540,2,102,79104,10,1,22.872,ok
540,3,103,78965,10,1,22.713,ok
540,4,104,79551,10,1,22.881,ok
540,5,105,79683,10,1,20.45,ok
540,6,106,79150,10,1,19.582,ok
540,7,107,79802,10,1,19.645,ok
540,8,108,79467,10,1,21.859,ok
540,9,109,79789,10,1,23.007,ok
540,10,110,79065,10,1,26.384,ok
540,11,111,79432,10,1,26.616,ok
540,12,112,79077,10,1,26.767,ok
540,13,113,79364,10,1,26.545,ok
540,14,114,79033,10,1,28.839,ok
540,15,115,79409,10,1,23.192,ok
540,16,116,79391,10,1,23.211,ok
540,17,117,78989,10,1,29.63,ok
540,18,118,79241,10,1,22.971,ok
540,19,119,79424,10,1,30.007,ok
540,20,120,79218,10,1,21.271,ok
540,21,121,78930,10,1,20.48,ok
540,22,122,79545,10,1,20.039,ok
540,23,123,79575,10,1,20.601,ok
540,24,124,78858,10,1,21.946,ok
540,25,125,79471,10,1,24.355,ok
540,26,126,79385,10,1,22.985,ok
540,27,127,79190,10,1,22.794,ok
540,28,128,79257,10,1,20.99,ok
540,29,129,79622,10,1,23.597,ok
540,30,130,79203,10,1,26.031,ok
540,31,131,79160,10,1,24.747,ok
540,32,132,79498,10,1,23.718,ok
540,33,133,79492,10,1,28.044,ok
540,34,134,79538,10,1,25.852,ok
540,35,135,79425,10,1,26.139,ok
540,36,136,79351,10,1,24.868,ok
540,37,137,79674,10,1,29.947,ok
540,38,138,79312,10,1,24.901,ok
540,39,139,79353,10,1,25.561,ok
540,40,140,79902,10,1,21.601,ok
540,41,141,79533,10,1,26.077,ok
540,42,142,79022,10,1,24.099,ok
540,43,143,79347,10,1,22.136,ok
540,44,144,79539,10,1,25.083,ok
540,45,145,79115,10,1,22.019,ok
540,46,146,79260,10,1,20.88,ok
540,47,147,79417,10,1,22.418,ok
540,48,148,79347,10,1,22.481,ok
540,49,149,79371,10,1,21.866,ok
540,50,150,79504,10,1,21.415,ok
540,51,151,79035,10,1,21.23,ok
540,52,152,79064,10,1,21.325,ok
540,53,153,79350,10,1,25.246,ok
540,54,154,78906,10,1,22.486,ok
540,55,155,79205,10,1,25.715,ok
540,56,156,79527,10,1,25.095,ok
540,57,157,79261,10,1,28.301,ok
540,58,158,79387,10,1,24.396,ok
540,59,159,79375,10,1,25.481,ok
540,60,160,79215,10,1,25.774,ok
540,61,161,79014,10,1,21.303,ok
540,62,162,79391,10,1,27.063,ok
540,63,163,79275,10,1,27.305,ok
540,64,164,79552,10,1,24.613,ok
540,65,165,79275,10,1,24.418,ok
540,66,166,79513,10,1,24.178,ok
540,67,167,79293,10,1,23.538,ok
540,68,168,79629,10,1,27.372,ok
540,69,169,79253,10,1,23.925,ok
540,70,170,79275,10,1,23.768,ok
540,71,171,79385,10,1,23.494,ok
540,72,172,79438,10,1,29.107,ok
540,73,173,79439,10,1,26.763,ok
540,74,174,79268,10,1,26.93,ok
540,75,175,79059,10,1,24.78,ok
540,76,176,79284,10,1,21.886,ok
540,77,177,79074,10,1,26.771,ok
540,78,178,79151,10,1,24.649,ok
540,79,179,79332,10,1,23.76,ok
540,80,180,79317,10,1,22.641,ok
540,81,181,79051,10,1,26.744,ok
540,82,182,79533,10,1,21.356,ok
540,83,183,79429,10,1,22.508,ok
540,84,184,78936,10,1,23.029,ok
540,85,185,79186,10,1,27.506,ok
540,86,186,79379,10,1,22.469,ok
540,87,187,79371,10,1,25.372,ok
540,88,188,79549,10,1,22.747,ok
540,89,189,79646,10,1,24.288,ok
540,90,190,79282,10,1,24.555,ok
540,91,191,79349,10,1,22.163,ok
540,92,192,79093,10,1,22.093,ok
540,93,193,79331,10,1,23.674,ok
540,94,194,79676,10,1,23.089,ok
540,95,195,79498,10,1,27.647,ok
540,96,196,79035,10,1,25.859,ok
540,97,197,79058,10,1,25.709,ok
540,98,198,79523,10,1,27.452,ok
540,99,199,79094,10,1,29.16,ok
542,0,100,77776,10,1,36.358,ok
542,1,101,78153,10,1,45.834,ok
542,2,102,77696,10,1,41.04,ok
542,3,103,77709,10,1,53.104,ok
542,4,104,77873,10,1,43.139,ok
542,5,105,77820,10,1,34.933,ok
542,6,106,78174,10,1,37.303,ok
542,7,107,77538,10,1,46.89,ok
542,8,108,78131,10,1,46.982,ok
542,9,109,77457,10,1,40.505,ok
542,10,110,77920,10,1,37.42,ok
542,11,111,77792,10,1,45.035,ok
542,12,112,77306,10,1,45.582,ok
542,13,113,77996,10,1,45.957,ok
542,14,114,77707,10,1,32.951,ok
542,15,115,77903,10,1,35.782,ok
542,16,116,77334,10,1,41.088,ok
542,17,117,77556,10,1,30.319,ok
542,18,118,78039,10,1,32.909,ok
542,19,119,78099,10,1,37.897,ok
542,20,120,77733,10,1,41.178,ok
542,21,121,78305,10,1,42.224,ok
542,22,122,78068,10,1,41.775,ok
542,23,123,77708,10,1,36.193,ok
542,24,124,78045,10,1,35.606,ok
542,25,125,77871,10,1,37.645,ok
542,26,126,77595,10,1,44.608,ok
542,27,127,77452,10,1,35.598,ok
542,28,128,78018,10,1,35.974,ok
542,29,129,77941,10,1,36.198,ok
542,30,130,77960,10,1,37.308,ok
542,31,131,78036,10,1,41.44,ok
542,32,132,77834,10,1,32.439,ok
542,33,133,78058,10,1,40.958,ok
542,34,134,77852,10,1,38.79,ok
542,35,135,77972,10,1,35.677,ok
542,36,136,78149,10,1,39.474,ok
542,37,137,77880,10,1,39.985,ok
542,38,138,77385,10,1,41.406,ok
542,39,139,77987,10,1,33.203,ok
542,40,140,77630,10,1,42.303,ok
542,41,141,77926,10,1,37.323,ok
542,42,142,77465,10,1,42.913,ok
542,43,143,77675,10,1,36.178,ok
542,44,144,77981,10,1,37.275,ok
542,45,145,78018,10,1,38.439,ok
542,46,146,77778,10,1,39.785,ok
542,47,147,77842,10,1,37.231,ok
542,48,148,77886,10,1,40.289,ok
542,49,149,77546,10,1,37.19,ok
542,50,150,77963,10,1,36.571,ok
542,51,151,78039,10,1,41.841,ok
542,52,152,78022,10,1,42.59,ok
542,53,153,78079,10,1,35.113,ok
542,54,154,77982,10,1,35.455,ok
542,55,155,77407,10,1,36.55,ok
542,56,156,77670,10,1,40.009,ok
542,57,157,78296,10,1,30.999,ok
542,58,158,77957,10,1,40.699,ok
542,59,159,77373,10,1,33.983,ok
542,60,160,77351,10,1,42.236,ok
542,61,161,77895,10,1,42.834,ok
542,62,162,77765,10,1,43.727,ok
542,63,163,77851,10,1,34.859,ok
542,64,164,77452,10,1,37.264,ok
542,65,165,77710,10,1,36.017,ok
542,66,166,77794,10,1,36.349,ok
542,67,167,77802,10,1,43.15,ok
542,68,168,77786,10,1,43.109,ok
542,69,169,77754,10,1,42.108,ok
542,70,170,77789,10,1,38.247,ok
542,71,171,77991,10,1,34.262,ok
542,72,172,77915,10,1,30.446,ok
542,73,173,77949,10,1,29.62,ok
542,74,174,77829,10,1,31.284,ok
542,75,175,77904,10,1,32.645,ok
542,76,176,77905,10,1,42.715,ok
542,77,177,77632,10,1,33.325,ok
542,78,178,77958,10,1,44.96,ok
542,79,179,77697,10,1,39.144,ok
542,80,180,77884,10,1,36.169,ok
542,81,181,77828,10,1,44.547,ok
542,82,182,78159,10,1,45.442,ok
542,83,183,77883,10,1,42.358,ok
542,84,184,77689,10,1,43.62,ok
542,85,185,77558,10,1,37.835,ok
542,86,186,77706,10,1,38.881,ok
542,87,187,77837,10,1,32.583,ok
542,88,188,77855,10,1,39.771,ok
542,89,189,77678,10,1,28.163,ok
542,90,190,77849,10,1,40.189,ok
542,91,191,77769,10,1,40.074,ok
542,92,192,78186,10,1,42.719,ok
542,93,193,77870,10,1,38.173,ok
542,94,194,77480,10,1,37.363,ok
542,95,195,77563,10,1,37.41,ok
542,96,196,78059,10,1,41.946,ok
542,97,197,77993,10,1,39.818,ok
542,98,198,77714,10,1,34.348,ok
542,99,199,77559,10,1,38.357,ok
551,0,100,75537,10,1,34.013,ok
551,1,101,75812,10,1,35.455,ok
551,2,102,75524,10,1,32.255,ok
551,3,103,75810,10,1,38.527,ok
551,4,104,75952,10,1,35.024,ok
551,5,105,75655,10,1,32.119,ok
551,6,106,76095,10,1,32.448,ok
551,7,107,75825,10,1,27.636,ok
551,8,108,75705,10,1,33.056,ok
551,9,109,75752,10,1,26.604,ok
551,10,110,75610,10,1,26.649,ok
551,11,111,75916,10,1,39.413,ok
551,12,112,75947,10,1,31.296,ok
551,13,113,75516,10,1,33.969,ok
551,14,114,75902,10,1,32.033,ok
551,15,115,75636,10,1,40.62,ok
551,16,116,75685,10,1,37.687,ok
551,17,117,75595,10,1,29.885,ok
551,18,118,75472,10,1,34.665,ok
551,19,119,75712,10,1,33.629,ok
551,20,120,75672,10,1,30.457,ok
551,21,121,75387,10,1,29.184,ok
551,22,122,75297,10,1,34.411,ok
551,23,123,76129,10,1,32.865,ok
551,24,124,76132,10,1,33.665,ok
551,25,125,75823,10,1,27.161,ok
551,26,126,75733,10,1,26.429,ok
551,27,127,75610,10,1,27.701,ok
551,28,128,75824,10,1,29.084,ok
551,29,129,75597,10,1,26.625,ok
551,30,130,75682,10,1,33.242,ok
551,31,131,75387,10,1,21.96,ok
551,32,132,75615,10,1,36.167,ok
551,33,133,76191,10,1,31.635,ok
551,34,134,75591,10,1,26.841,ok
551,35,135,76066,10,1,30.072,ok
551,36,136,75762,10,1,30.264,ok
551,37,137,75490,10,1,32.879,ok
551,38,138,75645,10,1,31.509,ok
551,39,139,75655,10,1,36.743,ok
551,40,140,75485,10,1,29.728,ok
551,41,141,75754,10,1,29.777,ok
551,42,142,75918,10,1,25.181,ok
551,43,143,75583,10,1,31.661,ok
551,44,144,76247,10,1,30.305,ok
551,45,145,75925,10,1,35.103,ok
551,46,146,75849,10,1,32.483,ok
551,47,147,75921,10,1,36.352,ok
551,48,148,75674,10,1,30.362,ok
551,49,149,76285,10,1,26.52,ok
551,50,150,75817,10,1,35.35,ok
551,51,151,75626,10,1,34.421,ok
551,52,152,75586,10,1,31.488,ok
551,53,153,75773,10,1,36.406,ok
551,54,154,75662,10,1,38.249,ok
551,55,155,75860,10,1,24.248,ok
551,56,156,75736,10,1,31.882,ok
551,57,157,75758,10,1,25.741,ok
551,58,158,75708,10,1,31.776,ok
551,59,159,75836,10,1,25.51,ok
551,60,160,75954,10,1,34.884,ok
551,61,161,75813,10,1,33.399,ok
551,62,162,75873,10,1,38.353,ok
551,63,163,75567,10,1,34.51,ok
551,64,164,76081,10,1,29.899,ok
551,65,165,75751,10,1,25.592,ok
551,66,166,76138,10,1,29.773,ok
551,67,167,75978,10,1,24.642,ok
551,68,168,75839,10,1,36.245,ok
551,69,169,75379,10,1,29.47,ok
551,70,170,75597,10,1,31.831,ok
551,71,171,76067,10,1,32.073,ok
551,72,172,75831,10,1,28.203,ok
551,73,173,75835,10,1,26.618,ok
551,74,174,75344,10,1,35.071,ok
551,75,175,75980,10,1,31.977,ok
551,76,176,75814,10,1,30.75,ok
551,77,177,75320,10,1,28.309,ok
551,78,178,75765,10,1,27.152,ok
551,79,179,75942,10,1,26.552,ok
551,80,180,75445,10,1,24.935,ok
551,81,181,75731,10,1,33.221,ok
551,82,182,75719,10,1,30.703,ok
551,83,183,75864,10,1,32.781,ok
551,84,184,75872,10,1,24.664,ok
551,85,185,75395,10,1,29.435,ok
551,86,186,75961,10,1,32.293,ok
551,87,187,75997,10,1,24.231,ok
551,88,188,75851,10,1,20.834,ok
551,89,189,76197,10,1,28.56,ok
551,90,190,75581,10,1,33.48,ok
551,91,191,75884,10,1,32.853,ok
551,92,192,75367,10,1,32.636,ok
551,93,193,75410,10,1,31.704,ok
551,94,194,76008,10,1,33.959,ok
551,95,195,76274,10,1,24.316,ok
551,96,196,75818,10,1,27.97,ok
551,97,197,75804,10,1,35.898,ok
551,98,198,75502,10,1,28.773,ok
551,99,199,75510,10,1,28.319,ok
554,0,100,76762,10,1,33.305,ok
554,1,101,77004,10,1,35.149,ok
554,2,102,77012,10,1,35.811,ok
554,3,103,77263,10,1,37.044,ok
554,4,104,77124,10,1,34.961,ok
554,5,105,77080,10,1,33.145,ok
554,6,106,77075,10,1,33.682,ok
554,7,107,76609,10,1,33.54,ok
554,8,108,76745,10,1,32.774,ok
554,9,109,77046,10,1,32.305,ok
554,10,110,76779,10,1,35.214,ok
554,11,111,77308,10,1,41.122,ok
554,12,112,77064,10,1,31.808,ok
554,13,113,76823,10,1,32.924,ok
554,14,114,77345,10,1,33.403,ok
554,15,115,76965,10,1,33.983,ok
554,16,116,77307,10,1,33.978,ok
554,17,117,77246,10,1,34.04,ok
554,18,118,77070,10,1,31.727,ok
554,19,119,77272,10,1,33.39,ok
554,20,120,77232,10,1,32.079,ok
554,21,121,77323,10,1,32.479,ok
554,22,122,76890,10,1,34.995,ok
554,23,123,77170,10,1,38.203,ok
554,24,124,76881,10,1,36.346,ok
554,25,125,77136,10,1,40.807,ok
554,26,126,77426,10,1,31.049,ok
554,27,127,76837,10,1,34.104,ok
554,28,128,76919,10,1,32.404,ok
554,29,129,77223,10,1,33.867,ok
554,30,130,76463,10,1,33.24,ok
554,31,131,76720,10,1,31.458,ok
554,32,132,77389,10,1,30.1,ok
554,33,133,76887,10,1,32.502,ok
554,34,134,76983,10,1,30.74,ok
554,35,135,77512,10,1,35.628,ok
554,36,136,77118,10,1,35.847,ok
554,37,137,76783,10,1,35.897,ok
554,38,138,77335,10,1,36.6,ok
554,39,139,77164,10,1,36.964,ok
554,40,140,76597,10,1,33.329,ok
554,41,141,76750,10,1,31.978,ok
554,42,142,77222,10,1,31.132,ok
554,43,143,76970,10,1,31.596,ok
554,44,144,77311,10,1,38.48,ok
554,45,145,76962,10,1,32.561,ok
554,46,146,76835,10,1,34.074,ok
554,47,147,76905,10,1,36.616,ok
554,48,148,76774,10,1,35.977,ok
554,49,149,76816,10,1,36.2,ok
554,50,150,76895,10,1,33.869,ok
554,51,151,76889,10,1,36.183,ok
554,52,152,76757,10,1,33.428,ok
554,53,153,77115,10,1,33.956,ok
554,54,154,77038,10,1,34.319,ok
554,55,155,77259,10,1,35.697,ok
554,56,156,76919,10,1,34.831,ok
554,57,157,77522,10,1,35.79,ok
554,58,158,77291,10,1,34.473,ok
554,59,159,76848,10,1,35.188,ok
554,60,160,77224,10,1,34.315,ok
554,61,161,77030,10,1,31.524,ok
554,62,162,77034,10,1,36.798,ok
554,63,163,77271,10,1,43.601,ok
554,64,164,76902,10,1,36.232,ok
554,65,165,76888,10,1,33.16,ok
554,66,166,76934,10,1,31.212,ok
554,67,167,77002,10,1,32.346,ok
554,68,168,77335,10,1,32.159,ok
554,69,169,77066,10,1,30.928,ok
554,70,170,76908,10,1,31.454,ok
554,71,171,77166,10,1,33.461,ok
554,72,172,77184,10,1,30.969,ok
554,73,173,76833,10,1,33.357,ok
554,74,174,77345,10,1,31.514,ok
554,75,175,77216,10,1,34.144,ok
554,76,176,77335,10,1,32.149,ok
554,77,177,76678,10,1,31.161,ok
554,78,178,76765,10,1,31.323,ok
554,79,179,77196,10,1,29.851,ok
554,80,180,76806,10,1,36.177,ok
554,81,181,76813,10,1,43.166,ok
554,82,182,77474,10,1,36.423,ok
554,83,183,76878,10,1,36.633,ok
554,84,184,77195,10,1,37.241,ok
554,85,185,76960,10,1,31.998,ok
554,86,186,76996,10,1,34.153,ok
554,87,187,76753,10,1,35.719,ok
554,88,188,77099,10,1,36.682,ok
554,89,189,77081,10,1,43.673,ok
554,90,190,76404,10,1,31.03,ok
554,91,191,77011,10,1,34.311,ok
554,92,192,76836,10,1,34.922,ok
554,93,193,77285,10,1,31.33,ok
554,94,194,76968,10,1,34.202,ok
554,95,195,76778,10,1,33.427,ok
554,96,196,76970,10,1,32.066,ok
554,97,197,76668,10,1,33.877,ok
554,98,198,77060,10,1,33.863,ok
554,99,199,76990,10,1,33.368,ok
559,0,100,78945,10,1,32.133,ok
559,1,101,78484,10,1,23.692,ok
559,2,102,78693,10,1,30.895,ok
559,3,103,78942,10,1,29.607,ok
559,4,104,78576,10,1,36.835,ok
559,5,105,79046,10,1,38.039,ok
559,6,106,78642,10,1,28.843,ok
559,7,107,78616,10,1,24.729,ok
559,8,108,78953,10,1,31.878,ok
559,9,109,78726,10,1,41.677,ok
559,10,110,78550,10,1,31.959,ok
559,11,111,78721,10,1,33.481,ok
559,12,112,78968,10,1,30.884,ok
559,13,113,79280,10,1,35.722,ok
559,14,114,78863,10,1,30.12,ok
559,15,115,79418,10,1,28.929,ok
559,16,116,78589,10,1,38.828,ok
559,17,117,78585,10,1,34.906,ok
559,18,118,78513,10,1,30.263,ok
559,19,119,78731,10,1,26.815,ok
559,20,120,78577,10,1,33.396,ok
559,21,121,78812,10,1,32.489,ok
559,22,122,78599,10,1,31.075,ok
559,23,123,78809,10,1,32.661,ok
559,24,124,78375,10,1,32.11,ok
559,25,125,78844,10,1,36.067,ok
559,26,126,78330,10,1,32.571,ok
559,27,127,78888,10,1,33.2,ok
559,28,128,78769,10,1,29.711,ok
559,29,129,79070,10,1,31.366,ok
559,30,130,78518,10,1,34.982,ok
559,31,131,78651,10,1,27.986,ok
559,32,132,78426,10,1,27.124,ok
559,33,133,78494,10,1,27.049,ok
559,34,134,78588,10,1,24.055,ok
559,35,135,78849,10,1,33.494,ok
559,36,136,78832,10,1,27.644,ok
559,37,137,78616,10,1,30.71,ok
559,38,138,78849,10,1,22.811,ok
559,39,139,78605,10,1,27.263,ok
559,40,140,78696,10,1,40.228,ok
559,41,141,79052,10,1,30.431,ok
559,42,142,78506,10,1,26.295,ok
559,43,143,78569,10,1,30.421,ok
559,44,144,78435,10,1,31.6,ok
559,45,145,78875,10,1,39.289,ok
559,46,146,78946,10,1,36.01,ok
559,47,147,79137,10,1,27.868,ok
559,48,148,78856,10,1,31.882,ok
559,49,149,78793,10,1,26.276,ok
559,50,150,78543,10,1,31.867,ok
559,51,151,78427,10,1,30.433,ok
559,52,152,78591,10,1,25.928,ok
559,53,153,78619,10,1,29.12,ok
559,54,154,78983,10,1,29.337,ok
559,55,155,78673,10,1,28.355,ok
559,56,156,78811,10,1,28.925,ok
559,57,157,79091,10,1,23.321,ok
559,58,158,78739,10,1,20.463,ok
559,59,159,78462,10,1,19.822,ok
559,60,160,78396,10,1,29.834,ok
559,61,161,78728,10,1,25.476,ok
559,62,162,78796,10,1,25.748,ok
559,63,163,78482,10,1,23.447,ok
559,64,164,78924,10,1,21.985,ok
559,65,165,78442,10,1,27.116,ok
559,66,166,78608,10,1,26.801,ok
559,67,167,78678,10,1,28.649,ok
559,68,168,79128,10,1,24.459,ok
559,69,169,78697,10,1,26.775,ok
559,70,170,78475,10,1,29.812,ok
559,71,171,78975,10,1,25.415,ok
559,72,172,78782,10,1,22.036,ok
559,73,173,78672,10,1,20.767,ok
559,74,174,78706,10,1,22.756,ok
559,75,175,78600,10,1,23.902,ok
559,76,176,78699,10,1,29.383,ok
559,77,177,78306,10,1,31.893,ok
559,78,178,78187,10,1,30.423,ok
559,79,179,78839,10,1,25.967,ok
559,80,180,78592,10,1,32.453,ok
559,81,181,78368,10,1,32.856,ok
559,82,182,78722,10,1,29.21,ok
559,83,183,79013,10,1,31.79,ok
559,84,184,78632,10,1,31.226,ok
559,85,185,78548,10,1,26.831,ok
559,86,186,78787,10,1,25.743,ok
559,87,187,78746,10,1,24.327,ok
559,88,188,78671,10,1,25.221,ok
559,89,189,78772,10,1,23.277,ok
559,90,190,78664,10,1,32.669,ok
559,91,191,78752,10,1,34.518,ok
559,92,192,79171,10,1,31.805,ok
559,93,193,78762,10,1,26.962,ok
559,94,194,78277,10,1,30.462,ok
559,95,195,78938,10,1,31.468,ok
559,96,196,78758,10,1,23.742,ok
559,97,197,78578,10,1,20.796,ok
559,98,198,78712,10,1,27.199,ok
559,99,199,78730,10,1,26.71,ok
569,0,100,78180,10,1,47.368,ok
569,1,101,78357,10,1,47.308,ok
569,2,102,78111,10,1,44.974,ok
569,3,103,78382,10,1,45.18,ok
569,4,104,78152,10,1,42.578,ok
569,5,105,78492,10,1,42.651,ok
569,6,106,78404,10,1,40.834,ok
569,7,107,78483,10,1,39.86,ok
569,8,108,78377,10,1,39.347,ok
569,9,109,78449,10,1,42.091,ok
569,10,110,78034,10,1,41.098,ok
569,11,111,78535,10,1,41.473,ok
569,12,112,78322,10,1,39.802,ok
569,13,113,78190,10,1,39.675,ok
569,14,114,78684,10,1,40.952,ok
569,15,115,78072,10,1,43.567,ok
569,16,116,78347,10,1,45.757,ok
569,17,117,78590,10,1,41.748,ok
569,18,118,78129,10,1,45.722,ok
569,19,119,78145,10,1,41.075,ok
569,20,120,78253,10,1,39.939,ok
569,21,121,78821,10,1,42.964,ok
569,22,122,78083,10,1,42.533,ok
569,23,123,78484,10,1,46.338,ok
569,24,124,77785,10,1,42.673,ok
569,25,125,78316,10,1,40.264,ok
569,26,126,78481,10,1,39.867,ok
569,27,127,78081,10,1,42.04,ok
569,28,128,78485,10,1,47.481,ok
569,29,129,78260,10,1,30.343,ok
569,30,130,78175,10,1,46.888,ok
569,31,131,78425,10,1,44.013,ok
569,32,132,78390,10,1,50.865,ok
569,33,133,78511,10,1,45.734,ok
569,34,134,78306,10,1,47.146,ok
569,35,135,78320,10,1,46.662,ok
569,36,136,78543,10,1,45.836,ok
569,37,137,78558,10,1,48.059,ok
569,38,138,78435,10,1,46.277,ok
569,39,139,77962,10,1,40.013,ok
569,40,140,78220,10,1,47.97,ok
569,41,141,78503,10,1,48.483,ok
569,42,142,78053,10,1,43.128,ok
569,43,143,78296,10,1,42.4,ok
569,44,144,79008,10,1,47.01,ok
569,45,145,78571,10,1,37.333,ok
569,46,146,78167,10,1,42.455,ok
569,47,147,78005,10,1,40.254,ok
569,48,148,78616,10,1,39.224,ok
569,49,149,78172,10,1,45.459,ok
569,50,150,78267,10,1,49.491,ok
569,51,151,77935,10,1,44.276,ok
569,52,152,78657,10,1,44.019,ok
569,53,153,78558,10,1,54.924,ok
569,54,154,78190,10,1,55.434,ok
569,55,155,78330,10,1,49.36,ok
569,56,156,78252,10,1,42.795,ok
569,57,157,78258,10,1,42.262,ok
569,58,158,78656,10,1,53.704,ok
569,59,159,78585,10,1,47.955,ok
569,60,160,78646,10,1,42.105,ok
569,61,161,78231,10,1,43.322,ok
569,62,162,78560,10,1,43.823,ok
569,63,163,78547,10,1,52.037,ok
569,64,164,78419,10,1,49.368,ok
569,65,165,78391,10,1,39.048,ok
569,66,166,78383,10,1,40.734,ok
569,67,167,77973,10,1,45.73,ok
569,68,168,78754,10,1,40.751,ok
569,69,169,78085,10,1,48.807,ok
569,70,170,78261,10,1,49.406,ok
569,71,171,78534,10,1,46.63,ok
569,72,172,78194,10,1,53.745,ok
569,73,173,78601,10,1,49.895,ok
569,74,174,78051,10,1,46.584,ok
569,75,175,78386,10,1,53.195,ok
569,76,176,78385,10,1,51.511,ok
569,77,177,78035,10,1,49.572,ok
569,78,178,78308,10,1,46.164,ok
569,79,179,78102,10,1,44.773,ok
569,80,180,78079,10,1,43.328,ok
569,81,181,78324,10,1,40.51,ok
569,82,182,78754,10,1,39.703,ok
569,83,183,78487,10,1,40.702,ok
569,84,184,78720,10,1,39.45,ok
569,85,185,78067,10,1,44.436,ok
569,86,186,78676,10,1,43.956,ok
569,87,187,78550,10,1,44.378,ok
569,88,188,78346,10,1,43.252,ok
569,89,189,78323,10,1,40.935,ok
569,90,190,78829,10,1,44.163,ok
569,91,191,78247,10,1,47.263,ok
569,92,192,78616,10,1,45.996,ok
569,93,193,78451,10,1,45.905,ok
569,94,194,78517,10,1,45.316,ok
569,95,195,78199,10,1,45.405,ok
569,96,196,78618,10,1,45.247,ok
569,97,197,78319,10,1,49.606,ok
569,98,198,78130,10,1,46.652,ok
569,99,199,78582,10,1,47.71,ok
574,0,100,77078,10,1,33.893,ok
574,1,101,77025,10,1,33.41,ok
574,2,102,76983,10,1,37.072,ok
574,3,103,77031,10,1,31.474,ok
574,4,104,76889,10,1,26.876,ok
574,5,105,76864,10,1,32.294,ok
574,6,106,77266,10,1,30.794,ok
574,7,107,76852,10,1,35.428,ok
574,8,108,77165,10,1,28.306,ok
574,9,109,77267,10,1,21.867,ok
574,10,110,76826,10,1,32.522,ok
574,11,111,77166,10,1,32.885,ok
574,12,112,77432,10,1,36.778,ok
574,13,113,77092,10,1,28.816,ok
574,14,114,76830,10,1,22.098,ok
574,15,115,77038,10,1,34.736,ok
574,16,116,76949,10,1,30.303,ok
574,17,117,76817,10,1,27.684,ok
574,18,118,77314,10,1,22.644,ok
574,19,119,76796,10,1,18.977,ok
574,20,120,76839,10,1,30.766,ok
574,21,121,76641,10,1,22.518,ok
574,22,122,76731,10,1,22.031,ok
574,23,123,76686,10,1,23.578,ok
574,24,124,77123,10,1,24.662,ok
574,25,125,77133,10,1,26.596,ok
574,26,126,76633,10,1,25.31,ok
574,27,127,76827,10,1,25.446,ok
574,28,128,77094,10,1,26.529,ok
574,29,129,77110,10,1,25.398,ok
574,30,130,76829,10,1,22.104,ok
574,31,131,77250,10,1,24.176,ok
574,32,132,76869,10,1,23.684,ok
574,33,133,76737,10,1,27.212,ok
574,34,134,76386,10,1,22.127,ok
574,35,135,76908,10,1,25.278,ok
574,36,136,76766,10,1,24.283,ok
574,37,137,77171,10,1,23.986,ok
574,38,138,76959,10,1,24.661,ok
574,39,139,76844,10,1,19.528,ok
574,40,140,77171,10,1,21.969,ok
574,41,141,77116,10,1,22.203,ok
574,42,142,76923,10,1,25.734,ok
574,43,143,76675,10,1,23.416,ok
574,44,144,76364,10,1,21.803,ok
574,45,145,76771,10,1,21.92,ok
574,46,146,76804,10,1,23.239,ok
574,47,147,77199,10,1,25.806,ok
574,48,148,77234,10,1,21.613,ok
574,49,149,77243,10,1,23.901,ok
574,50,150,76765,10,1,30.957,ok
574,51,151,76987,10,1,30.519,ok
574,52,152,76849,10,1,25.007,ok
574,53,153,76880,10,1,25.695,ok
574,54,154,76830,10,1,24.309,ok
574,55,155,76812,10,1,23.885,ok
574,56,156,77512,10,1,29.307,ok
574,57,157,77019,10,1,24.756,ok
574,58,158,77315,10,1,24.844,ok
574,59,159,77377,10,1,24.613,ok
574,60,160,76672,10,1,24.011,ok
574,61,161,76971,10,1,23.185,ok
574,62,162,76934,10,1,22.512,ok
574,63,163,76686,10,1,22.736,ok
574,64,164,76797,10,1,21.02,ok
574,65,165,76988,10,1,23.801,ok
574,66,166,76901,10,1,20.951,ok
574,67,167,77085,10,1,21.158,ok
574,68,168,76748,10,1,21.102,ok
574,69,169,77110,10,1,28.451,ok
574,70,170,76415,10,1,23.541,ok
574,71,171,77011,10,1,22.905,ok
574,72,172,76878,10,1,23.454,ok
574,73,173,76782,10,1,24.824,ok
574,74,174,76956,10,1,23.731,ok
574,75,175,76784,10,1,22.398,ok
574,76,176,77029,10,1,23.246,ok
574,77,177,76947,10,1,23.774,ok
574,78,178,77193,10,1,28.41,ok
574,79,179,76461,10,1,21.214,ok
574,80,180,77243,10,1,22.307,ok
574,81,181,77167,10,1,23.031,ok
574,82,182,76981,10,1,21.994,ok
574,83,183,76993,10,1,22.154,ok
574,84,184,76740,10,1,22.159,ok
574,85,185,77135,10,1,24.441,ok
574,86,186,76996,10,1,23.557,ok
574,87,187,76970,10,1,22.576,ok
574,88,188,77128,10,1,21.49,ok
574,89,189,76623,10,1,24.084,ok
574,90,190,76929,10,1,26.779,ok
574,91,191,76779,10,1,22.047,ok
574,92,192,76903,10,1,23.742,ok
574,93,193,77033,10,1,22.997,ok
574,94,194,77087,10,1,26.02,ok
574,95,195,76814,10,1,26.865,ok
574,96,196,76659,10,1,22.352,ok
574,97,197,77070,10,1,22.375,ok
574,98,198,76949,10,1,22.489,ok
574,99,199,77159,10,1,24.093,ok
590,0,100,77462,10,1,34.607,ok
590,1,101,77163,10,1,40.43,ok
590,2,102,77109,10,1,35.174,ok
590,3,103,77209,10,1,34.92,ok
590,4,104,77477,10,1,38.534,ok
590,5,105,77306,10,1,35.244,ok
590,6,106,77643,10,1,30.847,ok
590,7,107,77377,10,1,30.875,ok
590,8,108,77034,10,1,32.798,ok
590,9,109,77216,10,1,31.154,ok
590,10,110,77348,10,1,39.57,ok
590,11,111,77161,10,1,31.512,ok
590,12,112,77351,10,1,36.773,ok
590,13,113,77511,10,1,31.093,ok
590,14,114,77615,10,1,32.922,ok
590,15,115,77117,10,1,36.723,ok
590,16,116,77339,10,1,34.89,ok
590,17,117,77424,10,1,34.852,ok
590,18,118,77341,10,1,33.981,ok
590,19,119,77623,10,1,34.015,ok
590,20,120,77211,10,1,33.554,ok
590,21,121,77263,10,1,32.742,ok
590,22,122,77374,10,1,30.297,ok
590,23,123,77127,10,1,31.572,ok
590,24,124,76963,10,1,37.643,ok
590,25,125,77043,10,1,38.509,ok
590,26,126,77402,10,1,39.064,ok
590,27,127,77603,10,1,35.964,ok
590,28,128,77065,10,1,46.784,ok
590,29,129,77058,10,1,43.483,ok
590,30,130,77285,10,1,39.08,ok
590,31,131,77256,10,1,33.353,ok
590,32,132,77207,10,1,37.531,ok
590,33,133,77475,10,1,37.959,ok
590,34,134,77378,10,1,34.531,ok
590,35,135,77199,10,1,36.252,ok
590,36,136,77129,10,1,30.903,ok
590,37,137,77649,10,1,40.376,ok
590,38,138,77557,10,1,38.931,ok
590,39,139,77175,10,1,34.852,ok
590,40,140,77221,10,1,33.642,ok
590,41,141,77642,10,1,40.268,ok
590,42,142,77377,10,1,32.632,ok
590,43,143,77332,10,1,32.452,ok
590,44,144,77205,10,1,39.187,ok
590,45,145,77031,10,1,25.113,ok
590,46,146,77518,10,1,29.482,ok
590,47,147,77152,10,1,38.133,ok
590,48,148,77206,10,1,32.23,ok
590,49,149,77078,10,1,36.304,ok
590,50,150,77519,10,1,39.101,ok
590,51,151,76921,10,1,35.437,ok
590,52,152,77489,10,1,33.262,ok
590,53,153,77255,10,1,40.005,ok
590,54,154,77346,10,1,34.614,ok
590,55,155,77286,10,1,36.944,ok
590,56,156,77286,10,1,38.983,ok
590,57,157,77495,10,1,29.72,ok
590,58,158,77520,10,1,42.749,ok
590,59,159,77269,10,1,36.001,ok
590,60,160,77494,10,1,27.232,ok
590,61,161,77584,10,1,29.707,ok
590,62,162,77294,10,1,43.06,ok
590,63,163,77184,10,1,41.57,ok
590,64,164,77263,10,1,43.866,ok
590,65,165,77311,10,1,31.897,ok
590,66,166,77545,10,1,35.625,ok
590,67,167,77925,10,1,39.501,ok
590,68,168,77216,10,1,45.564,ok
590,69,169,76891,10,1,39.262,ok
590,70,170,77076,10,1,38.127,ok
590,71,171,77083,10,1,41.366,ok
590,72,172,76825,10,1,34.837,ok
590,73,173,77525,10,1,35.54,ok
590,74,174,77153,10,1,41.298,ok
590,75,175,77155,10,1,44.118,ok
590,76,176,77159,10,1,32.523,ok
590,77,177,77367,10,1,40.856,ok
590,78,178,77135,10,1,40.111,ok
590,79,179,77476,10,1,41.738,ok
590,80,180,77078,10,1,41.585,ok
590,81,181,77217,10,1,34.319,ok
590,82,182,77426,10,1,36.449,ok
590,83,183,77058,10,1,39.325,ok
590,84,184,77491,10,1,43.431,ok
590,85,185,77206,10,1,39.048,ok
590,86,186,77449,10,1,33.345,ok
590,87,187,77409,10,1,38.746,ok
590,88,188,77278,10,1,40.242,ok
590,89,189,77301,10,1,39.637,ok
590,90,190,77623,10,1,39.594,ok
590,91,191,77027,10,1,33.534,ok
590,92,192,77591,10,1,38.472,ok
590,93,193,77364,10,1,32.198,ok
590,94,194,77386,10,1,39.102,ok
590,95,195,77380,10,1,44.855,ok
590,96,196,77357,10,1,36.099,ok
590,97,197,77343,10,1,35.959,ok
590,98,198,77372,10,1,44.538,ok
590,99,199,76802,10,1,36.898,ok
596,0,100,78725,10,1,40.37,ok
596,1,101,78661,10,1,40.55,ok
596,2,102,78653,10,1,39.078,ok
596,3,103,78519,10,1,39.022,ok
596,4,104,78764,10,1,40.517,ok
596,5,105,78772,10,1,36.344,ok
596,6,106,78831,10,1,36.561,ok
596,7,107,78375,10,1,27.983,ok
596,8,108,78897,10,1,31.433,ok
596,9,109,78873,10,1,31.737,ok
596,10,110,78686,10,1,36.35,ok
596,11,111,78795,10,1,45.838,ok
596,12,112,78595,10,1,32.536,ok
596,13,113,78953,10,1,30.117,ok
596,14,114,78690,10,1,30.803,ok
596,15,115,78887,10,1,35.978,ok
596,16,116,78949,10,1,33.742,ok
596,17,117,78728,10,1,28.411,ok
596,18,118,78985,10,1,34.215,ok
596,19,119,78830,10,1,24.337,ok
596,20,120,78474,10,1,37.093,ok
596,21,121,78626,10,1,38.328,ok
596,22,122,78680,10,1,31.017,ok
596,23,123,79016,10,1,30.81,ok
596,24,124,78778,10,1,35.827,ok
596,25,125,78698,10,1,35.492,ok
596,26,126,78697,10,1,35.192,ok
596,27,127,78515,10,1,28.904,ok
596,28,128,78729,10,1,31.435,ok
596,29,129,79071,10,1,21.786,ok
596,30,130,78423,10,1,39.718,ok
596,31,131,78689,10,1,38.445,ok
596,32,132,78847,10,1,28.953,ok
596,33,133,78559,10,1,32.466,ok
596,34,134,78658,10,1,31.526,ok
596,35,135,78715,10,1,39.15,ok
596,36,136,78881,10,1,37.262,ok
596,37,137,78502,10,1,28.488,ok
596,38,138,78590,10,1,30.886,ok
596,39,139,78818,10,1,28.596,ok
596,40,140,78632,10,1,32.681,ok
596,41,141,78695,10,1,33.602,ok
596,42,142,78860,10,1,32.227,ok
596,43,143,78697,10,1,31.25,ok
596,44,144,78997,10,1,40.397,ok
596,45,145,78335,10,1,28.208,ok
596,46,146,78698,10,1,27.624,ok
596,47,147,78764,10,1,29.018,ok
596,48,148,78822,10,1,32.343,ok
596,49,149,78514,10,1,30.255,ok
596,50,150,78778,10,1,29.956,ok
596,51,151,78454,10,1,27.614,ok
596,52,152,78699,10,1,25.038,ok
596,53,153,78949,10,1,32.788,ok
596,54,154,78674,10,1,29.852,ok
596,55,155,78943,10,1,28.976,ok
596,56,156,78719,10,1,28.494,ok
596,57,157,79078,10,1,24.621,ok
596,58,158,78741,10,1,29.264,ok
596,59,159,78843,10,1,31.073,ok
596,60,160,78512,10,1,32.091,ok
596,61,161,78378,10,1,34.641,ok
596,62,162,79095,10,1,34.146,ok
596,63,163,78209,10,1,34.544,ok
596,64,164,78707,10,1,33.543,ok
596,65,165,78706,10,1,35.157,ok
596,66,166,78623,10,1,34.692,ok
596,67,167,78629,10,1,29.336,ok
596,68,168,78749,10,1,30.162,ok
596,69,169,78412,10,1,30.105,ok
596,70,170,78443,10,1,29.762,ok
596,71,171,78599,10,1,33.138,ok
596,72,172,78657,10,1,41.736,ok
596,73,173,78965,10,1,34.755,ok
596,74,174,78723,10,1,35.995,ok
596,75,175,78742,10,1,29.015,ok
596,76,176,78822,10,1,31.278,ok
596,77,177,78705,10,1,36.62,ok
596,78,178,78699,10,1,35.289,ok
596,79,179,78672,10,1,40.711,ok
596,80,180,78426,10,1,27.727,ok
596,81,181,78824,10,1,36.16,ok
596,82,182,78660,10,1,29.212,ok
596,83,183,78391,10,1,27.918,ok
596,84,184,78783,10,1,26.991,ok
596,85,185,78583,10,1,32.427,ok
596,86,186,78810,10,1,35.0,ok
596,87,187,78874,10,1,35.701,ok
596,88,188,78740,10,1,33.029,ok
596,89,189,78618,10,1,31.925,ok
596,90,190,78823,10,1,32.234,ok
596,91,191,78259,10,1,31.426,ok
596,92,192,78752,10,1,33.099,ok
596,93,193,78320,10,1,29.076,ok
596,94,194,78927,10,1,27.506,ok
596,95,195,78517,10,1,32.746,ok
596,96,196,78538,10,1,31.098,ok
596,97,197,78607,10,1,35.237,ok
596,98,198,79336,10,1,29.674,ok
596,99,199,78234,10,1,23.661,ok
620,0,100,78372,10,1,28.406,ok
620,1,101,77610,10,1,26.659,ok
620,2,102,77664,10,1,26.945,ok
620,3,103,77869,10,1,26.703,ok
620,4,104,77848,10,1,23.74,ok
620,5,105,77722,10,1,31.865,ok
620,6,106,77917,10,1,28.085,ok
620,7,107,77821,10,1,28.176,ok
620,8,108,77687,10,1,39.176,ok
620,9,109,77475,10,1,28.978,ok
620,10,110,77869,10,1,35.064,ok
620,11,111,77943,10,1,32.645,ok
620,12,112,77895,10,1,31.162,ok
620,13,113,77993,10,1,31.332,ok
620,14,114,77990,10,1,30.266,ok
620,15,115,77532,10,1,25.514,ok
620,16,116,77828,10,1,31.478,ok
620,17,117,77765,10,1,26.973,ok
620,18,118,77977,10,1,34.479,ok
620,19,119,77974,10,1,28.988,ok
620,20,120,78065,10,1,27.218,ok
620,21,121,77705,10,1,36.009,ok
620,22,122,78154,10,1,25.246,ok
620,23,123,77961,10,1,32.087,ok
620,24,124,77660,10,1,33.668,ok
620,25,125,77489,10,1,31.308,ok
620,26,126,77484,10,1,36.285,ok
620,27,127,77631,10,1,27.789,ok
620,28,128,77375,10,1,25.731,ok
620,29,129,78018,10,1,30.698,ok
620,30,130,78033,10,1,28.823,ok
620,31,131,77832,10,1,27.649,ok
620,32,132,77507,10,1,35.504,ok
620,33,133,77851,10,1,29.817,ok
620,34,134,78058,10,1,27.009,ok
620,35,135,77872,10,1,28.864,ok
620,36,136,77284,10,1,32.174,ok
620,37,137,77888,10,1,29.831,ok
620,38,138,77704,10,1,41.854,ok
620,39,139,77786,10,1,31.553,ok
620,40,140,77552,10,1,26.886,ok
620,41,141,77815,10,1,37.544,ok
620,42,142,77803,10,1,26.591,ok
620,43,143,77524,10,1,38.421,ok
620,44,144,77832,10,1,29.384,ok
620,45,145,78025,10,1,32.211,ok
620,46,146,78047,10,1,40.84,ok
620,47,147,78131,10,1,34.324,ok
620,48,148,77639,10,1,35.244,ok
620,49,149,78190,10,1,37.082,ok
620,50,150,77998,10,1,37.893,ok
620,51,151,77718,10,1,32.233,ok
620,52,152,77587,10,1,32.102,ok
620,53,153,77801,10,1,27.56,ok
620,54,154,77598,10,1,30.089,ok
620,55,155,78029,10,1,24.833,ok
620,56,156,77576,10,1,33.475,ok
620,57,157,78134,10,1,27.65,ok
620,58,158,78060,10,1,31.66,ok
620,59,159,77909,10,1,25.013,ok
620,60,160,78008,10,1,33.218,ok
620,61,161,78140,10,1,43.614,ok
620,62,162,77422,10,1,43.366,ok
620,63,163,77902,10,1,44.818,ok
620,64,164,78243,10,1,37.747,ok
620,65,165,77745,10,1,29.324,ok
620,66,166,77837,10,1,28.649,ok
620,67,167,77813,10,1,22.729,ok
620,68,168,77903,10,1,25.724,ok
620,69,169,78155,10,1,31.083,ok
620,70,170,77865,10,1,32.183,ok
620,71,171,77855,10,1,28.044,ok
620,72,172,77691,10,1,23.598,ok
620,73,173,77923,10,1,28.984,ok
620,74,174,77693,10,1,34.271,ok
620,75,175,77692,10,1,29.793,ok
620,76,176,78032,10,1,31.717,ok
620,77,177,77714,10,1,23.766,ok
620,78,178,77505,10,1,22.937,ok
620,79,179,77946,10,1,26.191,ok
620,80,180,77471,10,1,30.272,ok
620,81,181,78070,10,1,31.402,ok
620,82,182,77678,10,1,24.043,ok
620,83,183,77710,10,1,26.359,ok
620,84,184,77744,10,1,28.841,ok
620,85,185,77855,10,1,34.537,ok
620,86,186,77893,10,1,39.246,ok
620,87,187,77620,10,1,46.711,ok
620,88,188,77772,10,1,48.813,ok
620,89,189,77595,10,1,47.762,ok
620,90,190,77525,10,1,38.335,ok
620,91,191,77856,10,1,34.549,ok
620,92,192,77858,10,1,49.767,ok
620,93,193,77859,10,1,47.17,ok
620,94,194,77852,10,1,46.843,ok
620,95,195,78149,10,1,26.766,ok
620,96,196,77704,10,1,27.212,ok
620,97,197,78169,10,1,39.028,ok
620,98,198,77992,10,1,35.495,ok
620,99,199,77632,10,1,34.997,ok
623,0,100,78080,10,1,25.152,ok
623,1,101,77975,10,1,25.918,ok
623,2,102,77949,10,1,30.8,ok
623,3,103,77750,10,1,28.216,ok
623,4,104,78079,10,1,28.005,ok
623,5,105,78431,10,1,28.314,ok
623,6,106,77859,10,1,27.032,ok
623,7,107,78414,10,1,26.473,ok
623,8,108,77949,10,1,27.903,ok
623,9,109,77972,10,1,27.813,ok
623,10,110,77894,10,1,28.59,ok
623,11,111,77816,10,1,24.949,ok
623,12,112,77748,10,1,28.984,ok
623,13,113,77968,10,1,23.041,ok
623,14,114,78135,10,1,25.948,ok
623,15,115,77748,10,1,28.132,ok
623,16,116,78234,10,1,27.486,ok
623,17,117,78227,10,1,25.787,ok
623,18,118,77706,10,1,26.059,ok
623,19,119,77792,10,1,27.011,ok
623,20,120,78393,10,1,27.938,ok
623,21,121,77953,10,1,32.107,ok
623,22,122,78141,10,1,26.055,ok
623,23,123,78211,10,1,27.254,ok
623,24,124,78363,10,1,25.463,ok
623,25,125,77952,10,1,25.296,ok
623,26,126,78005,10,1,23.853,ok
623,27,127,78061,10,1,26.849,ok
623,28,128,78107,10,1,23.389,ok
623,29,129,78031,10,1,24.218,ok
623,30,130,78065,10,1,26.209,ok
623,31,131,78279,10,1,29.724,ok
623,32,132,78366,10,1,27.514,ok
623,33,133,78173,10,1,28.277,ok
623,34,134,78173,10,1,28.015,ok
623,35,135,78042,10,1,27.023,ok
623,36,136,78135,10,1,28.59,ok
623,37,137,77995,10,1,27.736,ok
623,38,138,77954,10,1,30.255,ok
623,39,139,78201,10,1,32.939,ok
623,40,140,78152,10,1,27.843,ok
623,41,141,78392,10,1,26.855,ok
623,42,142,78135,10,1,26.028,ok
623,43,143,77939,10,1,27.138,ok
623,44,144,78456,10,1,27.896,ok
623,45,145,78246,10,1,27.921,ok
623,46,146,78229,10,1,25.886,ok
623,47,147,78162,10,1,25.741,ok
623,48,148,78097,10,1,25.652,ok
623,49,149,78258,10,1,25.846,ok
623,50,150,78038,10,1,27.256,ok
623,51,151,78088,10,1,25.117,ok
623,52,152,78194,10,1,25.328,ok
623,53,153,77633,10,1,25.407,ok
623,54,154,77868,10,1,26.805,ok
623,55,155,77836,10,1,26.724,ok
623,56,156,77825,10,1,25.584,ok
623,57,157,78309,10,1,23.232,ok
623,58,158,78279,10,1,27.186,ok
623,59,159,78272,10,1,24.979,ok
623,60,160,78189,10,1,29.396,ok
623,61,161,78327,10,1,29.726,ok
623,62,162,78037,10,1,29.704,ok
623,63,163,78331,10,1,27.894,ok
623,64,164,77862,10,1,30.708,ok
623,65,165,78113,10,1,26.445,ok
623,66,166,77915,10,1,27.189,ok
623,67,167,77845,10,1,22.311,ok
623,68,168,78026,10,1,24.772,ok
623,69,169,77700,10,1,22.86,ok
623,70,170,77832,10,1,25.4,ok
623,71,171,78637,10,1,26.034,ok
623,72,172,78021,10,1,25.275,ok
623,73,173,77913,10,1,23.635,ok
623,74,174,77952,10,1,25.685,ok
623,75,175,78044,10,1,26.565,ok
623,76,176,77827,10,1,28.081,ok
623,77,177,78244,10,1,29.347,ok
623,78,178,78327,10,1,30.232,ok
623,79,179,77991,10,1,30.588,ok
623,80,180,78203,10,1,27.161,ok
623,81,181,77975,10,1,25.796,ok
623,82,182,78376,10,1,25.459,ok
623,83,183,78047,10,1,27.196,ok
623,84,184,77829,10,1,24.168,ok
623,85,185,78253,10,1,24.841,ok
623,86,186,78139,10,1,25.826,ok
623,87,187,78049,10,1,26.689,ok
623,88,188,77844,10,1,23.182,ok
623,89,189,78324,10,1,25.262,ok
623,90,190,77937,10,1,24.624,ok
623,91,191,78300,10,1,25.307,ok
623,92,192,78036,10,1,27.083,ok
623,93,193,77829,10,1,25.303,ok
623,94,194,78433,10,1,26.96,ok
623,95,195,78240,10,1,25.559,ok
623,96,196,78408,10,1,24.468,ok
623,97,197,78075,10,1,26.186,ok
623,98,198,77932,10,1,25.576,ok
623,99,199,78083,10,1,22.423,ok
626,0,100,79277,10,1,27.947,ok
626,1,101,79374,10,1,33.157,ok
626,2,102,78468,10,1,26.536,ok
626,3,103,79252,10,1,32.469,ok
626,4,104,79543,10,1,33.74,ok
626,5,105,79391,10,1,26.384,ok
626,6,106,78856,10,1,28.457,ok
626,7,107,79105,10,1,25.288,ok
626,8,108,79177,10,1,35.496,ok
626,9,109,79393,10,1,29.868,ok
626,10,110,79236,10,1,33.821,ok
626,11,111,79330,10,1,23.112,ok
626,12,112,79375,10,1,26.347,ok
626,13,113,78758,10,1,28.064,ok
626,14,114,79253,10,1,24.758,ok
626,15,115,79121,10,1,32.755,ok
626,16,116,79381,10,1,23.361,ok
626,17,117,79209,10,1,34.385,ok
626,18,118,79347,10,1,34.705,ok
626,19,119,79784,10,1,33.325,ok
626,20,120,78956,10,1,31.482,ok
626,21,121,79219,10,1,28.954,ok
626,22,122,78916,10,1,33.872,ok
626,23,123,79441,10,1,27.736,ok
626,24,124,79237,10,1,37.806,ok
626,25,125,79022,10,1,25.707,ok
626,26,126,79528,10,1,22.054,ok
626,27,127,78852,10,1,31.421,ok
626,28,128,79112,10,1,28.06,ok
626,29,129,79653,10,1,21.741,ok
626,30,130,78944,10,1,33.251,ok
626,31,131,79264,10,1,27.841,ok
626,32,132,79238,10,1,29.118,ok
626,33,133,79152,10,1,29.549,ok
626,34,134,79368,10,1,32.221,ok
626,35,135,79256,10,1,31.05,ok
626,36,136,79038,10,1,28.592,ok
626,37,137,79205,10,1,20.816,ok
626,38,138,79207,10,1,33.201,ok
626,39,139,79263,10,1,34.21,ok
626,40,140,79231,10,1,39.975,ok
626,41,141,79196,10,1,37.415,ok
626,42,142,78854,10,1,34.106,ok
626,43,143,79387,10,1,36.834,ok
626,44,144,79299,10,1,34.298,ok
626,45,145,78999,10,1,31.18,ok
626,46,146,79388,10,1,29.575,ok
626,47,147,79339,10,1,27.528,ok
626,48,148,79058,10,1,29.787,ok
626,49,149,79400,10,1,36.356,ok
626,50,150,78806,10,1,28.46,ok
626,51,151,79044,10,1,24.244,ok
626,52,152,79326,10,1,35.376,ok
626,53,153,79004,10,1,34.75,ok
626,54,154,79146,10,1,35.043,ok
626,55,155,79521,10,1,30.61,ok
626,56,156,79158,10,1,28.077,ok
626,57,157,78962,10,1,26.485,ok
626,58,158,79331,10,1,27.421,ok
626,59,159,79013,10,1,25.745,ok
626,60,160,79052,10,1,28.124,ok
626,61,161,79230,10,1,23.96,ok
626,62,162,79042,10,1,30.468,ok
626,63,163,79302,10,1,26.658,ok
626,64,164,78918,10,1,38.613,ok
626,65,165,78772,10,1,36.003,ok
626,66,166,78885,10,1,34.852,ok
626,67,167,79519,10,1,34.438,ok
626,68,168,78762,10,1,43.279,ok
626,69,169,79089,10,1,34.286,ok
626,70,170,79320,10,1,33.943,ok
626,71,171,79134,10,1,38.588,ok
626,72,172,78741,10,1,33.289,ok
626,73,173,79693,10,1,33.045,ok
626,74,174,78612,10,1,34.661,ok
626,75,175,79383,10,1,33.086,ok
626,76,176,78944,10,1,31.776,ok
626,77,177,79357,10,1,30.452,ok
626,78,178,79259,10,1,28.405,ok
626,79,179,79011,10,1,38.321,ok
626,80,180,79683,10,1,39.301,ok
626,81,181,78935,10,1,44.654,ok
626,82,182,79211,10,1,34.636,ok
626,83,183,79324,10,1,36.453,ok
626,84,184,79130,10,1,36.813,ok
626,85,185,79014,10,1,37.908,ok
626,86,186,78935,10,1,32.738,ok
626,87,187,79381,10,1,35.858,ok
626,88,188,79200,10,1,30.677,ok
626,89,189,78985,10,1,32.469,ok
626,90,190,79207,10,1,34.695,ok
626,91,191,79682,10,1,41.06,ok
626,92,192,79202,10,1,25.245,ok
626,93,193,79422,10,1,37.863,ok
626,94,194,79211,10,1,27.978,ok
626,95,195,79190,10,1,27.39,ok
626,96,196,79311,10,1,30.21,ok
626,97,197,79019,10,1,36.648,ok
626,98,198,79548,10,1,30.752,ok
626,99,199,79723,10,1,20.86,ok
639,0,100,76805,10,1,32.445,ok
639,1,101,76879,10,1,27.554,ok
639,2,102,77014,10,1,25.482,ok
639,3,103,77223,10,1,26.18,ok
639,4,104,77230,10,1,24.107,ok
639,5,105,77188,10,1,30.425,ok
639,6,106,76399,10,1,33.699,ok
639,7,107,76693,10,1,31.012,ok
639,8,108,77262,10,1,29.507,ok
639,9,109,76633,10,1,29.518,ok
639,10,110,76767,10,1,27.812,ok
639,11,111,76856,10,1,27.159,ok
639,12,112,76884,10,1,26.951,ok
639,13,113,77191,10,1,28.078,ok
639,14,114,77331,10,1,29.726,ok
639,15,115,76651,10,1,24.805,ok
639,16,116,76998,10,1,24.289,ok
639,17,117,76398,10,1,25.902,ok
639,18,118,76662,10,1,30.92,ok
639,19,119,76686,10,1,25.519,ok
639,20,120,77366,10,1,22.751,ok
639,21,121,77226,10,1,26.984,ok
639,22,122,76876,10,1,24.849,ok
639,23,123,77024,10,1,25.607,ok
639,24,124,77357,10,1,29.073,ok
639,25,125,76555,10,1,29.809,ok
639,26,126,76433,10,1,33.495,ok
639,27,127,76492,10,1,33.064,ok
639,28,128,77169,10,1,28.83,ok
639,29,129,77081,10,1,27.671,ok
639,30,130,76966,10,1,30.59,ok
639,31,131,76999,10,1,32.358,ok
639,32,132,77106,10,1,30.456,ok
639,33,133,76726,10,1,31.131,ok
639,34,134,76704,10,1,29.739,ok
639,35,135,77037,10,1,24.458,ok
639,36,136,77201,10,1,27.126,ok
639,37,137,77468,10,1,24.573,ok
639,38,138,77119,10,1,28.642,ok
639,39,139,77093,10,1,27.935,ok
639,40,140,76838,10,1,32.282,ok
639,41,141,77144,10,1,29.419,ok
639,42,142,76515,10,1,32.627,ok
639,43,143,76936,10,1,34.905,ok
639,44,144,76860,10,1,33.748,ok
639,45,145,76906,10,1,28.959,ok
639,46,146,76505,10,1,23.402,ok
639,47,147,77075,10,1,30.205,ok
639,48,148,76681,10,1,26.249,ok
639,49,149,76813,10,1,27.036,ok
639,50,150,76787,10,1,23.707,ok
639,51,151,77079,10,1,19.816,ok
639,52,152,77062,10,1,27.201,ok
639,53,153,77144,10,1,25.826,ok
639,54,154,76823,10,1,27.194,ok
639,55,155,77112,10,1,23.864,ok
639,56,156,76757,10,1,21.58,ok
639,57,157,77038,10,1,21.987,ok
639,58,158,77106,10,1,27.726,ok
639,59,159,76936,10,1,25.082,ok
639,60,160,76722,10,1,26.926,ok
639,61,161,76973,10,1,27.179,ok
639,62,162,77316,10,1,22.611,ok
639,63,163,76694,10,1,22.877,ok
639,64,164,76554,10,1,25.102,ok
639,65,165,76660,10,1,28.936,ok
639,66,166,77086,10,1,28.534,ok
639,67,167,76450,10,1,28.213,ok
639,68,168,76713,10,1,32.064,ok
639,69,169,76881,10,1,24.804,ok
639,70,170,77115,10,1,22.082,ok
639,71,171,77257,10,1,22.117,ok
639,72,172,77052,10,1,24.337,ok
639,73,173,77317,10,1,28.048,ok
639,74,174,76874,10,1,26.147,ok
639,75,175,77145,10,1,32.998,ok
639,76,176,76695,10,1,29.49,ok
639,77,177,76962,10,1,28.857,ok
639,78,178,76857,10,1,27.968,ok
639,79,179,76808,10,1,34.911,ok
639,80,180,76939,10,1,28.951,ok
639,81,181,76822,10,1,30.556,ok
639,82,182,76517,10,1,27.922,ok
639,83,183,76836,10,1,28.388,ok
639,84,184,76837,10,1,33.282,ok
639,85,185,77182,10,1,28.317,ok
639,86,186,76838,10,1,28.967,ok
639,87,187,76890,10,1,33.704,ok
639,88,188,76920,10,1,30.443,ok
639,89,189,76938,10,1,28.939,ok
639,90,190,77314,10,1,23.838,ok
639,91,191,77278,10,1,27.978,ok
639,92,192,77168,10,1,27.019,ok
639,93,193,77023,10,1,20.782,ok
639,94,194,76781,10,1,24.219,ok
639,95,195,77111,10,1,25.992,ok
639,96,196,76666,10,1,26.103,ok
639,97,197,76572,10,1,30.973,ok
639,98,198,77160,10,1,27.981,ok
639,99,199,76823,10,1,26.099,ok
655,0,100,77946,10,1,28.426,ok
655,1,101,78330,10,1,28.559,ok
655,2,102,78299,10,1,29.444,ok
655,3,103,78292,10,1,33.542,ok
655,4,104,78371,10,1,29.102,ok
655,5,105,77936,10,1,39.3,ok
655,6,106,77696,10,1,39.276,ok
655,7,107,77780,10,1,38.791,ok
655,8,108,77868,10,1,39.733,ok
655,9,109,78285,10,1,30.887,ok
655,10,110,78107,10,1,36.211,ok
655,11,111,78196,10,1,40.539,ok
655,12,112,78138,10,1,31.628,ok
655,13,113,78296,10,1,37.203,ok
655,14,114,78201,10,1,31.352,ok
655,15,115,78264,10,1,39.851,ok
655,16,116,78143,10,1,31.702,ok
655,17,117,78379,10,1,32.575,ok
655,18,118,78282,10,1,39.736,ok
655,19,119,77876,10,1,35.679,ok
655,20,120,78252,10,1,37.841,ok
655,21,121,77667,10,1,38.876,ok
655,22,122,78127,10,1,30.614,ok
655,23,123,78462,10,1,29.567,ok
655,24,124,78137,10,1,29.986,ok
655,25,125,78111,10,1,38.121,ok
655,26,126,78230,10,1,39.96,ok
655,27,127,77971,10,1,33.654,ok
655,28,128,78124,10,1,24.814,ok
655,29,129,78470,10,1,30.555,ok
655,30,130,78219,10,1,31.213,ok
655,31,131,78165,10,1,37.884,ok
655,32,132,78498,10,1,33.877,ok
655,33,133,78064,10,1,33.73,ok
655,34,134,78050,10,1,32.187,ok
655,35,135,78093,10,1,33.602,ok
655,36,136,78130,10,1,32.62,ok
655,37,137,77790,10,1,31.453,ok
655,38,138,78030,10,1,31.576,ok
655,39,139,78127,10,1,29.737,ok
655,40,140,78224,10,1,37.901,ok
655,41,141,77973,10,1,32.252,ok
655,42,142,77636,10,1,26.131,ok
655,43,143,78205,10,1,32.672,ok
655,44,144,78156,10,1,27.133,ok
655,45,145,77948,10,1,30.106,ok
655,46,146,78204,10,1,29.57,ok
655,47,147,78124,10,1,31.966,ok
655,48,148,78145,10,1,34.741,ok
655,49,149,78283,10,1,30.222,ok
655,50,150,78289,10,1,32.681,ok
655,51,151,77840,10,1,34.764,ok
655,52,152,78197,10,1,26.06,ok
655,53,153,78147,10,1,31.613,ok
655,54,154,78197,10,1,38.237,ok
655,55,155,77995,10,1,29.043,ok
655,56,156,78289,10,1,32.123,ok
655,57,157,77995,10,1,28.732,ok
655,58,158,78362,10,1,34.305,ok
655,59,159,77872,10,1,39.569,ok
655,60,160,77977,10,1,32.102,ok
655,61,161,78099,10,1,34.912,ok
655,62,162,78546,10,1,33.393,ok
655,63,163,78173,10,1,43.541,ok
655,64,164,78222,10,1,33.921,ok
655,65,165,77524,10,1,34.671,ok
655,66,166,78335,10,1,34.718,ok
655,67,167,78023,10,1,33.928,ok
655,68,168,78522,10,1,40.554,ok
655,69,169,78223,10,1,29.544,ok
655,70,170,78076,10,1,31.933,ok
655,71,171,77679,10,1,25.625,ok
655,72,172,77995,10,1,34.013,ok
655,73,173,78579,10,1,38.191,ok
655,74,174,78450,10,1,32.384,ok
655,75,175,78149,10,1,30.662,ok
655,76,176,78082,10,1,33.265,ok
655,77,177,78183,10,1,39.999,ok
655,78,178,77698,10,1,35.345,ok
655,79,179,78425,10,1,34.707,ok
655,80,180,78330,10,1,23.304,ok
655,81,181,77970,10,1,28.106,ok
655,82,182,78214,10,1,40.781,ok
655,83,183,77792,10,1,29.452,ok
655,84,184,77494,10,1,29.436,ok
655,85,185,78125,10,1,43.114,ok
655,86,186,77896,10,1,31.691,ok
655,87,187,78075,10,1,31.787,ok
655,88,188,78296,10,1,32.129,ok
655,89,189,78137,10,1,26.192,ok
655,90,190,77922,10,1,36.981,ok
655,91,191,78028,10,1,29.81,ok
655,92,192,78030,10,1,26.135,ok
655,93,193,78056,10,1,31.216,ok
655,94,194,78058,10,1,34.307,ok
655,95,195,78481,10,1,35.195,ok
655,96,196,77965,10,1,30.059,ok
655,97,197,78627,10,1,28.169,ok
655,98,198,78082,10,1,29.939,ok
655,99,199,77802,10,1,29.811,ok
676,0,100,77330,10,1,22.699,ok
676,1,101,77058,10,1,35.779,ok
676,2,102,77185,10,1,26.883,ok
676,3,103,76993,10,1,34.396,ok
676,4,104,76826,10,1,25.685,ok
676,5,105,77353,10,1,37.004,ok
676,6,106,76936,10,1,28.23,ok
676,7,107,77271,10,1,30.368,ok
676,8,108,77339,10,1,32.424,ok
676,9,109,77479,10,1,23.98,ok
676,10,110,76720,10,1,28.453,ok
676,11,111,77424,10,1,38.105,ok
676,12,112,77460,10,1,28.637,ok
676,13,113,77195,10,1,37.159,ok
676,14,114,77174,10,1,39.552,ok
676,15,115,77013,10,1,34.522,ok
676,16,116,77185,10,1,32.846,ok
676,17,117,77031,10,1,32.076,ok
676,18,118,77262,10,1,42.829,ok
676,19,119,77389,10,1,55.082,ok
676,20,120,77039,10,1,43.853,ok
676,21,121,77420,10,1,33.776,ok
676,22,122,76985,10,1,36.994,ok
676,23,123,76976,10,1,60.435,ok
676,24,124,77029,10,1,49.681,ok
676,25,125,76984,10,1,29.405,ok
676,26,126,77389,10,1,31.56,ok
676,27,127,77478,10,1,26.367,ok
676,28,128,76930,10,1,53.65,ok
676,29,129,77096,10,1,39.646,ok
676,30,130,77576,10,1,27.68,ok
676,31,131,77072,10,1,35.475,ok
676,32,132,77122,10,1,47.231,ok
676,33,133,77246,10,1,44.349,ok
676,34,134,77578,10,1,36.623,ok
676,35,135,77377,10,1,31.938,ok
676,36,136,77256,10,1,30.363,ok
676,37,137,76938,10,1,61.223,ok
676,38,138,77236,10,1,52.523,ok
676,39,139,77275,10,1,48.238,ok
676,40,140,77377,10,1,28.311,ok
676,41,141,77337,10,1,28.019,ok
676,42,142,77176,10,1,36.459,ok
676,43,143,77059,10,1,54.082,ok
676,44,144,77365,10,1,41.708,ok
676,45,145,76882,10,1,39.898,ok
676,46,146,77119,10,1,49.163,ok
676,47,147,76925,10,1,63.458,ok
676,48,148,77346,10,1,42.63,ok
676,49,149,76990,10,1,61.85,ok
676,50,150,77176,10,1,44.603,ok
676,51,151,76591,10,1,35.139,ok
676,52,152,77206,10,1,40.872,ok
676,53,153,77132,10,1,54.265,ok
676,54,154,77269,10,1,33.663,ok
676,55,155,77607,10,1,30.101,ok
676,56,156,77246,10,1,32.344,ok
676,57,157,77131,10,1,59.785,ok
676,58,158,77004,10,1,36.913,ok
676,59,159,77019,10,1,39.022,ok
676,60,160,77561,10,1,42.709,ok
676,61,161,77036,10,1,46.683,ok
676,62,162,76764,10,1,44.363,ok
676,63,163,76698,10,1,40.436,ok
676,64,164,77342,10,1,28.55,ok
676,65,165,76854,10,1,48.688,ok
676,66,166,77187,10,1,42.3,ok
676,67,167,76754,10,1,35.127,ok
676,68,168,76599,10,1,31.608,ok
676,69,169,77502,10,1,39.435,ok
676,70,170,77218,10,1,36.044,ok
676,71,171,77333,10,1,43.817,ok
676,72,172,77122,10,1,28.727,ok
676,73,173,76827,10,1,36.183,ok
676,74,174,76803,10,1,41.903,ok
676,75,175,76997,10,1,37.985,ok
676,76,176,77119,10,1,38.152,ok
676,77,177,76730,10,1,27.92,ok
676,78,178,77185,10,1,36.87,ok
676,79,179,76853,10,1,32.269,ok
676,80,180,77166,10,1,60.659,ok
676,81,181,77027,10,1,42.376,ok
676,82,182,77200,10,1,40.426,ok
676,83,183,77032,10,1,36.415,ok
676,84,184,77097,10,1,35.69,ok
676,85,185,76962,10,1,42.325,ok
676,86,186,77113,10,1,32.889,ok
676,87,187,76955,10,1,42.415,ok
676,88,188,77130,10,1,39.055,ok
676,89,189,77225,10,1,30.445,ok
676,90,190,77145,10,1,27.572,ok
676,91,191,77177,10,1,37.451,ok
676,92,192,77346,10,1,30.893,ok
676,93,193,77477,10,1,28.636,ok
676,94,194,76796,10,1,26.458,ok
676,95,195,77138,10,1,38.465,ok
676,96,196,77069,10,1,37.341,ok
676,97,197,77099,10,1,26.562,ok
676,98,198,76958,10,1,27.41,ok
676,99,199,76829,10,1,23.119,ok
678,0,100,77460,10,1,29.675,ok
678,1,101,77279,10,1,37.3,ok
678,2,102,77069,10,1,30.994,ok
678,3,103,77294,10,1,27.749,ok
678,4,104,77274,10,1,33.553,ok
678,5,105,77639,10,1,30.081,ok
678,6,106,77158,10,1,24.436,ok
678,7,107,77368,10,1,29.584,ok
678,8,108,77372,10,1,28.345,ok
678,9,109,77294,10,1,32.159,ok
678,10,110,77422,10,1,31.038,ok
678,11,111,77550,10,1,29.644,ok
678,12,112,77602,10,1,28.739,ok
678,13,113,77791,10,1,31.624,ok
678,14,114,77302,10,1,354.069,ok
678,15,115,77147,10,1,25.885,ok
678,16,116,77345,10,1,38.339,ok
678,17,117,77193,10,1,31.658,ok
678,18,118,77436,10,1,39.592,ok
678,19,119,76770,10,1,31.102,ok
678,20,120,77074,10,1,35.579,ok
678,21,121,77554,10,1,33.752,ok
678,22,122,77268,10,1,32.414,ok
678,23,123,77547,10,1,352.705,ok
678,24,124,77487,10,1,31.218,ok
678,25,125,77317,10,1,37.917,ok
678,26,126,77136,10,1,35.453,ok
678,27,127,76988,10,1,39.307,ok
678,28,128,77105,10,1,351.273,ok
678,29,129,77296,10,1,31.579,ok
678,30,130,77495,10,1,38.86,ok
678,31,131,77224,10,1,32.094,ok
678,32,132,77403,10,1,34.676,ok
678,33,133,77033,10,1,352.117,ok
678,34,134,77346,10,1,29.592,ok
678,35,135,77309,10,1,29.913,ok
678,36,136,77549,10,1,27.313,ok
678,37,137,77135,10,1,26.421,ok
678,38,138,77258,10,1,344.986,ok
678,39,139,77159,10,1,26.991,ok
678,40,140,77201,10,1,28.847,ok
678,41,141,77175,10,1,49.615,ok
678,42,142,76861,10,1,32.252,ok
678,43,143,76479,10,1,29.841,ok
678,44,144,77007,10,1,29.996,ok
678,45,145,77498,10,1,346.794,ok
678,46,146,77450,10,1,26.031,ok
678,47,147,77530,10,1,23.584,ok
678,48,148,77282,10,1,22.748,ok
678,49,149,77537,10,1,26.084,ok
678,50,150,77315,10,1,29.46,ok
678,51,151,77332,10,1,24.124,ok
678,52,152,77068,10,1,27.963,ok
678,53,153,77240,10,1,27.68,ok
678,54,154,77341,10,1,27.89,ok
678,55,155,77571,10,1,29.115,ok
678,56,156,77015,10,1,30.111,ok
678,57,157,77419,10,1,30.493,ok
678,58,158,77567,10,1,30.196,ok
678,59,159,77425,10,1,31.028,ok
678,60,160,77303,10,1,24.701,ok
678,61,161,77827,10,1,27.141,ok
678,62,162,77647,10,1,25.74,ok
678,63,163,76991,10,1,26.347,ok
678,64,164,77245,10,1,26.198,ok
678,65,165,77330,10,1,24.309,ok
678,66,166,77624,10,1,24.778,ok
678,67,167,77088,10,1,26.156,ok
678,68,168,77313,10,1,26.713,ok
678,69,169,77481,10,1,28.558,ok
678,70,170,77509,10,1,30.319,ok
678,71,171,77349,10,1,30.002,ok
678,72,172,77147,10,1,31.007,ok
678,73,173,77452,10,1,32.018,ok
678,74,174,77543,10,1,30.883,ok
678,75,175,77069,10,1,30.773,ok
678,76,176,77495,10,1,25.429,ok
678,77,177,77307,10,1,30.192,ok
678,78,178,77551,10,1,30.233,ok
678,79,179,77167,10,1,29.863,ok
678,80,180,77651,10,1,30.333,ok
678,81,181,77637,10,1,29.824,ok
678,82,182,77356,10,1,30.122,ok
678,83,183,77293,10,1,29.708,ok
678,84,184,77536,10,1,29.12,ok
678,85,185,77514,10,1,26.006,ok
678,86,186,77506,10,1,28.585,ok
678,87,187,77263,10,1,26.632,ok
678,88,188,77132,10,1,26.81,ok
678,89,189,77433,10,1,23.501,ok
678,90,190,77440,10,1,25.52,ok
678,91,191,77404,10,1,26.481,ok
678,92,192,77687,10,1,25.963,ok
678,93,193,77320,10,1,27.304,ok
678,94,194,77373,10,1,26.537,ok
678,95,195,77563,10,1,23.244,ok
678,96,196,77201,10,1,24.773,ok
678,97,197,77486,10,1,24.645,ok
678,98,198,77302,10,1,24.116,ok
678,99,199,77374,10,1,25.434,ok
694,0,100,74252,10,1,36.862,ok
694,1,101,74289,10,1,32.437,ok
694,2,102,74128,10,1,30.373,ok
694,3,103,73883,10,1,28.281,ok
694,4,104,73823,10,1,34.763,ok
694,5,105,74112,10,1,40.666,ok
694,6,106,74336,10,1,31.749,ok
694,7,107,73983,10,1,27.881,ok
694,8,108,73693,10,1,26.515,ok
694,9,109,73713,10,1,33.981,ok
694,10,110,74222,10,1,37.225,ok
694,11,111,74024,10,1,29.806,ok
694,12,112,74128,10,1,28.922,ok
694,13,113,73769,10,1,29.436,ok
694,14,114,74100,10,1,28.524,ok
694,15,115,74303,10,1,29.478,ok
694,16,116,74063,10,1,33.798,ok
694,17,117,73784,10,1,33.908,ok
694,18,118,74139,10,1,24.274,ok
694,19,119,73862,10,1,28.651,ok
694,20,120,73990,10,1,29.88,ok
694,21,121,73693,10,1,30.072,ok
694,22,122,74253,10,1,29.787,ok
694,23,123,74364,10,1,32.655,ok
694,24,124,73975,10,1,34.387,ok
694,25,125,74047,10,1,30.342,ok
694,26,126,73585,10,1,26.975,ok
694,27,127,73483,10,1,33.808,ok
694,28,128,74484,10,1,33.181,ok
694,29,129,74338,10,1,32.036,ok
694,30,130,73932,10,1,25.717,ok
694,31,131,74410,10,1,32.953,ok
694,32,132,74301,10,1,23.799,ok
694,33,133,73987,10,1,31.961,ok
694,34,134,74437,10,1,24.773,ok
694,35,135,74109,10,1,29.874,ok
694,36,136,74239,10,1,29.137,ok
694,37,137,73943,10,1,24.327,ok
694,38,138,74099,10,1,31.718,ok
694,39,139,74262,10,1,28.248,ok
694,40,140,73986,10,1,27.342,ok
694,41,141,73697,10,1,27.048,ok
694,42,142,74169,10,1,23.342,ok
694,43,143,73948,10,1,32.107,ok
694,44,144,74228,10,1,36.907,ok
694,45,145,74151,10,1,30.421,ok
694,46,146,73995,10,1,28.871,ok
694,47,147,73949,10,1,26.165,ok
694,48,148,74062,10,1,36.02,ok
694,49,149,74212,10,1,36.0,ok
694,50,150,74246,10,1,34.13,ok
694,51,151,74218,10,1,28.385,ok
694,52,152,73687,10,1,34.303,ok
694,53,153,73957,10,1,32.985,ok
694,54,154,73801,10,1,36.064,ok
694,55,155,73758,10,1,33.977,ok
694,56,156,74291,10,1,24.069,ok
694,57,157,74141,10,1,38.068,ok
694,58,158,73793,10,1,38.88,ok
694,59,159,74190,10,1,30.477,ok
694,60,160,74128,10,1,28.227,ok
694,61,161,74025,10,1,26.563,ok
694,62,162,74663,10,1,32.991,ok
694,63,163,73833,10,1,38.687,ok
694,64,164,74070,10,1,39.157,ok
694,65,165,74352,10,1,23.733,ok
694,66,166,74337,10,1,24.026,ok
694,67,167,74513,10,1,34.471,ok
694,68,168,74274,10,1,33.583,ok
694,69,169,73998,10,1,27.843,ok
694,70,170,74027,10,1,27.531,ok
694,71,171,73788,10,1,40.923,ok
694,72,172,73920,10,1,41.275,ok
694,73,173,74648,10,1,40.579,ok
694,74,174,74195,10,1,39.431,ok
694,75,175,74345,10,1,29.685,ok
694,76,176,74078,10,1,36.887,ok
694,77,177,73927,10,1,37.878,ok
694,78,178,73964,10,1,30.371,ok
694,79,179,74392,10,1,37.976,ok
694,80,180,74097,10,1,37.409,ok
694,81,181,74252,10,1,31.18,ok
694,82,182,74081,10,1,37.173,ok
694,83,183,73841,10,1,40.314,ok
694,84,184,74094,10,1,37.314,ok
694,85,185,73829,10,1,38.435,ok
694,86,186,73990,10,1,35.607,ok
694,87,187,73939,10,1,35.025,ok
694,88,188,73772,10,1,38.048,ok
694,89,189,73961,10,1,37.262,ok
694,90,190,74246,10,1,37.407,ok
694,91,191,73877,10,1,37.233,ok
694,92,192,74013,10,1,36.983,ok
694,93,193,74478,10,1,37.441,ok
694,94,194,74065,10,1,37.101,ok
694,95,195,74088,10,1,35.731,ok
694,96,196,74114,10,1,36.531,ok
694,97,197,74141,10,1,35.055,ok
694,98,198,74376,10,1,35.29,ok
694,99,199,74333,10,1,34.356,ok
701,0,100,78076,10,1,31.748,ok
701,1,101,77378,10,1,28.942,ok
701,2,102,77336,10,1,25.362,ok
701,3,103,77431,10,1,28.459,ok
701,4,104,77434,10,1,36.524,ok
701,5,105,77817,10,1,37.063,ok
701,6,106,77513,10,1,32.042,ok
701,7,107,77673,10,1,28.308,ok
701,8,108,77458,10,1,36.041,ok
701,9,109,77373,10,1,31.659,ok
701,10,110,77560,10,1,26.916,ok
701,11,111,77651,10,1,26.586,ok
701,12,112,78052,10,1,27.298,ok
701,13,113,77719,10,1,24.429,ok
701,14,114,77642,10,1,29.853,ok
701,15,115,77725,10,1,27.069,ok
701,16,116,77365,10,1,35.473,ok
701,17,117,76997,10,1,25.936,ok
701,18,118,77779,10,1,31.375,ok
701,19,119,77697,10,1,28.216,ok
701,20,120,77492,10,1,29.409,ok
701,21,121,77710,10,1,29.149,ok
701,22,122,77186,10,1,32.659,ok
701,23,123,77966,10,1,25.121,ok
701,24,124,77761,10,1,28.706,ok
701,25,125,77710,10,1,29.019,ok
701,26,126,78087,10,1,31.158,ok
701,27,127,77984,10,1,37.74,ok
701,28,128,77702,10,1,30.371,ok
701,29,129,77879,10,1,30.655,ok
701,30,130,77823,10,1,26.681,ok
701,31,131,77589,10,1,27.214,ok
701,32,132,77238,10,1,33.66,ok
701,33,133,77703,10,1,29.988,ok
701,34,134,77357,10,1,28.737,ok
701,35,135,77239,10,1,26.602,ok
701,36,136,77921,10,1,33.449,ok
701,37,137,77161,10,1,27.895,ok
701,38,138,78040,10,1,26.082,ok
701,39,139,77501,10,1,25.53,ok
701,40,140,77880,10,1,27.165,ok
701,41,141,77516,10,1,29.188,ok
701,42,142,77346,10,1,27.37,ok
701,43,143,77512,10,1,29.42,ok
701,44,144,77597,10,1,29.21,ok
701,45,145,77378,10,1,30.97,ok
701,46,146,77196,10,1,23.948,ok
701,47,147,77719,10,1,26.442,ok
701,48,148,77590,10,1,31.585,ok
701,49,149,78029,10,1,26.749,ok
701,50,150,77496,10,1,28.659,ok
701,51,151,77398,10,1,29.04,ok
701,52,152,77890,10,1,36.129,ok
701,53,153,77753,10,1,31.14,ok
701,54,154,78016,10,1,32.243,ok
701,55,155,77442,10,1,29.207,ok
701,56,156,77860,10,1,24.421,ok
701,57,157,77301,10,1,28.55,ok
701,58,158,77479,10,1,26.496,ok
701,59,159,77613,10,1,27.423,ok
701,60,160,77479,10,1,28.745,ok
701,61,161,77635,10,1,31.629,ok
701,62,162,77369,10,1,38.061,ok
701,63,163,78032,10,1,31.648,ok
701,64,164,77679,10,1,31.67,ok
701,65,165,77264,10,1,29.314,ok
701,66,166,77325,10,1,33.003,ok
701,67,167,77178,10,1,31.619,ok
701,68,168,77443,10,1,31.837,ok
701,69,169,77770,10,1,32.93,ok
701,70,170,77367,10,1,27.682,ok
701,71,171,77820,10,1,36.055,ok
701,72,172,77539,10,1,28.017,ok
701,73,173,77385,10,1,29.064,ok
701,74,174,77385,10,1,33.463,ok
701,75,175,77468,10,1,30.861,ok
701,76,176,77502,10,1,24.361,ok
701,77,177,77353,10,1,21.539,ok
701,78,178,77341,10,1,26.04,ok
701,79,179,77497,10,1,28.352,ok
701,80,180,77544,10,1,28.084,ok
701,81,181,77760,10,1,31.358,ok
701,82,182,77264,10,1,27.449,ok
701,83,183,77872,10,1,27.826,ok
701,84,184,77016,10,1,32.15,ok
701,85,185,77279,10,1,30.871,ok
701,86,186,77464,10,1,31.426,ok
701,87,187,78138,10,1,28.757,ok
701,88,188,77839,10,1,28.323,ok
701,89,189,77339,10,1,30.998,ok
701,90,190,77578,10,1,35.415,ok
701,91,191,77661,10,1,31.694,ok
701,92,192,77434,10,1,38.163,ok
701,93,193,77312,10,1,32.328,ok
701,94,194,77706,10,1,30.672,ok
701,95,195,77666,10,1,31.408,ok
701,96,196,77749,10,1,28.72,ok
701,97,197,77919,10,1,32.233,ok
701,98,198,77561,10,1,32.502,ok
701,99,199,77130,10,1,29.27,ok
706,0,100,77273,10,1,23.537,ok
706,1,101,77043,10,1,25.433,ok
706,2,102,77472,10,1,24.2,ok
706,3,103,77768,10,1,26.375,ok
706,4,104,77423,10,1,27.41,ok
706,5,105,77765,10,1,32.089,ok
706,6,106,77841,10,1,30.771,ok
706,7,107,77573,10,1,28.277,ok
706,8,108,77329,10,1,29.23,ok
706,9,109,77439,10,1,30.176,ok
706,10,110,77365,10,1,28.038,ok
706,11,111,77380,10,1,27.221,ok
706,12,112,77407,10,1,25.998,ok
706,13,113,77553,10,1,25.026,ok
706,14,114,77600,10,1,28.171,ok
706,15,115,77274,10,1,30.787,ok
706,16,116,77386,10,1,30.383,ok
706,17,117,77597,10,1,29.145,ok
706,18,118,77196,10,1,28.874,ok
706,19,119,77384,10,1,28.863,ok
706,20,120,77232,10,1,25.364,ok
706,21,121,77256,10,1,27.865,ok
706,22,122,77733,10,1,26.029,ok
706,23,123,77210,10,1,28.071,ok
706,24,124,77312,10,1,34.358,ok
706,25,125,77352,10,1,24.585,ok
706,26,126,77162,10,1,27.049,ok
706,27,127,77284,10,1,26.548,ok
706,28,128,77375,10,1,28.735,ok
706,29,129,77857,10,1,32.63,ok
706,30,130,77674,10,1,27.753,ok
706,31,131,77293,10,1,23.378,ok
706,32,132,77537,10,1,27.325,ok
706,33,133,77226,10,1,34.974,ok
706,34,134,77477,10,1,31.986,ok
706,35,135,77297,10,1,29.943,ok
706,36,136,77618,10,1,28.905,ok
706,37,137,77046,10,1,29.189,ok
706,38,138,77260,10,1,42.421,ok
706,39,139,77704,10,1,30.037,ok
706,40,140,77473,10,1,28.555,ok
706,41,141,77169,10,1,25.964,ok
706,42,142,77589,10,1,27.466,ok
706,43,143,77456,10,1,31.604,ok
706,44,144,76980,10,1,29.988,ok
706,45,145,77130,10,1,29.661,ok
706,46,146,77173,10,1,29.565,ok
706,47,147,77274,10,1,32.688,ok
706,48,148,77170,10,1,41.238,ok
706,49,149,77340,10,1,31.118,ok
706,50,150,77198,10,1,26.45,ok
706,51,151,76916,10,1,28.679,ok
706,52,152,77067,10,1,29.034,ok
706,53,153,77395,10,1,41.938,ok
706,54,154,77762,10,1,29.001,ok
706,55,155,77678,10,1,27.24,ok
706,56,156,77377,10,1,28.948,ok
706,57,157,77462,10,1,41.474,ok
706,58,158,77761,10,1,31.807,ok
706,59,159,77239,10,1,27.748,ok
706,60,160,77572,10,1,26.694,ok
706,61,161,77434,10,1,22.47,ok
706,62,162,77475,10,1,26.731,ok
706,63,163,77628,10,1,28.019,ok
706,64,164,77204,10,1,25.191,ok
706,65,165,77347,10,1,26.187,ok
706,66,166,77037,10,1,23.579,ok
706,67,167,77763,10,1,22.307,ok
706,68,168,77468,10,1,25.599,ok
706,69,169,77550,10,1,24.047,ok
706,70,170,77387,10,1,27.572,ok
706,71,171,77180,10,1,29.092,ok
706,72,172,77364,10,1,25.877,ok
706,73,173,77463,10,1,21.475,ok
706,74,174,77148,10,1,23.063,ok
706,75,175,77233,10,1,30.609,ok
706,76,176,77689,10,1,30.212,ok
706,77,177,77404,10,1,38.284,ok
706,78,178,77870,10,1,27.345,ok
706,79,179,77488,10,1,28.529,ok
706,80,180,77545,10,1,27.357,ok
706,81,181,77189,10,1,22.986,ok
706,82,182,77561,10,1,27.498,ok
706,83,183,77670,10,1,28.624,ok
706,84,184,77552,10,1,26.998,ok
706,85,185,77123,10,1,24.432,ok
706,86,186,77544,10,1,28.447,ok
706,87,187,77501,10,1,26.058,ok
706,88,188,77404,10,1,25.995,ok
706,89,189,77251,10,1,30.837,ok
706,90,190,77343,10,1,28.423,ok
706,91,191,77693,10,1,28.13,ok
706,92,192,77108,10,1,32.34,ok
706,93,193,77403,10,1,26.895,ok
706,94,194,77192,10,1,26.443,ok
706,95,195,77290,10,1,24.975,ok
706,96,196,77187,10,1,23.948,ok
706,97,197,77453,10,1,24.8,ok
706,98,198,77333,10,1,27.085,ok
706,99,199,77203,10,1,26.626,ok
708,0,100,75963,10,1,27.264,ok
708,1,101,75828,10,1,25.174,ok
708,2,102,75900,10,1,28.434,ok
708,3,103,76189,10,1,28.275,ok
708,4,104,76080,10,1,27.981,ok
708,5,105,75954,10,1,25.563,ok
708,6,106,75579,10,1,25.352,ok
708,7,107,75601,10,1,24.219,ok
708,8,108,75780,10,1,25.351,ok
708,9,109,75833,10,1,24.093,ok
708,10,110,75996,10,1,27.003,ok
708,11,111,76022,10,1,28.191,ok
708,12,112,75960,10,1,27.62,ok
708,13,113,75646,10,1,27.984,ok
708,14,114,76237,10,1,33.435,ok
708,15,115,75883,10,1,27.119,ok
708,16,116,76080,10,1,26.317,ok
708,17,117,75973,10,1,26.512,ok
708,18,118,75746,10,1,27.455,ok
708,19,119,75925,10,1,31.379,ok
708,20,120,75883,10,1,25.577,ok
708,21,121,75812,10,1,25.859,ok
708,22,122,75759,10,1,28.984,ok
708,23,123,75978,10,1,30.36,ok
708,24,124,75535,10,1,35.121,ok
708,25,125,75736,10,1,28.837,ok
708,26,126,76053,10,1,26.684,ok
708,27,127,76108,10,1,27.422,ok
708,28,128,75813,10,1,31.96,ok
708,29,129,75850,10,1,34.567,ok
708,30,130,76009,10,1,27.241,ok
708,31,131,75790,10,1,26.601,ok
708,32,132,76124,10,1,30.821,ok
708,33,133,75884,10,1,34.195,ok
708,34,134,75976,10,1,30.503,ok
708,35,135,76062,10,1,26.24,ok
708,36,136,75938,10,1,27.939,ok
708,37,137,75541,10,1,34.537,ok
708,38,138,76051,10,1,33.041,ok
708,39,139,75730,10,1,36.181,ok
708,40,140,75730,10,1,24.342,ok
708,41,141,75322,10,1,24.717,ok
708,42,142,76045,10,1,32.652,ok
708,43,143,75881,10,1,34.598,ok
708,44,144,75777,10,1,37.5,ok
708,45,145,75639,10,1,23.853,ok
708,46,146,75611,10,1,32.493,ok
708,47,147,75951,10,1,33.824,ok
708,48,148,75647,10,1,33.5,ok
708,49,149,75461,10,1,31.842,ok
708,50,150,75960,10,1,35.301,ok
708,51,151,76180,10,1,32.017,ok
708,52,152,75923,10,1,31.822,ok
708,53,153,75815,10,1,32.219,ok
708,54,154,75619,10,1,32.399,ok
708,55,155,75642,10,1,39.773,ok
708,56,156,76196,10,1,37.132,ok
708,57,157,75912,10,1,36.136,ok
708,58,158,75815,10,1,36.809,ok
708,59,159,75799,10,1,35.9,ok
708,60,160,75767,10,1,28.381,ok
708,61,161,76319,10,1,33.27,ok
708,62,162,75723,10,1,35.735,ok
708,63,163,75740,10,1,36.537,ok
708,64,164,76316,10,1,38.175,ok
708,65,165,75755,10,1,33.353,ok
708,66,166,75755,10,1,33.182,ok
708,67,167,75885,10,1,32.432,ok
708,68,168,75092,10,1,31.668,ok
708,69,169,75896,10,1,33.142,ok
708,70,170,75596,10,1,32.999,ok
708,71,171,75833,10,1,34.996,ok
708,72,172,75978,10,1,34.134,ok
708,73,173,75821,10,1,37.91,ok
708,74,174,75783,10,1,35.124,ok
708,75,175,75280,10,1,33.308,ok
708,76,176,75643,10,1,33.164,ok
708,77,177,75928,10,1,33.533,ok
708,78,178,75980,10,1,33.764,ok
708,79,179,75489,10,1,33.664,ok
708,80,180,75916,10,1,33.795,ok
708,81,181,75769,10,1,30.996,ok
708,82,182,75834,10,1,37.606,ok
708,83,183,75680,10,1,37.794,ok
708,84,184,75995,10,1,37.044,ok
708,85,185,75836,10,1,31.914,ok
708,86,186,75826,10,1,32.236,ok
708,87,187,75825,10,1,32.862,ok
708,88,188,76041,10,1,32.815,ok
708,89,189,75482,10,1,34.208,ok
708,90,190,76013,10,1,33.775,ok
708,91,191,75745,10,1,32.92,ok
708,92,192,75878,10,1,32.763,ok
708,93,193,75881,10,1,32.739,ok
708,94,194,75510,10,1,31.993,ok
708,95,195,76029,10,1,35.168,ok
708,96,196,75897,10,1,36.119,ok
708,97,197,76099,10,1,35.361,ok
708,98,198,75868,10,1,36.11,ok
708,99,199,75710,10,1,35.21,ok
712,0,100,76457,10,1,27.726,ok
712,1,101,76192,10,1,31.797,ok
712,2,102,76409,10,1,35.776,ok
712,3,103,76523,10,1,33.344,ok
712,4,104,75959,10,1,36.482,ok
712,5,105,76160,10,1,30.028,ok
712,6,106,76183,10,1,33.683,ok
712,7,107,75787,10,1,39.058,ok
712,8,108,75805,10,1,36.028,ok
712,9,109,75993,10,1,39.49,ok
712,10,110,76337,10,1,30.924,ok
712,11,111,76442,10,1,48.017,ok
712,12,112,76142,10,1,38.77,ok
712,13,113,76148,10,1,38.822,ok
712,14,114,76230,10,1,37.438,ok
712,15,115,76387,10,1,27.693,ok
712,16,116,76094,10,1,43.224,ok
712,17,117,76450,10,1,34.889,ok
712,18,118,76010,10,1,35.049,ok
712,19,119,76357,10,1,36.228,ok
712,20,120,76551,10,1,25.119,ok
712,21,121,75893,10,1,44.664,ok
712,22,122,76522,10,1,34.777,ok
712,23,123,76110,10,1,34.325,ok
712,24,124,76642,10,1,32.871,ok
712,25,125,76365,10,1,45.6,ok
712,26,126,75968,10,1,33.965,ok
712,27,127,76324,10,1,36.21,ok
712,28,128,76090,10,1,32.696,ok
712,29,129,76577,10,1,34.664,ok
712,30,130,75913,10,1,37.35,ok
712,31,131,76233,10,1,33.333,ok
712,32,132,76197,10,1,32.68,ok
712,33,133,75850,10,1,35.732,ok
712,34,134,76031,10,1,35.55,ok
712,35,135,76141,10,1,30.846,ok
712,36,136,76216,10,1,30.417,ok
712,37,137,76225,10,1,31.818,ok
712,38,138,76144,10,1,30.505,ok
712,39,139,76256,10,1,33.027,ok
712,40,140,76328,10,1,36.684,ok
712,41,141,76243,10,1,36.259,ok
712,42,142,76286,10,1,39.002,ok
712,43,143,75641,10,1,38.007,ok
712,44,144,76255,10,1,38.096,ok
712,45,145,76197,10,1,35.031,ok
712,46,146,76390,10,1,31.684,ok
712,47,147,76687,10,1,37.361,ok
712,48,148,76398,10,1,33.847,ok
712,49,149,76290,10,1,36.743,ok
712,50,150,75524,10,1,32.946,ok
712,51,151,76279,10,1,32.448,ok
712,52,152,76533,10,1,33.096,ok
712,53,153,75840,10,1,33.251,ok
712,54,154,76356,10,1,34.367,ok
712,55,155,76340,10,1,30.695,ok
712,56,156,76491,10,1,32.759,ok
712,57,157,76091,10,1,30.971,ok
712,58,158,76057,10,1,32.368,ok
712,59,159,76236,10,1,33.473,ok
712,60,160,76033,10,1,34.626,ok
712,61,161,76390,10,1,37.355,ok
712,62,162,76033,10,1,37.317,ok
712,63,163,76939,10,1,34.123,ok
712,64,164,76646,10,1,37.672,ok
712,65,165,76178,10,1,33.081,ok
712,66,166,75828,10,1,32.77,ok
712,67,167,76186,10,1,33.807,ok
712,68,168,76141,10,1,31.919,ok
712,69,169,76616,10,1,39.086,ok
712,70,170,75759,10,1,35.597,ok
712,71,171,76514,10,1,40.424,ok
712,72,172,75642,10,1,36.333,ok
712,73,173,76437,10,1,33.335,ok
712,74,174,76103,10,1,33.085,ok
712,75,175,76006,10,1,30.018,ok
712,76,176,76028,10,1,37.188,ok
712,77,177,76253,10,1,33.981,ok
712,78,178,76229,10,1,37.5,ok
712,79,179,75986,10,1,35.433,ok
712,80,180,76228,10,1,32.951,ok
712,81,181,76576,10,1,34.717,ok
712,82,182,76283,10,1,34.253,ok
712,83,183,76310,10,1,32.975,ok
712,84,184,75916,10,1,29.086,ok
712,85,185,76292,10,1,41.623,ok
712,86,186,76386,10,1,37.688,ok
712,87,187,76225,10,1,37.253,ok
712,88,188,76115,10,1,33.933,ok
712,89,189,76047,10,1,26.329,ok
712,90,190,76228,10,1,36.971,ok
712,91,191,76184,10,1,36.173,ok
712,92,192,76040,10,1,35.239,ok
712,93,193,76136,10,1,32.807,ok
712,94,194,76217,10,1,24.766,ok
712,95,195,76308,10,1,40.023,ok
712,96,196,76350,10,1,38.356,ok
712,97,197,76088,10,1,38.203,ok
712,98,198,75902,10,1,36.789,ok
712,99,199,76318,10,1,25.966,ok
737,0,100,74415,10,1,36.236,ok
737,1,101,73742,10,1,36.381,ok
737,2,102,74192,10,1,49.675,ok
737,3,103,74029,10,1,39.315,ok
737,4,104,74021,10,1,39.298,ok
737,5,105,74214,10,1,36.949,ok
737,6,106,74108,10,1,46.818,ok
737,7,107,73796,10,1,40.203,ok
737,8,108,74221,10,1,38.912,ok
737,9,109,73941,10,1,36.029,ok
737,10,110,74037,10,1,36.629,ok
737,11,111,74103,10,1,42.999,ok
737,12,112,74312,10,1,39.206,ok
737,13,113,73794,10,1,39.506,ok
737,14,114,74022,10,1,34.353,ok
737,15,115,73960,10,1,43.596,ok
737,16,116,74153,10,1,33.613,ok
737,17,117,73978,10,1,33.397,ok
737,18,118,74075,10,1,38.709,ok
737,19,119,73835,10,1,30.843,ok
737,20,120,74001,10,1,38.991,ok
737,21,121,73945,10,1,37.436,ok
737,22,122,73728,10,1,32.712,ok
737,23,123,74230,10,1,38.047,ok
737,24,124,74121,10,1,30.972,ok
737,25,125,74171,10,1,42.533,ok
737,26,126,74194,10,1,34.287,ok
737,27,127,74300,10,1,35.237,ok
737,28,128,73944,10,1,37.479,ok
737,29,129,74450,10,1,32.179,ok
737,30,130,74172,10,1,40.508,ok
737,31,131,74483,10,1,39.525,ok
737,32,132,74175,10,1,32.866,ok
737,33,133,74167,10,1,36.771,ok
737,34,134,74135,10,1,31.665,ok
737,35,135,73839,10,1,36.494,ok
737,36,136,74366,10,1,32.712,ok
737,37,137,73909,10,1,31.058,ok
737,38,138,74112,10,1,32.899,ok
737,39,139,73920,10,1,31.064,ok
737,40,140,74166,10,1,35.028,ok
737,41,141,74008,10,1,33.713,ok
737,42,142,74124,10,1,35.009,ok
737,43,143,73702,10,1,35.909,ok
737,44,144,74021,10,1,36.012,ok
737,45,145,73994,10,1,31.675,ok
737,46,146,73767,10,1,31.229,ok
737,47,147,74058,10,1,29.27,ok
737,48,148,74304,10,1,30.466,ok
737,49,149,74334,10,1,32.152,ok
737,50,150,74076,10,1,35.806,ok
737,51,151,74461,10,1,35.244,ok
737,52,152,74214,10,1,35.67,ok
737,53,153,74484,10,1,36.345,ok
737,54,154,74335,10,1,36.534,ok
737,55,155,73785,10,1,30.686,ok
737,56,156,74270,10,1,32.911,ok
737,57,157,74156,10,1,30.538,ok
737,58,158,73837,10,1,32.388,ok
737,59,159,73827,10,1,28.24,ok
737,60,160,74254,10,1,33.682,ok
737,61,161,74228,10,1,30.679,ok
737,62,162,74279,10,1,33.066,ok
737,63,163,74239,10,1,35.001,ok
737,64,164,74304,10,1,33.29,ok
737,65,165,73601,10,1,32.167,ok
737,66,166,73996,10,1,32.297,ok
737,67,167,74127,10,1,31.385,ok
737,68,168,74167,10,1,34.493,ok
737,69,169,74109,10,1,34.51,ok
737,70,170,74085,10,1,30.882,ok
737,71,171,74155,10,1,32.386,ok
737,72,172,74435,10,1,31.273,ok
737,73,173,73901,10,1,33.404,ok
737,74,174,73650,10,1,34.018,ok
737,75,175,73604,10,1,31.604,ok
737,76,176,74546,10,1,34.704,ok
737,77,177,73851,10,1,33.284,ok
737,78,178,73627,10,1,37.194,ok
737,79,179,74135,10,1,38.618,ok
737,80,180,74097,10,1,35.645,ok
737,81,181,73853,10,1,36.223,ok
737,82,182,73560,10,1,39.703,ok
737,83,183,74170,10,1,41.926,ok
737,84,184,73978,10,1,40.408,ok
737,85,185,73782,10,1,30.93,ok
737,86,186,74569,10,1,32.617,ok
737,87,187,74135,10,1,41.453,ok
737,88,188,74277,10,1,45.445,ok
737,89,189,74269,10,1,43.263,ok
737,90,190,73846,10,1,28.787,ok
737,91,191,73728,10,1,30.559,ok
737,92,192,74399,10,1,34.258,ok
737,93,193,73651,10,1,43.411,ok
737,94,194,74621,10,1,38.663,ok
737,95,195,74188,10,1,34.379,ok
737,96,196,74266,10,1,37.165,ok
737,97,197,74158,10,1,41.0,ok
737,98,198,74091,10,1,35.661,ok
737,99,199,74152,10,1,33.959,ok
746,0,100,77822,10,1,32.135,ok
746,1,101,77543,10,1,29.655,ok
746,2,102,77286,10,1,34.641,ok
746,3,103,77456,10,1,31.702,ok
746,4,104,77502,10,1,26.353,ok
746,5,105,77522,10,1,29.835,ok
746,6,106,77814,10,1,26.098,ok
746,7,107,77497,10,1,27.836,ok
746,8,108,77628,10,1,24.846,ok
746,9,109,77503,10,1,27.769,ok
746,10,110,77444,10,1,29.562,ok
746,11,111,77288,10,1,28.869,ok
746,12,112,77364,10,1,32.014,ok
746,13,113,77627,10,1,29.642,ok
746,14,114,77479,10,1,31.433,ok
746,15,115,77354,10,1,28.929,ok
746,16,116,77196,10,1,29.185,ok
746,17,117,77444,10,1,26.439,ok
746,18,118,77386,10,1,25.836,ok
746,19,119,77751,10,1,26.745,ok
746,20,120,77530,10,1,21.57,ok
746,21,121,77275,10,1,29.994,ok
746,22,122,77363,10,1,26.919,ok
746,23,123,77708,10,1,26.31,ok
746,24,124,77230,10,1,24.231,ok
746,25,125,77058,10,1,26.664,ok
746,26,126,77543,10,1,23.93,ok
746,27,127,77572,10,1,28.573,ok
746,28,128,77610,10,1,28.566,ok
746,29,129,77430,10,1,28.105,ok
746,30,130,77134,10,1,28.417,ok
746,31,131,77464,10,1,26.192,ok
746,32,132,77814,10,1,21.859,ok
746,33,133,77429,10,1,26.634,ok
746,34,134,77464,10,1,23.645,ok
746,35,135,77635,10,1,31.596,ok
746,36,136,77351,10,1,31.973,ok
746,37,137,77265,10,1,30.06,ok
746,38,138,77621,10,1,30.566,ok
746,39,139,77284,10,1,30.414,ok
746,40,140,77823,10,1,22.587,ok
746,41,141,77726,10,1,30.43,ok
746,42,142,77178,10,1,29.733,ok
746,43,143,77481,10,1,26.424,ok
746,44,144,77472,10,1,28.867,ok
746,45,145,77412,10,1,25.833,ok
746,46,146,77855,10,1,30.786,ok
746,47,147,77977,10,1,36.619,ok
746,48,148,77497,10,1,29.225,ok
746,49,149,77382,10,1,26.596,ok
746,50,150,77524,10,1,27.164,ok
746,51,151,77498,10,1,30.885,ok
746,52,152,77352,10,1,26.611,ok
746,53,153,77345,10,1,27.65,ok
746,54,154,77399,10,1,28.272,ok
746,55,155,77472,10,1,24.252,ok
746,56,156,77446,10,1,25.205,ok
746,57,157,77606,10,1,31.062,ok
746,58,158,78078,10,1,26.667,ok
746,59,159,77445,10,1,35.152,ok
746,60,160,77599,10,1,21.429,ok
746,61,161,77130,10,1,29.697,ok
746,62,162,77575,10,1,24.576,ok
746,63,163,77566,10,1,29.617,ok
746,64,164,77559,10,1,31.801,ok
746,65,165,77588,10,1,26.655,ok
746,66,166,77483,10,1,28.857,ok
746,67,167,77507,10,1,24.347,ok
746,68,168,77621,10,1,24.261,ok
746,69,169,77200,10,1,21.268,ok
746,70,170,77412,10,1,25.286,ok
746,71,171,77458,10,1,20.627,ok
746,72,172,77486,10,1,25.85,ok
746,73,173,77343,10,1,26.639,ok
746,74,174,77725,10,1,28.569,ok
746,75,175,77475,10,1,21.575,ok
746,76,176,77493,10,1,22.541,ok
746,77,177,77542,10,1,34.991,ok
746,78,178,77497,10,1,27.227,ok
746,79,179,77363,10,1,22.287,ok
746,80,180,77592,10,1,27.223,ok
746,81,181,77209,10,1,31.728,ok
746,82,182,77688,10,1,30.091,ok
746,83,183,77617,10,1,29.692,ok
746,84,184,77855,10,1,33.513,ok
746,85,185,77267,10,1,24.073,ok
746,86,186,77502,10,1,24.634,ok
746,87,187,77397,10,1,23.147,ok
746,88,188,77796,10,1,31.989,ok
746,89,189,77611,10,1,29.101,ok
746,90,190,77662,10,1,34.141,ok
746,91,191,77575,10,1,31.565,ok
746,92,192,77574,10,1,28.754,ok
746,93,193,77687,10,1,30.187,ok
746,94,194,77514,10,1,32.562,ok
746,95,195,77106,10,1,29.812,ok
746,96,196,77768,10,1,31.206,ok
746,97,197,77368,10,1,29.787,ok
746,98,198,77425,10,1,33.029,ok
746,99,199,77414,10,1,34.741,ok
762,0,100,74712,10,1,30.781,ok
762,1,101,74784,10,1,28.699,ok
762,2,102,74456,10,1,29.369,ok
762,3,103,74780,10,1,27.017,ok
762,4,104,74601,10,1,29.499,ok
762,5,105,74899,10,1,27.512,ok
762,6,106,74484,10,1,25.081,ok
762,7,107,74197,10,1,28.531,ok
762,8,108,74635,10,1,29.713,ok
762,9,109,74593,10,1,29.423,ok
762,10,110,74624,10,1,30.423,ok
762,11,111,74651,10,1,29.263,ok
762,12,112,74586,10,1,29.106,ok
762,13,113,74773,10,1,34.774,ok
762,14,114,74642,10,1,26.545,ok
762,15,115,74522,10,1,27.188,ok
762,16,116,74483,10,1,29.254,ok
762,17,117,74528,10,1,27.914,ok
762,18,118,74532,10,1,29.057,ok
762,19,119,74536,10,1,26.332,ok
762,20,120,74695,10,1,30.944,ok
762,21,121,74674,10,1,31.529,ok
762,22,122,74597,10,1,30.53,ok
762,23,123,74739,10,1,31.529,ok
762,24,124,74636,10,1,35.749,ok
762,25,125,74481,10,1,29.137,ok
762,26,126,74537,10,1,26.307,ok
762,27,127,74940,10,1,25.782,ok
762,28,128,74251,10,1,31.333,ok
762,29,129,74943,10,1,32.936,ok
762,30,130,74629,10,1,27.907,ok
762,31,131,74321,10,1,27.045,ok
762,32,132,74582,10,1,26.963,ok
762,33,133,74918,10,1,34.902,ok
762,34,134,74477,10,1,31.47,ok
762,35,135,74587,10,1,25.931,ok
762,36,136,74631,10,1,25.063,ok
762,37,137,75082,10,1,26.285,ok
762,38,138,74580,10,1,31.142,ok
762,39,139,74400,10,1,30.086,ok
762,40,140,74826,10,1,28.252,ok
762,41,141,74108,10,1,25.735,ok
762,42,142,74688,10,1,32.173,ok
762,43,143,74835,10,1,31.877,ok
762,44,144,74792,10,1,30.813,ok
762,45,145,74979,10,1,28.709,ok
762,46,146,74620,10,1,28.942,ok
762,47,147,74649,10,1,33.991,ok
762,48,148,74832,10,1,40.309,ok
762,49,149,75056,10,1,32.688,ok
762,50,150,74349,10,1,33.032,ok
762,51,151,74457,10,1,35.938,ok
762,52,152,74705,10,1,31.811,ok
762,53,153,74826,10,1,29.271,ok
762,54,154,74345,10,1,32.588,ok
762,55,155,74590,10,1,34.3,ok
762,56,156,74645,10,1,33.332,ok
762,57,157,74716,10,1,37.641,ok
762,58,158,74782,10,1,41.231,ok
762,59,159,74496,10,1,27.861,ok
762,60,160,75171,10,1,29.522,ok
762,61,161,74436,10,1,33.536,ok
762,62,162,74465,10,1,40.296,ok
762,63,163,74700,10,1,30.616,ok
762,64,164,73881,10,1,31.461,ok
762,65,165,74393,10,1,34.735,ok
762,66,166,74774,10,1,34.683,ok
762,67,167,74255,10,1,34.214,ok
762,68,168,74791,10,1,30.325,ok
762,69,169,74644,10,1,27.93,ok
762,70,170,74670,10,1,31.596,ok
762,71,171,74292,10,1,34.644,ok
762,72,172,74592,10,1,36.291,ok
762,73,173,74775,10,1,28.83,ok
762,74,174,74715,10,1,27.329,ok
762,75,175,74838,10,1,32.887,ok
762,76,176,74342,10,1,36.532,ok
762,77,177,74487,10,1,36.073,ok
762,78,178,74769,10,1,35.363,ok
762,79,179,74631,10,1,29.825,ok
762,80,180,74895,10,1,35.167,ok
762,81,181,74348,10,1,31.257,ok
762,82,182,74662,10,1,25.495,ok
762,83,183,74617,10,1,35.561,ok
762,84,184,74772,10,1,27.819,ok
762,85,185,74855,10,1,34.75,ok
762,86,186,74941,10,1,29.296,ok
762,87,187,74895,10,1,31.476,ok
762,88,188,74594,10,1,32.557,ok
762,89,189,74582,10,1,39.852,ok
762,90,190,74745,10,1,33.617,ok
762,91,191,74168,10,1,29.39,ok
762,92,192,74417,10,1,38.488,ok
762,93,193,74377,10,1,36.515,ok
762,94,194,74438,10,1,35.427,ok
762,95,195,74368,10,1,40.302,ok
762,96,196,74426,10,1,28.926,ok
762,97,197,74476,10,1,31.054,ok
762,98,198,74692,10,1,34.381,ok
762,99,199,75027,10,1,29.757,ok
768,0,100,82450,10,1,35.937,ok
768,1,101,82421,10,1,33.812,ok
768,2,102,82306,10,1,30.973,ok
768,3,103,82448,10,1,31.82,ok
768,4,104,82461,10,1,29.619,ok
768,5,105,82679,10,1,36.645,ok
768,6,106,82671,10,1,35.836,ok
768,7,107,82324,10,1,36.949,ok
768,8,108,82510,10,1,38.083,ok
768,9,109,82921,10,1,37.823,ok
768,10,110,82608,10,1,36.625,ok
768,11,111,82450,10,1,38.608,ok
768,12,112,82316,10,1,32.661,ok
768,13,113,82453,10,1,35.577,ok
768,14,114,82585,10,1,35.219,ok
768,15,115,82705,10,1,34.911,ok
768,16,116,82342,10,1,35.536,ok
768,17,117,82668,10,1,36.255,ok
768,18,118,82241,10,1,34.613,ok
768,19,119,82771,10,1,28.868,ok
768,20,120,82502,10,1,31.651,ok
768,21,121,82648,10,1,32.97,ok
768,22,122,82329,10,1,34.228,ok
768,23,123,82412,10,1,34.708,ok
768,24,124,82312,10,1,30.24,ok
768,25,125,82218,10,1,36.179,ok
768,26,126,82446,10,1,36.009,ok
768,27,127,82581,10,1,36.209,ok
768,28,128,82189,10,1,34.384,ok
768,29,129,82489,10,1,35.48,ok
768,30,130,82617,10,1,36.032,ok
768,31,131,82390,10,1,38.122,ok
768,32,132,82724,10,1,37.203,ok
768,33,133,82312,10,1,37.261,ok
768,34,134,82741,10,1,35.558,ok
768,35,135,82449,10,1,34.952,ok
768,36,136,82199,10,1,37.214,ok
768,37,137,82426,10,1,35.99,ok
768,38,138,82579,10,1,35.093,ok
768,39,139,82367,10,1,34.155,ok
768,40,140,82812,10,1,29.888,ok
768,41,141,82707,10,1,28.403,ok
768,42,142,82158,10,1,30.127,ok
768,43,143,82570,10,1,29.677,ok
768,44,144,82353,10,1,32.417,ok
768,45,145,82676,10,1,38.316,ok
768,46,146,82804,10,1,31.742,ok
768,47,147,82820,10,1,36.788,ok
768,48,148,82535,10,1,37.011,ok
768,49,149,82119,10,1,35.966,ok
768,50,150,82051,10,1,37.036,ok
768,51,151,82466,10,1,29.741,ok
768,52,152,82350,10,1,32.127,ok
768,53,153,82535,10,1,32.967,ok
768,54,154,82372,10,1,32.854,ok
768,55,155,82666,10,1,29.544,ok
768,56,156,82475,10,1,34.625,ok
768,57,157,82540,10,1,35.632,ok
768,58,158,82715,10,1,36.1,ok
768,59,159,82257,10,1,36.62,ok
768,60,160,82472,10,1,32.45,ok
768,61,161,82550,10,1,33.424,ok
768,62,162,81976,10,1,31.66,ok
768,63,163,82283,10,1,33.337,ok
768,64,164,82463,10,1,27.183,ok
768,65,165,82740,10,1,34.996,ok
768,66,166,82428,10,1,34.953,ok
768,67,167,82400,10,1,26.245,ok
768,68,168,82772,10,1,34.686,ok
768,69,169,82467,10,1,34.822,ok
768,70,170,82526,10,1,31.679,ok
768,71,171,82647,10,1,30.576,ok
768,72,172,82179,10,1,31.659,ok
768,73,173,82137,10,1,31.882,ok
768,74,174,82471,10,1,30.135,ok
768,75,175,82524,10,1,34.476,ok
768,76,176,82585,10,1,33.687,ok
768,77,177,82412,10,1,30.32,ok
768,78,178,82489,10,1,34.393,ok
768,79,179,82027,10,1,30.589,ok
768,80,180,82695,10,1,32.855,ok
768,81,181,82602,10,1,33.475,ok
768,82,182,82462,10,1,31.146,ok
768,83,183,82936,10,1,35.126,ok
768,84,184,82740,10,1,36.78,ok
768,85,185,82264,10,1,35.687,ok
768,86,186,82608,10,1,32.347,ok
768,87,187,82564,10,1,32.017,ok
768,88,188,82472,10,1,31.508,ok
768,89,189,82220,10,1,31.021,ok
768,90,190,82384,10,1,35.35,ok
768,91,191,82587,10,1,36.202,ok
768,92,192,82781,10,1,34.65,ok
768,93,193,82181,10,1,34.749,ok
768,94,194,82669,10,1,35.456,ok
768,95,195,82508,10,1,31.462,ok
768,96,196,82724,10,1,32.344,ok
768,97,197,82662,10,1,34.604,ok
768,98,198,82645,10,1,35.582,ok
768,99,199,81944,10,1,34.4,ok
775,0,100,78872,10,1,26.201,ok
775,1,101,79126,10,1,25.232,ok
775,2,102,79045,10,1,27.279,ok
775,3,103,78572,10,1,31.028,ok
775,4,104,78522,10,1,37.966,ok
775,5,105,79071,10,1,25.154,ok
775,6,106,79057,10,1,29.299,ok
775,7,107,78718,10,1,29.93,ok
775,8,108,78859,10,1,26.073,ok
775,9,109,79018,10,1,28.696,ok
775,10,110,78660,10,1,26.318,ok
775,11,111,78675,10,1,29.745,ok
775,12,112,78604,10,1,34.989,ok
775,13,113,78515,10,1,30.707,ok
775,14,114,78909,10,1,31.575,ok
775,15,115,78713,10,1,29.629,ok
775,16,116,78549,10,1,28.261,ok
775,17,117,79039,10,1,31.665,ok
775,18,118,78921,10,1,27.257,ok
775,19,119,79158,10,1,29.474,ok
775,20,120,78653,10,1,30.769,ok
775,21,121,79198,10,1,40.368,ok
775,22,122,78585,10,1,31.505,ok
775,23,123,78629,10,1,32.233,ok
775,24,124,78869,10,1,27.149,ok
775,25,125,78969,10,1,29.833,ok
775,26,126,78884,10,1,39.963,ok
775,27,127,78603,10,1,27.591,ok
775,28,128,78884,10,1,28.979,ok
775,29,129,79115,10,1,29.385,ok
775,30,130,78731,10,1,27.5,ok
775,31,131,78721,10,1,25.859,ok
775,32,132,78801,10,1,26.023,ok
775,33,133,78897,10,1,24.416,ok
775,34,134,78977,10,1,29.358,ok
775,35,135,78792,10,1,33.343,ok
775,36,136,78475,10,1,29.513,ok
775,37,137,78364,10,1,29.338,ok
775,38,138,78750,10,1,33.814,ok
775,39,139,79028,10,1,38.227,ok
775,40,140,79080,10,1,27.054,ok
775,41,141,78983,10,1,27.982,ok
775,42,142,78638,10,1,26.591,ok
775,43,143,78715,10,1,36.911,ok
775,44,144,78616,10,1,36.249,ok
775,45,145,78813,10,1,28.005,ok
775,46,146,78775,10,1,25.054,ok
775,47,147,78831,10,1,25.334,ok
775,48,148,79193,10,1,27.586,ok
775,49,149,78786,10,1,32.186,ok
775,50,150,78639,10,1,27.178,ok
775,51,151,78721,10,1,24.868,ok
775,52,152,78507,10,1,30.282,ok
775,53,153,78830,10,1,37.712,ok
775,54,154,79080,10,1,25.533,ok
775,55,155,78569,10,1,25.196,ok
775,56,156,78824,10,1,26.166,ok
775,57,157,78564,10,1,34.435,ok
775,58,158,78600,10,1,33.725,ok
775,59,159,78611,10,1,30.081,ok
775,60,160,78619,10,1,31.3,ok
775,61,161,78696,10,1,33.291,ok
775,62,162,79060,10,1,26.07,ok
775,63,163,78821,10,1,26.483,ok
775,64,164,78833,10,1,30.236,ok
775,65,165,78839,10,1,38.155,ok
775,66,166,78800,10,1,27.614,ok
775,67,167,78829,10,1,30.863,ok
775,68,168,78618,10,1,29.425,ok
775,69,169,79013,10,1,28.711,ok
775,70,170,78744,10,1,30.536,ok
775,71,171,78597,10,1,26.965,ok
775,72,172,78586,10,1,24.929,ok
775,73,173,78635,10,1,25.51,ok
775,74,174,79007,10,1,22.893,ok
775,75,175,79223,10,1,28.138,ok
775,76,176,78583,10,1,27.312,ok
775,77,177,78484,10,1,22.913,ok
775,78,178,78711,10,1,29.991,ok
775,79,179,79018,10,1,23.803,ok
775,80,180,78999,10,1,30.194,ok
775,81,181,78882,10,1,28.989,ok
775,82,182,78973,10,1,30.834,ok
775,83,183,78652,10,1,28.361,ok
775,84,184,78961,10,1,27.905,ok
775,85,185,78655,10,1,25.988,ok
775,86,186,78669,10,1,24.627,ok
775,87,187,78503,10,1,25.947,ok
775,88,188,78571,10,1,25.42,ok
775,89,189,78873,10,1,28.264,ok
775,90,190,78646,10,1,24.083,ok
775,91,191,78794,10,1,24.06,ok
775,92,192,78338,10,1,24.107,ok
775,93,193,78506,10,1,23.911,ok
775,94,194,78449,10,1,26.997,ok
775,95,195,78840,10,1,24.347,ok
775,96,196,78426,10,1,26.031,ok
775,97,197,78674,10,1,33.778,ok
775,98,198,79088,10,1,26.739,ok
775,99,199,78074,10,1,30.061,ok
780,0,100,75421,10,1,32.143,ok
780,1,101,75715,10,1,27.976,ok
780,2,102,76114,10,1,28.965,ok
780,3,103,75877,10,1,26.242,ok
780,4,104,75663,10,1,28.275,ok
780,5,105,76157,10,1,26.754,ok
780,6,106,75743,10,1,25.889,ok
780,7,107,76016,10,1,31.335,ok
780,8,108,75828,10,1,33.424,ok
780,9,109,75944,10,1,26.735,ok
780,10,110,75312,10,1,27.917,ok
780,11,111,76062,10,1,25.399,ok
780,12,112,76080,10,1,31.81,ok
780,13,113,75735,10,1,31.845,ok
780,14,114,75672,10,1,29.305,ok
780,15,115,75795,10,1,26.805,ok
780,16,116,75920,10,1,26.776,ok
780,17,117,76381,10,1,27.868,ok
780,18,118,75975,10,1,33.647,ok
780,19,119,75774,10,1,29.536,ok
780,20,120,75973,10,1,24.901,ok
780,21,121,75570,10,1,27.659,ok
780,22,122,75741,10,1,38.132,ok
780,23,123,75783,10,1,36.781,ok
780,24,124,75636,10,1,28.992,ok
780,25,125,75701,10,1,29.254,ok
780,26,126,75511,10,1,36.314,ok
780,27,127,76066,10,1,39.141,ok
780,28,128,75874,10,1,27.544,ok
780,29,129,76405,10,1,27.175,ok
780,30,130,76081,10,1,30.394,ok
780,31,131,75778,10,1,31.576,ok
780,32,132,75915,10,1,27.536,ok
780,33,133,76246,10,1,29.579,ok
780,34,134,75481,10,1,27.706,ok
780,35,135,76023,10,1,28.431,ok
780,36,136,76200,10,1,34.939,ok
780,37,137,75649,10,1,31.621,ok
780,38,138,75809,10,1,29.273,ok
780,39,139,75722,10,1,28.704,ok
780,40,140,75998,10,1,31.044,ok
780,41,141,75850,10,1,25.106,ok
780,42,142,76160,10,1,24.633,ok
780,43,143,75836,10,1,28.399,ok
780,44,144,75745,10,1,27.703,ok
780,45,145,75746,10,1,29.32,ok
780,46,146,75681,10,1,27.911,ok
780,47,147,75896,10,1,31.424,ok
780,48,148,76245,10,1,34.51,ok
780,49,149,75779,10,1,29.235,ok
780,50,150,75990,10,1,27.509,ok
780,51,151,75835,10,1,28.893,ok
780,52,152,75809,10,1,26.827,ok
780,53,153,75740,10,1,28.457,ok
780,54,154,75529,10,1,29.038,ok
780,55,155,75455,10,1,29.024,ok
780,56,156,75894,10,1,25.031,ok
780,57,157,75916,10,1,27.496,ok
780,58,158,76322,10,1,25.99,ok
780,59,159,75752,10,1,32.526,ok
780,60,160,76274,10,1,25.61,ok
780,61,161,75440,10,1,31.957,ok
780,62,162,75670,10,1,31.689,ok
780,63,163,75907,10,1,32.674,ok
780,64,164,75422,10,1,31.658,ok
780,65,165,75653,10,1,30.244,ok
780,66,166,75540,10,1,33.618,ok
780,67,167,75797,10,1,30.69,ok
780,68,168,76118,10,1,35.459,ok
780,69,169,75468,10,1,36.34,ok
780,70,170,75706,10,1,28.487,ok
780,71,171,75592,10,1,28.891,ok
780,72,172,75955,10,1,29.507,ok
780,73,173,75649,10,1,34.33,ok
780,74,174,75944,10,1,27.619,ok
780,75,175,75847,10,1,24.344,ok
780,76,176,75621,10,1,27.177,ok
780,77,177,75805,10,1,29.068,ok
780,78,178,76196,10,1,33.209,ok
780,79,179,75768,10,1,30.325,ok
780,80,180,75605,10,1,24.272,ok
780,81,181,75735,10,1,24.342,ok
780,82,182,76071,10,1,29.992,ok
780,83,183,75832,10,1,24.853,ok
780,84,184,75807,10,1,28.662,ok
780,85,185,75585,10,1,27.786,ok
780,86,186,75837,10,1,33.643,ok
780,87,187,75530,10,1,31.201,ok
780,88,188,75822,10,1,24.296,ok
780,89,189,75471,10,1,35.976,ok
780,90,190,75236,10,1,34.466,ok
780,91,191,76005,10,1,28.571,ok
780,92,192,76031,10,1,31.692,ok
780,93,193,75435,10,1,28.737,ok
780,94,194,75649,10,1,27.514,ok
780,95,195,75820,10,1,27.17,ok
780,96,196,75657,10,1,26.264,ok
780,97,197,75912,10,1,23.465,ok
780,98,198,75951,10,1,30.187,ok
780,99,199,76226,10,1,25.562,ok
820,0,100,77739,10,1,33.253,ok
820,1,101,78315,10,1,42.229,ok
820,2,102,78174,10,1,32.985,ok
820,3,103,77917,10,1,30.047,ok
820,4,104,78186,10,1,35.745,ok
820,5,105,78563,10,1,32.295,ok
820,6,106,78571,10,1,36.359,ok
820,7,107,77911,10,1,36.175,ok
820,8,108,78120,10,1,29.824,ok
820,9,109,78084,10,1,31.891,ok
820,10,110,78360,10,1,32.612,ok
820,11,111,78594,10,1,41.13,ok
820,12,112,78069,10,1,30.341,ok
820,13,113,77939,10,1,30.529,ok
820,14,114,77784,10,1,31.428,ok
820,15,115,78321,10,1,41.615,ok
820,16,116,78547,10,1,41.396,ok
820,17,117,78320,10,1,35.008,ok
820,18,118,78451,10,1,35.344,ok
820,19,119,78343,10,1,34.062,ok
820,20,120,78079,10,1,32.318,ok
820,21,121,77838,10,1,44.376,ok
820,22,122,78169,10,1,34.901,ok
820,23,123,78366,10,1,34.168,ok
820,24,124,78525,10,1,31.171,ok
820,25,125,77886,10,1,29.463,ok
820,26,126,78103,10,1,46.243,ok
820,27,127,78311,10,1,36.339,ok
820,28,128,78591,10,1,35.803,ok
820,29,129,78538,10,1,36.61,ok
820,30,130,78544,10,1,31.605,ok
820,31,131,77632,10,1,41.245,ok
820,32,132,78630,10,1,33.234,ok
820,33,133,78150,10,1,33.354,ok
820,34,134,77879,10,1,33.545,ok
820,35,135,78376,10,1,37.495,ok
820,36,136,78217,10,1,38.745,ok
820,37,137,78247,10,1,36.674,ok
820,38,138,78494,10,1,35.895,ok
820,39,139,78230,10,1,35.015,ok
820,40,140,77998,10,1,36.925,ok
820,41,141,78501,10,1,35.869,ok
820,42,142,78379,10,1,34.015,ok
820,43,143,78365,10,1,27.245,ok
820,44,144,78392,10,1,33.518,ok
820,45,145,77925,10,1,35.75,ok
820,46,146,78073,10,1,35.894,ok
820,47,147,78024,10,1,34.263,ok
820,48,148,78089,10,1,27.277,ok
820,49,149,78503,10,1,36.189,ok
820,50,150,78334,10,1,30.61,ok
820,51,151,78119,10,1,33.623,ok
820,52,152,78297,10,1,25.974,ok
820,53,153,77908,10,1,32.198,ok
820,54,154,78068,10,1,29.711,ok
820,55,155,78196,10,1,33.077,ok
820,56,156,78768,10,1,32.731,ok
820,57,157,78499,10,1,24.268,ok
820,58,158,78487,10,1,34.002,ok
820,59,159,77897,10,1,26.909,ok
820,60,160,78554,10,1,29.368,ok
820,61,161,78358,10,1,35.595,ok
820,62,162,78194,10,1,32.691,ok
820,63,163,78128,10,1,34.15,ok
820,64,164,78497,10,1,43.259,ok
820,65,165,78110,10,1,28.177,ok
820,66,166,78264,10,1,29.355,ok
820,67,167,78100,10,1,35.625,ok
820,68,168,78198,10,1,29.809,ok
820,69,169,78133,10,1,41.725,ok
820,70,170,78191,10,1,30.424,ok
820,71,171,78146,10,1,25.509,ok
820,72,172,78391,10,1,31.104,ok
820,73,173,78328,10,1,26.852,ok
820,74,174,78306,10,1,36.669,ok
820,75,175,78390,10,1,37.081,ok
820,76,176,78691,10,1,34.044,ok
820,77,177,78266,10,1,35.242,ok
820,78,178,78176,10,1,47.158,ok
820,79,179,78374,10,1,34.177,ok
820,80,180,78644,10,1,35.665,ok
820,81,181,78270,10,1,32.706,ok
820,82,182,78489,10,1,32.479,ok
820,83,183,78099,10,1,30.763,ok
820,84,184,78752,10,1,29.647,ok
820,85,185,78384,10,1,36.735,ok
820,86,186,78289,10,1,31.746,ok
820,87,187,77798,10,1,30.819,ok
820,88,188,78496,10,1,34.682,ok
820,89,189,78081,10,1,34.764,ok
820,90,190,78350,10,1,35.45,ok
820,91,191,78311,10,1,32.782,ok
820,92,192,78331,10,1,26.531,ok
820,93,193,78120,10,1,32.871,ok
820,94,194,78514,10,1,34.126,ok
820,95,195,77924,10,1,34.968,ok
820,96,196,78247,10,1,32.995,ok
820,97,197,78426,10,1,33.763,ok
820,98,198,78285,10,1,33.774,ok
820,99,199,77853,10,1,32.327,ok
823,0,100,77589,10,1,24.417,ok
823,1,101,78092,10,1,22.534,ok
823,2,102,77739,10,1,20.343,ok
823,3,103,77629,10,1,27.047,ok
823,4,104,77458,10,1,23.587,ok
823,5,105,77568,10,1,24.374,ok
823,6,106,78167,10,1,25.328,ok
823,7,107,77933,10,1,24.568,ok
823,8,108,77760,10,1,22.52,ok
823,9,109,77997,10,1,22.82,ok
823,10,110,77872,10,1,22.95,ok
823,11,111,77996,10,1,26.138,ok
823,12,112,77809,10,1,27.99,ok
823,13,113,77867,10,1,27.15,ok
823,14,114,77869,10,1,27.058,ok
823,15,115,77883,10,1,27.193,ok
823,16,116,77681,10,1,33.174,ok
823,17,117,77886,10,1,26.841,ok
823,18,118,78038,10,1,31.465,ok
823,19,119,77722,10,1,32.161,ok
823,20,120,77890,10,1,25.386,ok
823,21,121,77524,10,1,22.663,ok
823,22,122,77428,10,1,20.647,ok
823,23,123,77847,10,1,21.252,ok
823,24,124,78027,10,1,24.207,ok
823,25,125,77611,10,1,30.936,ok
823,26,126,77825,10,1,24.925,ok
823,27,127,78416,10,1,28.02,ok
823,28,128,77801,10,1,27.326,ok
823,29,129,77728,10,1,27.582,ok
823,30,130,77527,10,1,24.365,ok
823,31,131,78150,10,1,24.494,ok
823,32,132,77718,10,1,23.008,ok
823,33,133,77704,10,1,23.968,ok
823,34,134,77819,10,1,23.965,ok
823,35,135,77298,10,1,24.761,ok
823,36,136,77784,10,1,26.827,ok
823,37,137,77860,10,1,20.977,ok
823,38,138,77914,10,1,22.17,ok
823,39,139,77810,10,1,22.532,ok
823,40,140,77835,10,1,22.961,ok
823,41,141,77746,10,1,26.919,ok
823,42,142,77602,10,1,28.045,ok
823,43,143,77687,10,1,27.307,ok
823,44,144,77753,10,1,27.692,ok
823,45,145,77561,10,1,25.304,ok
823,46,146,77847,10,1,30.61,ok
823,47,147,77444,10,1,28.245,ok
823,48,148,77881,10,1,26.544,ok
823,49,149,77585,10,1,33.679,ok
823,50,150,77577,10,1,30.397,ok
823,51,151,77859,10,1,26.836,ok
823,52,152,78151,10,1,26.531,ok
823,53,153,77729,10,1,24.606,ok
823,54,154,77699,10,1,26.916,ok
823,55,155,77677,10,1,27.833,ok
823,56,156,77539,10,1,27.649,ok
823,57,157,77723,10,1,31.157,ok
823,58,158,77920,10,1,29.149,ok
823,59,159,77570,10,1,25.739,ok
823,60,160,78166,10,1,25.23,ok
823,61,161,77409,10,1,24.277,ok
823,62,162,77462,10,1,21.717,ok
823,63,163,77829,10,1,18.53,ok
823,64,164,77736,10,1,21.01,ok
823,65,165,77441,10,1,24.899,ok
823,66,166,77710,10,1,26.627,ok
823,67,167,77724,10,1,25.285,ok
823,68,168,77749,10,1,23.87,ok
823,69,169,77916,10,1,26.176,ok
823,70,170,77486,10,1,24.698,ok
823,71,171,77973,10,1,24.988,ok
823,72,172,77985,10,1,24.305,ok
823,73,173,77542,10,1,25.188,ok
823,74,174,77996,10,1,24.244,ok
823,75,175,77786,10,1,22.481,ok
823,76,176,77876,10,1,22.899,ok
823,77,177,77623,10,1,25.556,ok
823,78,178,77656,10,1,24.641,ok
823,79,179,77680,10,1,27.452,ok
823,80,180,77730,10,1,32.216,ok
823,81,181,77904,10,1,26.736,ok
823,82,182,77964,10,1,35.972,ok
823,83,183,78056,10,1,22.352,ok
823,84,184,77341,10,1,23.705,ok
823,85,185,78122,10,1,27.159,ok
823,86,186,78099,10,1,24.725,ok
823,87,187,77646,10,1,29.007,ok
823,88,188,77832,10,1,25.109,ok
823,89,189,78057,10,1,23.786,ok
823,90,190,77684,10,1,25.827,ok
823,91,191,77556,10,1,22.787,ok
823,92,192,77886,10,1,24.169,ok
823,93,193,77811,10,1,20.963,ok
823,94,194,77929,10,1,21.258,ok
823,95,195,77815,10,1,22.573,ok
823,96,196,77872,10,1,22.884,ok
823,97,197,77713,10,1,24.338,ok
823,98,198,77329,10,1,23.551,ok
823,99,199,77836,10,1,23.454,ok
835,0,100,76809,10,1,27.69,ok
835,1,101,77358,10,1,31.094,ok
835,2,102,77264,10,1,30.734,ok
835,3,103,76959,10,1,29.427,ok
835,4,104,76788,10,1,29.838,ok
835,5,105,77283,10,1,26.531,ok
835,6,106,77026,10,1,26.816,ok
835,7,107,77107,10,1,26.268,ok
835,8,108,76639,10,1,27.944,ok
835,9,109,76689,10,1,28.212,ok
835,10,110,77283,10,1,27.415,ok
835,11,111,77184,10,1,27.358,ok
835,12,112,77227,10,1,25.562,ok
835,13,113,76902,10,1,27.563,ok
835,14,114,77421,10,1,26.551,ok
835,15,115,77214,10,1,28.001,ok
835,16,116,76987,10,1,24.07,ok
835,17,117,77422,10,1,27.043,ok
835,18,118,76952,10,1,26.157,ok
835,19,119,77072,10,1,26.97,ok
835,20,120,76972,10,1,27.508,ok
835,21,121,76968,10,1,24.865,ok
835,22,122,76992,10,1,26.728,ok
835,23,123,76970,10,1,26.492,ok
835,24,124,76862,10,1,27.293,ok
835,25,125,76657,10,1,28.709,ok
835,26,126,77221,10,1,27.723,ok
835,27,127,77291,10,1,28.841,ok
835,28,128,77079,10,1,29.103,ok
835,29,129,77318,10,1,27.42,ok
835,30,130,77170,10,1,28.659,ok
835,31,131,76887,10,1,28.362,ok
835,32,132,76920,10,1,29.331,ok
835,33,133,77170,10,1,28.143,ok
835,34,134,77078,10,1,27.088,ok
835,35,135,76650,10,1,25.525,ok
835,36,136,77425,10,1,26.797,ok
835,37,137,76900,10,1,29.762,ok
835,38,138,77159,10,1,27.42,ok
835,39,139,76998,10,1,29.895,ok
835,40,140,77169,10,1,29.894,ok
835,41,141,77024,10,1,29.549,ok
835,42,142,77319,10,1,30.043,ok
835,43,143,77291,10,1,30.693,ok
835,44,144,77069,10,1,30.181,ok
835,45,145,76984,10,1,28.504,ok
835,46,146,77187,10,1,27.084,ok
835,47,147,76716,10,1,28.869,ok
835,48,148,77645,10,1,29.558,ok
835,49,149,77487,10,1,27.291,ok
835,50,150,77414,10,1,27.269,ok
835,51,151,77151,10,1,27.478,ok
835,52,152,76826,10,1,27.131,ok
835,53,153,76959,10,1,27.865,ok
835,54,154,76845,10,1,29.044,ok
835,55,155,76924,10,1,26.838,ok
835,56,156,77008,10,1,28.445,ok
835,57,157,76613,10,1,26.892,ok
835,58,158,77280,10,1,28.089,ok
835,59,159,77374,10,1,27.78,ok
835,60,160,77227,10,1,28.252,ok
835,61,161,76823,10,1,26.993,ok
835,62,162,77283,10,1,28.022,ok
835,63,163,77233,10,1,26.568,ok
835,64,164,77184,10,1,26.57,ok
835,65,165,76997,10,1,28.764,ok
835,66,166,76916,10,1,27.546,ok
835,67,167,76798,10,1,30.471,ok
835,68,168,76738,10,1,30.078,ok
835,69,169,76931,10,1,30.887,ok
835,70,170,76902,10,1,29.103,ok
835,71,171,77389,10,1,31.788,ok
835,72,172,77109,10,1,31.109,ok
835,73,173,76753,10,1,30.936,ok
835,74,174,77058,10,1,29.019,ok
835,75,175,77063,10,1,30.451,ok
835,76,176,77038,10,1,31.975,ok
835,77,177,77003,10,1,30.604,ok
835,78,178,77253,10,1,31.681,ok
835,79,179,77300,10,1,30.275,ok
835,80,180,77105,10,1,27.902,ok
835,81,181,77309,10,1,28.553,ok
835,82,182,77734,10,1,27.526,ok
835,83,183,76941,10,1,25.164,ok
835,84,184,76860,10,1,26.32,ok
835,85,185,76717,10,1,27.775,ok
835,86,186,77010,10,1,26.561,ok
835,87,187,77446,10,1,29.699,ok
835,88,188,76698,10,1,26.42,ok
835,89,189,76865,10,1,27.2,ok
835,90,190,76933,10,1,30.456,ok
835,91,191,77004,10,1,26.242,ok
835,92,192,77278,10,1,31.221,ok
835,93,193,76688,10,1,32.986,ok
835,94,194,77302,10,1,31.15,ok
835,95,195,76910,10,1,30.548,ok
835,96,196,76932,10,1,30.034,ok
835,97,197,77024,10,1,25.618,ok
835,98,198,77108,10,1,27.792,ok
835,99,199,77098,10,1,26.822,ok
836,0,100,73793,10,1,36.212,ok
836,1,101,74071,10,1,42.987,ok
836,2,102,74127,10,1,36.172,ok
836,3,103,73866,10,1,37.442,ok
836,4,104,74066,10,1,33.243,ok
836,5,105,74083,10,1,44.604,ok
836,6,106,74210,10,1,35.947,ok
836,7,107,73982,10,1,34.609,ok
836,8,108,74145,10,1,34.62,ok
836,9,109,74650,10,1,34.66,ok
836,10,110,74005,10,1,45.069,ok
836,11,111,74156,10,1,42.131,ok
836,12,112,74157,10,1,39.719,ok
836,13,113,74257,10,1,42.054,ok
836,14,114,74509,10,1,42.033,ok
836,15,115,73764,10,1,37.622,ok
836,16,116,74156,10,1,39.485,ok
836,17,117,73538,10,1,30.802,ok
836,18,118,74028,10,1,38.341,ok
836,19,119,73880,10,1,36.748,ok
836,20,120,74173,10,1,34.618,ok
836,21,121,73840,10,1,30.123,ok
836,22,122,74134,10,1,36.076,ok
836,23,123,74373,10,1,38.042,ok
836,24,124,73828,10,1,35.33,ok
836,25,125,73985,10,1,38.876,ok
836,26,126,73937,10,1,31.629,ok
836,27,127,73823,10,1,37.725,ok
836,28,128,73868,10,1,39.225,ok
836,29,129,74145,10,1,27.806,ok
836,30,130,74546,10,1,32.169,ok
836,31,131,74103,10,1,31.721,ok
836,32,132,73914,10,1,36.877,ok
836,33,133,73995,10,1,36.888,ok
836,34,134,74092,10,1,31.995,ok
836,35,135,73679,10,1,41.47,ok
836,36,136,74237,10,1,42.264,ok
836,37,137,74187,10,1,34.988,ok
836,38,138,74056,10,1,38.564,ok
836,39,139,73892,10,1,43.088,ok
836,40,140,74216,10,1,34.906,ok
836,41,141,73966,10,1,33.231,ok
836,42,142,73978,10,1,36.171,ok
836,43,143,74034,10,1,30.159,ok
836,44,144,74069,10,1,35.231,ok
836,45,145,74006,10,1,41.994,ok
836,46,146,73943,10,1,41.131,ok
836,47,147,74026,10,1,36.038,ok
836,48,148,73944,10,1,45.768,ok
836,49,149,74236,10,1,26.624,ok
836,50,150,73907,10,1,41.895,ok
836,51,151,73096,10,1,39.947,ok
836,52,152,73702,10,1,40.324,ok
836,53,153,73765,10,1,28.425,ok
836,54,154,73994,10,1,33.691,ok
836,55,155,73915,10,1,36.254,ok
836,56,156,73820,10,1,39.946,ok
836,57,157,74083,10,1,36.399,ok
836,58,158,74148,10,1,28.711,ok
836,59,159,74191,10,1,28.212,ok
836,60,160,74182,10,1,30.431,ok
836,61,161,74429,10,1,36.664,ok
836,62,162,74284,10,1,33.036,ok
836,63,163,73861,10,1,24.829,ok
836,64,164,74238,10,1,25.288,ok
836,65,165,73967,10,1,37.274,ok
836,66,166,74434,10,1,28.759,ok
836,67,167,73886,10,1,30.422,ok
836,68,168,73942,10,1,26.689,ok
836,69,169,74042,10,1,33.636,ok
836,70,170,73806,10,1,43.74,ok
836,71,171,73571,10,1,31.477,ok
836,72,172,73744,10,1,25.793,ok
836,73,173,73919,10,1,31.835,ok
836,74,174,73842,10,1,31.708,ok
836,75,175,74247,10,1,36.764,ok
836,76,176,74398,10,1,27.011,ok
836,77,177,74146,10,1,23.519,ok
836,78,178,74053,10,1,29.121,ok
836,79,179,73930,10,1,30.594,ok
836,80,180,74187,10,1,30.471,ok
836,81,181,73951,10,1,33.608,ok
836,82,182,73662,10,1,32.424,ok
836,83,183,74454,10,1,33.704,ok
836,84,184,74013,10,1,33.21,ok
836,85,185,73772,10,1,33.455,ok
836,86,186,73614,10,1,35.035,ok
836,87,187,73968,10,1,32.425,ok
836,88,188,73992,10,1,33.591,ok
836,89,189,73623,10,1,31.81,ok
836,90,190,73770,10,1,33.518,ok
836,91,191,73872,10,1,33.143,ok
836,92,192,74288,10,1,27.262,ok
836,93,193,73528,10,1,32.75,ok
836,94,194,74319,10,1,32.119,ok
836,95,195,74242,10,1,26.485,ok
836,96,196,73718,10,1,28.266,ok
836,97,197,74088,10,1,30.381,ok
836,98,198,73754,10,1,29.496,ok
836,99,199,73819,10,1,25.894,ok
846,0,100,78266,10,1,26.554,ok
846,1,101,77563,10,1,24.477,ok
846,2,102,77742,10,1,26.056,ok
846,3,103,77726,10,1,23.441,ok
846,4,104,77809,10,1,24.287,ok
846,5,105,78248,10,1,25.07,ok
846,6,106,77783,10,1,22.742,ok
846,7,107,78099,10,1,24.138,ok
846,8,108,78399,10,1,22.501,ok
846,9,109,78067,10,1,21.493,ok
846,10,110,77625,10,1,24.065,ok
846,11,111,77752,10,1,24.03,ok
846,12,112,77799,10,1,25.088,ok
846,13,113,78177,10,1,25.268,ok
846,14,114,78243,10,1,25.019,ok
846,15,115,78041,10,1,25.522,ok
846,16,116,77575,10,1,23.862,ok
846,17,117,78000,10,1,25.799,ok
846,18,118,77533,10,1,25.903,ok
846,19,119,77868,10,1,24.841,ok
846,20,120,78284,10,1,25.532,ok
846,21,121,77706,10,1,25.001,ok
846,22,122,77756,10,1,24.94,ok
846,23,123,78003,10,1,25.039,ok
846,24,124,77818,10,1,24.84,ok
846,25,125,77428,10,1,22.498,ok
846,26,126,78062,10,1,24.246,ok
846,27,127,78069,10,1,23.181,ok
846,28,128,77817,10,1,24.005,ok
846,29,129,78081,10,1,22.149,ok
846,30,130,78267,10,1,22.22,ok
846,31,131,78037,10,1,22.153,ok
846,32,132,78153,10,1,21.487,ok
846,33,133,77870,10,1,19.96,ok
846,34,134,78105,10,1,21.611,ok
846,35,135,77810,10,1,21.921,ok
846,36,136,77799,10,1,21.413,ok
846,37,137,77850,10,1,20.448,ok
846,38,138,77528,10,1,20.811,ok
846,39,139,77954,10,1,21.774,ok
846,40,140,77764,10,1,22.642,ok
846,41,141,78202,10,1,21.942,ok
846,42,142,77510,10,1,23.037,ok
846,43,143,77812,10,1,23.12,ok
846,44,144,78196,10,1,24.8,ok
846,45,145,77860,10,1,24.629,ok
846,46,146,78047,10,1,24.631,ok
846,47,147,77498,10,1,25.189,ok
846,48,148,78269,10,1,25.599,ok
846,49,149,78097,10,1,25.472,ok
846,50,150,77934,10,1,26.007,ok
846,51,151,78042,10,1,25.659,ok
846,52,152,77948,10,1,25.279,ok
846,53,153,77498,10,1,25.549,ok
846,54,154,77936,10,1,24.986,ok
846,55,155,77884,10,1,24.292,ok
846,56,156,78179,10,1,24.227,ok
846,57,157,77901,10,1,25.004,ok
846,58,158,77902,10,1,24.783,ok
846,59,159,77872,10,1,25.45,ok
846,60,160,78415,10,1,24.689,ok
846,61,161,77598,10,1,23.55,ok
846,62,162,77678,10,1,24.533,ok
846,63,163,78249,10,1,24.464,ok
846,64,164,78067,10,1,24.807,ok
846,65,165,77750,10,1,21.948,ok
846,66,166,77980,10,1,20.34,ok
846,67,167,77962,10,1,21.767,ok
846,68,168,77977,10,1,20.879,ok
846,69,169,77292,10,1,23.338,ok
846,70,170,77699,10,1,23.164,ok
846,71,171,78166,10,1,22.054,ok
846,72,172,78189,10,1,22.204,ok
846,73,173,77724,10,1,21.779,ok
846,74,174,77903,10,1,21.72,ok
846,75,175,77882,10,1,21.606,ok
846,76,176,77620,10,1,22.002,ok
846,77,177,78050,10,1,20.538,ok
846,78,178,78041,10,1,22.675,ok
846,79,179,77814,10,1,20.441,ok
846,80,180,77763,10,1,22.787,ok
846,81,181,78174,10,1,21.763,ok
846,82,182,77936,10,1,24.182,ok
846,83,183,77708,10,1,21.966,ok
846,84,184,77901,10,1,23.567,ok
846,85,185,77710,10,1,25.547,ok
846,86,186,77855,10,1,24.115,ok
846,87,187,77637,10,1,24.349,ok
846,88,188,78018,10,1,23.971,ok
846,89,189,77863,10,1,26.178,ok
846,90,190,78049,10,1,23.03,ok
846,91,191,78502,10,1,22.411,ok
846,92,192,78249,10,1,25.21,ok
846,93,193,77926,10,1,24.047,ok
846,94,194,77839,10,1,24.61,ok
846,95,195,77931,10,1,25.023,ok
846,96,196,77557,10,1,24.967,ok
846,97,197,78256,10,1,25.42,ok
846,98,198,77987,10,1,29.926,ok
846,99,199,77775,10,1,25.362,ok
849,0,100,75734,10,1,35.487,ok
849,1,101,75192,10,1,29.486,ok
849,2,102,75489,10,1,29.661,ok
849,3,103,75296,10,1,31.084,ok
849,4,104,75916,10,1,27.13,ok
849,5,105,75828,10,1,32.281,ok
849,6,106,75783,10,1,29.353,ok
849,7,107,75434,10,1,32.962,ok
849,8,108,75718,10,1,30.058,ok
849,9,109,75571,10,1,28.47,ok
849,10,110,75474,10,1,38.267,ok
849,11,111,75360,10,1,29.45,ok
849,12,112,75399,10,1,36.22,ok
849,13,113,75610,10,1,29.981,ok
849,14,114,75559,10,1,31.515,ok
849,15,115,75606,10,1,31.894,ok
849,16,116,76056,10,1,26.575,ok
849,17,117,75436,10,1,27.465,ok
849,18,118,75685,10,1,26.814,ok
849,19,119,75369,10,1,34.305,ok
849,20,120,75818,10,1,35.12,ok
849,21,121,75282,10,1,37.765,ok
849,22,122,75584,10,1,30.036,ok
849,23,123,74990,10,1,29.521,ok
849,24,124,75479,10,1,30.375,ok
849,25,125,75759,10,1,36.119,ok
849,26,126,75458,10,1,28.012,ok
849,27,127,75595,10,1,28.704,ok
849,28,128,75383,10,1,28.556,ok
849,29,129,75389,10,1,36.016,ok
849,30,130,75280,10,1,27.037,ok
849,31,131,75603,10,1,25.702,ok
849,32,132,75635,10,1,26.058,ok
849,33,133,75809,10,1,27.967,ok
849,34,134,76018,10,1,27.825,ok
849,35,135,75700,10,1,25.996,ok
849,36,136,75498,10,1,25.974,ok
849,37,137,75555,10,1,24.547,ok
849,38,138,75485,10,1,31.743,ok
849,39,139,75538,10,1,26.255,ok
849,40,140,76229,10,1,27.472,ok
849,41,141,75912,10,1,27.83,ok
849,42,142,75337,10,1,28.237,ok
849,43,143,75121,10,1,27.881,ok
849,44,144,75511,10,1,29.522,ok
849,45,145,75688,10,1,29.05,ok
849,46,146,75580,10,1,26.534,ok
849,47,147,75560,10,1,29.926,ok
849,48,148,75623,10,1,28.876,ok
849,49,149,75588,10,1,31.824,ok
849,50,150,75697,10,1,29.294,ok
849,51,151,75709,10,1,36.203,ok
849,52,152,75613,10,1,29.592,ok
849,53,153,75435,10,1,31.174,ok
849,54,154,75636,10,1,44.519,ok
849,55,155,75186,10,1,32.815,ok
849,56,156,75308,10,1,34.587,ok
849,57,157,75422,10,1,32.83,ok
849,58,158,75495,10,1,35.749,ok
849,59,159,75551,10,1,37.991,ok
849,60,160,75686,10,1,38.738,ok
849,61,161,75464,10,1,30.792,ok
849,62,162,75593,10,1,30.5,ok
849,63,163,75995,10,1,46.621,ok
849,64,164,75534,10,1,35.202,ok
849,65,165,75872,10,1,31.462,ok
849,66,166,75759,10,1,27.945,ok
849,67,167,75768,10,1,34.022,ok
849,68,168,75453,10,1,36.79,ok
849,69,169,76130,10,1,33.985,ok
849,70,170,75487,10,1,31.295,ok
849,71,171,75289,10,1,29.417,ok
849,72,172,75617,10,1,33.04,ok
849,73,173,75952,10,1,37.731,ok
849,74,174,75294,10,1,31.404,ok
849,75,175,75365,10,1,27.682,ok
849,76,176,75395,10,1,28.662,ok
849,77,177,75622,10,1,31.224,ok
849,78,178,75658,10,1,36.936,ok
849,79,179,75861,10,1,36.362,ok
849,80,180,75449,10,1,25.982,ok
849,81,181,75395,10,1,25.616,ok
849,82,182,75645,10,1,31.05,ok
849,83,183,75561,10,1,29.136,ok
849,84,184,75305,10,1,29.283,ok
849,85,185,75257,10,1,32.38,ok
849,86,186,75440,10,1,32.84,ok
849,87,187,75345,10,1,43.637,ok
849,88,188,75606,10,1,27.381,ok
849,89,189,75365,10,1,27.121,ok
849,90,190,75958,10,1,36.138,ok
849,91,191,75568,10,1,27.772,ok
849,92,192,75536,10,1,35.625,ok
849,93,193,75695,10,1,35.1,ok
849,94,194,75808,10,1,35.982,ok
849,95,195,75370,10,1,35.981,ok
849,96,196,75477,10,1,31.839,ok
849,97,197,75429,10,1,47.07,ok
849,98,198,75427,10,1,38.492,ok
849,99,199,75736,10,1,43.183,ok
854,0,100,75217,10,1,35.124,ok
854,1,101,75786,10,1,41.345,ok
854,2,102,75428,10,1,37.336,ok
854,3,103,75531,10,1,38.331,ok
854,4,104,75450,10,1,41.19,ok
854,5,105,75556,10,1,37.131,ok
854,6,106,75494,10,1,39.443,ok
854,7,107,75731,10,1,37.759,ok
854,8,108,75329,10,1,38.39,ok
854,9,109,75484,10,1,41.118,ok
854,10,110,75568,10,1,36.431,ok
854,11,111,75543,10,1,31.743,ok
854,12,112,75619,10,1,34.689,ok
854,13,113,75739,10,1,38.354,ok
854,14,114,75637,10,1,35.517,ok
854,15,115,75626,10,1,36.678,ok
854,16,116,75698,10,1,32.903,ok
854,17,117,75718,10,1,34.156,ok
854,18,118,75653,10,1,37.465,ok
854,19,119,75637,10,1,34.236,ok
854,20,120,75421,10,1,32.787,ok
854,21,121,75493,10,1,33.118,ok
854,22,122,75461,10,1,33.498,ok
854,23,123,75519,10,1,35.868,ok
854,24,124,75760,10,1,35.424,ok
854,25,125,76001,10,1,32.952,ok
854,26,126,75471,10,1,32.295,ok
854,27,127,75644,10,1,36.225,ok
854,28,128,75820,10,1,34.157,ok
854,29,129,75643,10,1,35.573,ok
854,30,130,75695,10,1,34.103,ok
854,31,131,75513,10,1,28.922,ok
854,32,132,75371,10,1,40.713,ok
854,33,133,75464,10,1,35.192,ok
854,34,134,75541,10,1,36.542,ok
854,35,135,75691,10,1,31.575,ok
854,36,136,75188,10,1,38.042,ok
854,37,137,75591,10,1,33.337,ok
854,38,138,75405,10,1,39.238,ok
854,39,139,75569,10,1,35.81,ok
854,40,140,75638,10,1,40.547,ok
854,41,141,75448,10,1,39.039,ok
854,42,142,75621,10,1,41.078,ok
854,43,143,75472,10,1,43.569,ok
854,44,144,75424,10,1,42.321,ok
854,45,145,75780,10,1,40.306,ok
854,46,146,75558,10,1,41.007,ok
854,47,147,75456,10,1,35.055,ok
854,48,148,75373,10,1,44.11,ok
854,49,149,75354,10,1,40.391,ok
854,50,150,75627,10,1,28.452,ok
854,51,151,75241,10,1,34.707,ok
854,52,152,75178,10,1,35.652,ok
854,53,153,75125,10,1,36.485,ok
854,54,154,75516,10,1,29.454,ok
854,55,155,75574,10,1,33.975,ok
854,56,156,75441,10,1,32.063,ok
854,57,157,75833,10,1,34.4,ok
854,58,158,75526,10,1,38.101,ok
854,59,159,75700,10,1,34.899,ok
854,60,160,75621,10,1,34.21,ok
854,61,161,75577,10,1,34.479,ok
854,62,162,75397,10,1,34.903,ok
854,63,163,75906,10,1,33.315,ok
854,64,164,75697,10,1,34.114,ok
854,65,165,75523,10,1,30.257,ok
854,66,166,75527,10,1,35.069,ok
854,67,167,75411,10,1,41.203,ok
854,68,168,75377,10,1,35.938,ok
854,69,169,75322,10,1,35.238,ok
854,70,170,75781,10,1,35.843,ok
854,71,171,75226,10,1,33.394,ok
854,72,172,75451,10,1,40.336,ok
854,73,173,75836,10,1,32.947,ok
854,74,174,75648,10,1,36.512,ok
854,75,175,75913,10,1,39.305,ok
854,76,176,75813,10,1,40.68,ok
854,77,177,75402,10,1,36.861,ok
854,78,178,75422,10,1,36.795,ok
854,79,179,75456,10,1,33.452,ok
854,80,180,75581,10,1,34.131,ok
854,81,181,75950,10,1,26.283,ok
854,82,182,75429,10,1,32.433,ok
854,83,183,75719,10,1,33.346,ok
854,84,184,75734,10,1,33.842,ok
854,85,185,75651,10,1,39.865,ok
854,86,186,75387,10,1,40.191,ok
854,87,187,75317,10,1,39.202,ok
854,88,188,75874,10,1,39.916,ok
854,89,189,75427,10,1,35.196,ok
854,90,190,75660,10,1,41.71,ok
854,91,191,75399,10,1,39.152,ok
854,92,192,75356,10,1,39.247,ok
854,93,193,75718,10,1,42.058,ok
854,94,194,75975,10,1,39.575,ok
854,95,195,75550,10,1,29.716,ok
854,96,196,75538,10,1,32.009,ok
854,97,197,75191,10,1,34.205,ok
854,98,198,75557,10,1,32.762,ok
854,99,199,75528,10,1,32.787,ok
888,0,100,76110,10,1,27.037,ok
888,1,101,76278,10,1,30.813,ok
888,2,102,76034,10,1,26.678,ok
888,3,103,76359,10,1,27.008,ok
888,4,104,76213,10,1,32.453,ok
888,5,105,76406,10,1,28.513,ok
888,6,106,76371,10,1,31.259,ok
888,7,107,76201,10,1,33.667,ok
888,8,108,76200,10,1,33.264,ok
888,9,109,76033,10,1,25.385,ok
888,10,110,76125,10,1,42.506,ok
888,11,111,76321,10,1,33.888,ok
888,12,112,76142,10,1,30.644,ok
888,13,113,76240,10,1,29.02,ok
888,14,114,76039,10,1,30.008,ok
888,15,115,75887,10,1,42.162,ok
888,16,116,76401,10,1,28.21,ok
888,17,117,76683,10,1,27.785,ok
888,18,118,76392,10,1,31.398,ok
888,19,119,76828,10,1,27.405,ok
888,20,120,76366,10,1,28.398,ok
888,21,121,76368,10,1,27.465,ok
888,22,122,76065,10,1,28.404,ok
888,23,123,76404,10,1,33.122,ok
888,24,124,76527,10,1,27.453,ok
888,25,125,76482,10,1,24.042,ok
888,26,126,76282,10,1,30.167,ok
888,27,127,76387,10,1,29.965,ok
888,28,128,76622,10,1,29.125,ok
888,29,129,76546,10,1,32.128,ok
888,30,130,76362,10,1,30.383,ok
888,31,131,76409,10,1,30.752,ok
888,32,132,76126,10,1,30.579,ok
888,33,133,76278,10,1,29.485,ok
888,34,134,76213,10,1,34.841,ok
888,35,135,76516,10,1,29.847,ok
888,36,136,76432,10,1,32.701,ok
888,37,137,76198,10,1,34.991,ok
888,38,138,76532,10,1,37.403,ok
888,39,139,76181,10,1,25.418,ok
888,40,140,76512,10,1,36.705,ok
888,41,141,76146,10,1,30.783,ok
888,42,142,76218,10,1,34.386,ok
888,43,143,76037,10,1,28.756,ok
888,44,144,76298,10,1,24.815,ok
888,45,145,76441,10,1,31.803,ok
888,46,146,76299,10,1,29.168,ok
888,47,147,76367,10,1,29.491,ok
888,48,148,76390,10,1,34.025,ok
888,49,149,76529,10,1,24.025,ok
888,50,150,76105,10,1,27.126,ok
888,51,151,76212,10,1,32.347,ok
888,52,152,76255,10,1,25.898,ok
888,53,153,76029,10,1,21.836,ok
888,54,154,75679,10,1,23.255,ok
888,55,155,76185,10,1,24.912,ok
888,56,156,76262,10,1,20.704,ok
888,57,157,76449,10,1,26.251,ok
888,58,158,76115,10,1,25.581,ok
888,59,159,76369,10,1,18.484,ok
888,60,160,75970,10,1,38.222,ok
888,61,161,76586,10,1,27.467,ok
888,62,162,76069,10,1,25.805,ok
888,63,163,76065,10,1,23.681,ok
888,64,164,76173,10,1,22.735,ok
888,65,165,76200,10,1,28.109,ok
888,66,166,76520,10,1,24.536,ok
888,67,167,76032,10,1,24.159,ok
888,68,168,76612,10,1,23.566,ok
888,69,169,76283,10,1,23.06,ok
888,70,170,76111,10,1,27.273,ok
888,71,171,75988,10,1,27.52,ok
888,72,172,76119,10,1,24.229,ok
888,73,173,76267,10,1,27.112,ok
888,74,174,76380,10,1,26.821,ok
888,75,175,76478,10,1,25.837,ok
888,76,176,75988,10,1,24.357,ok
888,77,177,76228,10,1,23.725,ok
888,78,178,76094,10,1,23.791,ok
888,79,179,76074,10,1,22.594,ok
888,80,180,75928,10,1,25.064,ok
888,81,181,76291,10,1,22.335,ok
888,82,182,76083,10,1,18.392,ok
888,83,183,76481,10,1,21.737,ok
888,84,184,76446,10,1,28.771,ok
888,85,185,75865,10,1,28.048,ok
888,86,186,76551,10,1,26.965,ok
888,87,187,76345,10,1,28.514,ok
888,88,188,76493,10,1,30.648,ok
888,89,189,75656,10,1,25.301,ok
888,90,190,76210,10,1,23.384,ok
888,91,191,75927,10,1,28.158,ok
888,92,192,76190,10,1,28.189,ok
888,93,193,76057,10,1,27.564,ok
888,94,194,76418,10,1,25.752,ok
888,95,195,76328,10,1,25.329,ok
888,96,196,76134,10,1,25.306,ok
888,97,197,76549,10,1,23.17,ok
888,98,198,76117,10,1,27.185,ok
888,99,199,76407,10,1,21.983,ok
890,0,100,78255,10,1,30.976,ok
890,1,101,77982,10,1,27.533,ok
890,2,102,78477,10,1,30.458,ok
890,3,103,78499,10,1,29.386,ok
890,4,104,78533,10,1,23.894,ok
890,5,105,78237,10,1,27.809,ok
890,6,106,77976,10,1,33.952,ok
890,7,107,78319,10,1,32.504,ok
890,8,108,78215,10,1,36.409,ok
890,9,109,77910,10,1,34.037,ok
890,10,110,78238,10,1,34.91,ok
890,11,111,78293,10,1,27.71,ok
890,12,112,78430,10,1,33.928,ok
890,13,113,78188,10,1,30.087,ok
890,14,114,78047,10,1,30.261,ok
890,15,115,78306,10,1,25.822,ok
890,16,116,78195,10,1,26.821,ok
890,17,117,78175,10,1,33.988,ok
890,18,118,78656,10,1,34.246,ok
890,19,119,78356,10,1,26.749,ok
890,20,120,78430,10,1,36.036,ok
890,21,121,78408,10,1,36.507,ok
890,22,122,78514,10,1,35.32,ok
890,23,123,78096,10,1,29.004,ok
890,24,124,77985,10,1,35.399,ok
890,25,125,77838,10,1,31.026,ok
890,26,126,78126,10,1,27.537,ok
890,27,127,77973,10,1,26.619,ok
890,28,128,78165,10,1,29.099,ok
890,29,129,78465,10,1,31.759,ok
890,30,130,78295,10,1,32.242,ok
890,31,131,78595,10,1,30.973,ok
890,32,132,78182,10,1,23.617,ok
890,33,133,78318,10,1,27.242,ok
890,34,134,78201,10,1,28.032,ok
890,35,135,77957,10,1,23.772,ok
890,36,136,78314,10,1,31.374,ok
890,37,137,77824,10,1,34.423,ok
890,38,138,77981,10,1,33.898,ok
890,39,139,78042,10,1,35.505,ok
890,40,140,78399,10,1,22.349,ok
890,41,141,78365,10,1,28.155,ok
890,42,142,78040,10,1,26.259,ok
890,43,143,78355,10,1,32.719,ok
890,44,144,78249,10,1,31.321,ok
890,45,145,78272,10,1,31.381,ok
890,46,146,78316,10,1,31.13,ok
890,47,147,78170,10,1,29.351,ok
890,48,148,77858,10,1,29.941,ok
890,49,149,77986,10,1,23.639,ok
890,50,150,77931,10,1,32.062,ok
890,51,151,77982,10,1,26.568,ok
890,52,152,78023,10,1,31.58,ok
890,53,153,78322,10,1,25.241,ok
890,54,154,78036,10,1,31.056,ok
890,55,155,78254,10,1,33.566,ok
890,56,156,78015,10,1,27.724,ok
890,57,157,78245,10,1,32.051,ok
890,58,158,78366,10,1,35.235,ok
890,59,159,78173,10,1,35.079,ok
890,60,160,78128,10,1,34.51,ok
890,61,161,78178,10,1,28.962,ok
890,62,162,78577,10,1,35.911,ok
890,63,163,77779,10,1,35.076,ok
890,64,164,78292,10,1,28.686,ok
890,65,165,77877,10,1,28.195,ok
890,66,166,78072,10,1,30.57,ok
890,67,167,78048,10,1,27.183,ok
890,68,168,78065,10,1,30.452,ok
890,69,169,78048,10,1,31.7,ok
890,70,170,78320,10,1,29.647,ok
890,71,171,78150,10,1,24.775,ok
890,72,172,78127,10,1,26.619,ok
890,73,173,78155,10,1,31.148,ok
890,74,174,77976,10,1,30.071,ok
890,75,175,78469,10,1,23.896,ok
890,76,176,78113,10,1,25.741,ok
890,77,177,78265,10,1,33.688,ok
890,78,178,78109,10,1,28.191,ok
890,79,179,77951,10,1,27.916,ok
890,80,180,78278,10,1,32.074,ok
890,81,181,78037,10,1,28.871,ok
890,82,182,77814,10,1,30.325,ok
890,83,183,78157,10,1,32.089,ok
890,84,184,78088,10,1,24.036,ok
890,85,185,77952,10,1,29.106,ok
890,86,186,78314,10,1,30.376,ok
890,87,187,78380,10,1,28.542,ok
890,88,188,77933,10,1,25.93,ok
890,89,189,78053,10,1,24.403,ok
890,90,190,78079,10,1,31.421,ok
890,91,191,77846,10,1,30.567,ok
890,92,192,78118,10,1,30.942,ok
890,93,193,78211,10,1,26.013,ok
890,94,194,78288,10,1,26.061,ok
890,95,195,77987,10,1,33.905,ok
890,96,196,78092,10,1,28.348,ok
890,97,197,78247,10,1,33.341,ok
890,98,198,78043,10,1,27.559,ok
890,99,199,78419,10,1,33.121,ok
892,0,100,75583,10,1,25.539,ok
892,1,101,74657,10,1,21.744,ok
892,2,102,75039,10,1,25.412,ok
892,3,103,74808,10,1,22.212,ok
892,4,104,74910,10,1,20.794,ok
892,5,105,75297,10,1,23.588,ok
892,6,106,74998,10,1,26.594,ok
892,7,107,74644,10,1,24.532,ok
892,8,108,74620,10,1,25.279,ok
892,9,109,74719,10,1,26.814,ok
892,10,110,74760,10,1,25.187,ok
892,11,111,75105,10,1,28.412,ok
892,12,112,74757,10,1,25.308,ok
892,13,113,75017,10,1,26.938,ok
892,14,114,75297,10,1,27.788,ok
892,15,115,75109,10,1,26.934,ok
892,16,116,74883,10,1,29.029,ok
892,17,117,75028,10,1,26.962,ok
892,18,118,74516,10,1,27.695,ok
892,19,119,75282,10,1,35.409,ok
892,20,120,75121,10,1,25.511,ok
892,21,121,74947,10,1,32.329,ok
892,22,122,75081,10,1,28.803,ok
892,23,123,75037,10,1,30.226,ok
892,24,124,75167,10,1,38.819,ok
892,25,125,74591,10,1,32.293,ok
892,26,126,74864,10,1,27.545,ok
892,27,127,74998,10,1,32.755,ok
892,28,128,74671,10,1,33.048,ok
892,29,129,74786,10,1,28.73,ok
892,30,130,74829,10,1,27.71,ok
892,31,131,75052,10,1,25.831,ok
892,32,132,74774,10,1,28.139,ok
892,33,133,74730,10,1,29.534,ok
892,34,134,75069,10,1,29.141,ok
892,35,135,74869,10,1,31.361,ok
892,36,136,75221,10,1,29.548,ok
892,37,137,75156,10,1,25.084,ok
892,38,138,74891,10,1,35.434,ok
892,39,139,75133,10,1,25.672,ok
892,40,140,75302,10,1,25.243,ok
892,41,141,75204,10,1,23.239,ok
892,42,142,74771,10,1,27.14,ok
892,43,143,75068,10,1,27.637,ok
892,44,144,75169,10,1,24.686,ok
892,45,145,74554,10,1,26.48,ok
892,46,146,74602,10,1,29.579,ok
892,47,147,75213,10,1,30.643,ok
892,48,148,75070,10,1,27.59,ok
892,49,149,75218,10,1,26.539,ok
892,50,150,74999,10,1,28.604,ok
892,51,151,74523,10,1,27.436,ok
892,52,152,75162,10,1,25.171,ok
892,53,153,74996,10,1,26.925,ok
892,54,154,74372,10,1,31.74,ok
892,55,155,74735,10,1,33.532,ok
892,56,156,74994,10,1,34.748,ok
892,57,157,75123,10,1,28.655,ok
892,58,158,75532,10,1,29.721,ok
892,59,159,74847,10,1,24.408,ok
892,60,160,74718,10,1,26.203,ok
892,61,161,74940,10,1,25.302,ok
892,62,162,74761,10,1,24.92,ok
892,63,163,75062,10,1,24.731,ok
892,64,164,75108,10,1,30.855,ok
892,65,165,75161,10,1,28.415,ok
892,66,166,75072,10,1,34.845,ok
892,67,167,74698,10,1,30.634,ok
892,68,168,75420,10,1,28.128,ok
892,69,169,74708,10,1,28.57,ok
892,70,170,74514,10,1,27.886,ok
892,71,171,74959,10,1,29.132,ok
892,72,172,74721,10,1,38.668,ok
892,73,173,75143,10,1,28.246,ok
892,74,174,75310,10,1,29.256,ok
892,75,175,74897,10,1,25.243,ok
892,76,176,75026,10,1,29.139,ok
892,77,177,75013,10,1,29.134,ok
892,78,178,74928,10,1,28.565,ok
892,79,179,75092,10,1,29.508,ok
892,80,180,75089,10,1,32.947,ok
892,81,181,74715,10,1,26.077,ok
892,82,182,74861,10,1,26.558,ok
892,83,183,75032,10,1,28.077,ok
892,84,184,75176,10,1,27.32,ok
892,85,185,74631,10,1,26.145,ok
892,86,186,74716,10,1,23.479,ok
892,87,187,75088,10,1,25.433,ok
892,88,188,74402,10,1,24.942,ok
892,89,189,74964,10,1,27.203,ok
892,90,190,75040,10,1,26.38,ok
892,91,191,74952,10,1,25.897,ok
892,92,192,74840,10,1,29.548,ok
892,93,193,74737,10,1,26.689,ok
892,94,194,74751,10,1,25.335,ok
892,95,195,74856,10,1,31.964,ok
892,96,196,74891,10,1,26.804,ok
892,97,197,75078,10,1,26.803,ok
892,98,198,75320,10,1,36.292,ok
892,99,199,74863,10,1,36.006,ok
894,0,100,75413,10,1,43.28,ok
894,1,101,76182,10,1,45.538,ok
894,2,102,75737,10,1,40.535,ok
894,3,103,75489,10,1,34.972,ok
894,4,104,75830,10,1,40.304,ok
894,5,105,75687,10,1,44.868,ok
894,6,106,75603,10,1,46.631,ok
894,7,107,76064,10,1,50.207,ok
894,8,108,75514,10,1,48.497,ok
894,9,109,75652,10,1,41.949,ok
894,10,110,75792,10,1,43.131,ok
894,11,111,75667,10,1,33.971,ok
894,12,112,75651,10,1,40.196,ok
894,13,113,75877,10,1,48.791,ok
894,14,114,75962,10,1,40.624,ok
894,15,115,75841,10,1,35.162,ok
894,16,116,76103,10,1,46.921,ok
894,17,117,75814,10,1,46.592,ok
894,18,118,75728,10,1,40.648,ok
894,19,119,75846,10,1,32.29,ok
894,20,120,76222,10,1,43.745,ok
894,21,121,75554,10,1,44.669,ok
894,22,122,75961,10,1,45.91,ok
894,23,123,75941,10,1,46.305,ok
894,24,124,75334,10,1,49.18,ok
894,25,125,75905,10,1,43.495,ok
894,26,126,75545,10,1,45.559,ok
894,27,127,75869,10,1,41.115,ok
894,28,128,75467,10,1,34.526,ok
894,29,129,76116,10,1,43.451,ok
894,30,130,75828,10,1,44.387,ok
894,31,131,75969,10,1,41.074,ok
894,32,132,75673,10,1,47.34,ok
894,33,133,75912,10,1,31.789,ok
894,34,134,76396,10,1,39.042,ok
894,35,135,75872,10,1,40.763,ok
894,36,136,75714,10,1,41.679,ok
894,37,137,75560,10,1,40.106,ok
894,38,138,75436,10,1,39.278,ok
894,39,139,75535,10,1,28.277,ok
894,40,140,75701,10,1,51.017,ok
894,41,141,75761,10,1,41.547,ok
894,42,142,75871,10,1,50.686,ok
894,43,143,75564,10,1,51.309,ok
894,44,144,75352,10,1,45.029,ok
894,45,145,75439,10,1,45.761,ok
894,46,146,75284,10,1,38.417,ok
894,47,147,76138,10,1,39.695,ok
894,48,148,75633,10,1,45.319,ok
894,49,149,75563,10,1,57.879,ok
894,50,150,75884,10,1,38.983,ok
894,51,151,75351,10,1,32.407,ok
894,52,152,76010,10,1,48.08,ok
894,53,153,75601,10,1,49.092,ok
894,54,154,75701,10,1,37.507,ok
894,55,155,75309,10,1,45.089,ok
894,56,156,75667,10,1,42.415,ok
894,57,157,75360,10,1,40.43,ok
894,58,158,76098,10,1,44.844,ok
894,59,159,75871,10,1,36.303,ok
894,60,160,75728,10,1,33.006,ok
894,61,161,75827,10,1,43.695,ok
894,62,162,75608,10,1,49.039,ok
894,63,163,75597,10,1,58.538,ok
894,64,164,75992,10,1,42.786,ok
894,65,165,75676,10,1,37.919,ok
894,66,166,75769,10,1,34.573,ok
894,67,167,75367,10,1,41.118,ok
894,68,168,75834,10,1,57.64,ok
894,69,169,75760,10,1,49.946,ok
894,70,170,75778,10,1,42.274,ok
894,71,171,75690,10,1,55.457,ok
894,72,172,75472,10,1,41.416,ok
894,73,173,76023,10,1,33.032,ok
894,74,174,75342,10,1,41.345,ok
894,75,175,75522,10,1,32.075,ok
894,76,176,75495,10,1,57.979,ok
894,77,177,75358,10,1,40.434,ok
894,78,178,75471,10,1,45.688,ok
894,79,179,75543,10,1,33.707,ok
894,80,180,75760,10,1,38.428,ok
894,81,181,75582,10,1,49.278,ok
894,82,182,75566,10,1,44.786,ok
894,83,183,75718,10,1,36.239,ok
894,84,184,76068,10,1,39.08,ok
894,85,185,76073,10,1,42.642,ok
894,86,186,75614,10,1,49.991,ok
894,87,187,75667,10,1,36.303,ok
894,88,188,75987,10,1,46.262,ok
894,89,189,75654,10,1,41.652,ok
894,90,190,76136,10,1,35.474,ok
894,91,191,75966,10,1,45.13,ok
894,92,192,76098,10,1,37.54,ok
894,93,193,75709,10,1,39.428,ok
894,94,194,75967,10,1,45.576,ok
894,95,195,75624,10,1,43.666,ok
894,96,196,75996,10,1,38.956,ok
894,97,197,75985,10,1,43.931,ok
894,98,198,75988,10,1,31.07,ok
894,99,199,75525,10,1,36.866,ok
895,0,100,78699,10,1,32.988,ok
895,1,101,78942,10,1,32.221,ok
895,2,102,78718,10,1,30.265,ok
895,3,103,78651,10,1,29.594,ok
895,4,104,79143,10,1,29.494,ok
895,5,105,78715,10,1,35.256,ok
895,6,106,78758,10,1,33.382,ok
895,7,107,79163,10,1,34.475,ok
895,8,108,78628,10,1,32.968,ok
895,9,109,78598,10,1,30.221,ok
895,10,110,79150,10,1,28.953,ok
895,11,111,78969,10,1,30.882,ok
895,12,112,79593,10,1,30.365,ok
895,13,113,78668,10,1,30.87,ok
895,14,114,79052,10,1,30.288,ok
895,15,115,78796,10,1,32.635,ok
895,16,116,78721,10,1,32.28,ok
895,17,117,79574,10,1,29.371,ok
895,18,118,79112,10,1,31.402,ok
895,19,119,78657,10,1,31.797,ok
895,20,120,78794,10,1,34.08,ok
895,21,121,78510,10,1,33.333,ok
895,22,122,78830,10,1,35.329,ok
895,23,123,78851,10,1,33.296,ok
895,24,124,79171,10,1,32.848,ok
895,25,125,78472,10,1,31.055,ok
895,26,126,78736,10,1,31.515,ok
895,27,127,79223,10,1,28.292,ok
895,28,128,78946,10,1,29.042,ok
895,29,129,78627,10,1,32.052,ok
895,30,130,78917,10,1,33.626,ok
895,31,131,79076,10,1,35.879,ok
895,32,132,78898,10,1,42.939,ok
895,33,133,78676,10,1,36.302,ok
895,34,134,79134,10,1,34.68,ok
895,35,135,79129,10,1,27.383,ok
895,36,136,79059,10,1,30.45,ok
895,37,137,78609,10,1,28.7,ok
895,38,138,78423,10,1,30.122,ok
895,39,139,78726,10,1,29.512,ok
895,40,140,79287,10,1,32.462,ok
895,41,141,78773,10,1,32.75,ok
895,42,142,78872,10,1,34.472,ok
895,43,143,78679,10,1,29.752,ok
895,44,144,78723,10,1,33.718,ok
895,45,145,78810,10,1,27.578,ok
895,46,146,78742,10,1,31.957,ok
895,47,147,78862,10,1,31.417,ok
895,48,148,78994,10,1,27.672,ok
895,49,149,78693,10,1,31.012,ok
895,50,150,78755,10,1,34.442,ok
895,51,151,78578,10,1,26.291,ok
895,52,152,79021,10,1,36.0,ok
895,53,153,79004,10,1,27.959,ok
895,54,154,78859,10,1,33.67,ok
895,55,155,78584,10,1,32.592,ok
895,56,156,78748,10,1,33.392,ok
895,57,157,79273,10,1,32.494,ok
895,58,158,79192,10,1,32.932,ok
895,59,159,79021,10,1,27.457,ok
895,60,160,78815,10,1,34.199,ok
895,61,161,78616,10,1,32.427,ok
895,62,162,78627,10,1,36.474,ok
895,63,163,78784,10,1,38.064,ok
895,64,164,79012,10,1,33.898,ok
895,65,165,78345,10,1,28.35,ok
895,66,166,79027,10,1,30.992,ok
895,67,167,78577,10,1,32.433,ok
895,68,168,78696,10,1,34.133,ok
895,69,169,78554,10,1,33.562,ok
895,70,170,78931,10,1,27.85,ok
895,71,171,78765,10,1,31.996,ok
895,72,172,78618,10,1,29.059,ok
895,73,173,79362,10,1,33.17,ok
895,74,174,78729,10,1,25.418,ok
895,75,175,78892,10,1,26.257,ok
895,76,176,79123,10,1,32.049,ok
895,77,177,79178,10,1,33.288,ok
895,78,178,79148,10,1,35.107,ok
895,79,179,79428,10,1,26.286,ok
895,80,180,78735,10,1,31.139,ok
895,81,181,78505,10,1,27.351,ok
895,82,182,79036,10,1,33.1,ok
895,83,183,79066,10,1,29.171,ok
895,84,184,78951,10,1,46.415,ok
895,85,185,78825,10,1,32.514,ok
895,86,186,79104,10,1,31.043,ok
895,87,187,79357,10,1,35.771,ok
895,88,188,79120,10,1,29.323,ok
895,89,189,78718,10,1,35.053,ok
895,90,190,78688,10,1,34.523,ok
895,91,191,78715,10,1,30.062,ok
895,92,192,78909,10,1,34.61,ok
895,93,193,79072,10,1,30.148,ok
895,94,194,78887,10,1,27.895,ok
895,95,195,78740,10,1,34.996,ok
895,96,196,79231,10,1,24.611,ok
895,97,197,78830,10,1,27.982,ok
895,98,198,78973,10,1,23.642,ok
895,99,199,78654,10,1,25.111,ok
897,0,100,76736,10,1,37.788,ok
897,1,101,76748,10,1,38.876,ok
897,2,102,76417,10,1,36.703,ok
897,3,103,76746,10,1,35.642,ok
897,4,104,76707,10,1,35.357,ok
897,5,105,76603,10,1,40.967,ok
897,6,106,76813,10,1,32.448,ok
897,7,107,76582,10,1,35.39,ok
897,8,108,76769,10,1,35.165,ok
897,9,109,76838,10,1,35.656,ok
897,10,110,76875,10,1,36.845,ok
897,11,111,76957,10,1,36.006,ok
897,12,112,76831,10,1,35.412,ok
897,13,113,76713,10,1,37.746,ok
897,14,114,76587,10,1,33.723,ok
897,15,115,76495,10,1,31.576,ok
897,16,116,76345,10,1,34.483,ok
897,17,117,76443,10,1,31.787,ok
897,18,118,76550,10,1,32.181,ok
897,19,119,76501,10,1,34.693,ok
897,20,120,76447,10,1,32.528,ok
897,21,121,76700,10,1,33.622,ok
897,22,122,76554,10,1,30.855,ok
897,23,123,76912,10,1,29.764,ok
897,24,124,76617,10,1,32.409,ok
897,25,125,76273,10,1,32.351,ok
897,26,126,76235,10,1,32.052,ok
897,27,127,76361,10,1,34.462,ok
897,28,128,76918,10,1,29.066,ok
897,29,129,76665,10,1,32.122,ok
897,30,130,76487,10,1,32.169,ok
897,31,131,76778,10,1,26.877,ok
897,32,132,76428,10,1,29.687,ok
897,33,133,76867,10,1,30.438,ok
897,34,134,76299,10,1,28.981,ok
897,35,135,76656,10,1,30.006,ok
897,36,136,76674,10,1,31.551,ok
897,37,137,76486,10,1,30.913,ok
897,38,138,76436,10,1,35.624,ok
897,39,139,76576,10,1,26.979,ok
897,40,140,76569,10,1,32.735,ok
897,41,141,76561,10,1,29.881,ok
897,42,142,76946,10,1,31.583,ok
897,43,143,76486,10,1,32.283,ok
897,44,144,76362,10,1,36.032,ok
897,45,145,76251,10,1,31.313,ok
897,46,146,76906,10,1,38.398,ok
897,47,147,76755,10,1,37.637,ok
897,48,148,76880,10,1,37.711,ok
897,49,149,76688,10,1,35.253,ok
897,50,150,76761,10,1,33.499,ok
897,51,151,76399,10,1,33.323,ok
897,52,152,76346,10,1,37.397,ok
897,53,153,76672,10,1,33.832,ok
897,54,154,76789,10,1,35.131,ok
897,55,155,76620,10,1,32.499,ok
897,56,156,76129,10,1,32.447,ok
897,57,157,76791,10,1,30.638,ok
897,58,158,76380,10,1,30.36,ok
897,59,159,76493,10,1,25.967,ok
897,60,160,76447,10,1,29.316,ok
897,61,161,76789,10,1,32.049,ok
897,62,162,76288,10,1,27.702,ok
897,63,163,76695,10,1,28.394,ok
897,64,164,76792,10,1,26.704,ok
897,65,165,76851,10,1,35.521,ok
897,66,166,76801,10,1,36.057,ok
897,67,167,76735,10,1,29.416,ok
897,68,168,76724,10,1,30.14,ok
897,69,169,76463,10,1,29.333,ok
897,70,170,76582,10,1,33.0,ok
897,71,171,76345,10,1,32.528,ok
897,72,172,76543,10,1,30.278,ok
897,73,173,76681,10,1,29.317,ok
897,74,174,76354,10,1,26.499,ok
897,75,175,76450,10,1,28.679,ok
897,76,176,76931,10,1,27.47,ok
897,77,177,76752,10,1,30.283,ok
897,78,178,76566,10,1,30.626,ok
897,79,179,76494,10,1,32.684,ok
897,80,180,76454,10,1,32.255,ok
897,81,181,77068,10,1,37.801,ok
897,82,182,76430,10,1,34.028,ok
897,83,183,77158,10,1,33.421,ok
897,84,184,76360,10,1,32.927,ok
897,85,185,76777,10,1,35.429,ok
897,86,186,76877,10,1,32.551,ok
897,87,187,76982,10,1,33.747,ok
897,88,188,76597,10,1,30.232,ok
897,89,189,76756,10,1,31.385,ok
897,90,190,76624,10,1,31.622,ok
897,91,191,76673,10,1,31.084,ok
897,92,192,76930,10,1,31.142,ok
897,93,193,76668,10,1,30.135,ok
897,94,194,76258,10,1,29.199,ok
897,95,195,76813,10,1,28.131,ok
897,96,196,76578,10,1,31.236,ok
897,97,197,76720,10,1,30.147,ok
897,98,198,76634,10,1,30.368,ok
897,99,199,76635,10,1,27.294,ok
909,0,100,79058,10,1,32.36,ok
909,1,101,79365,10,1,36.508,ok
909,2,102,78898,10,1,38.126,ok
909,3,103,79261,10,1,44.948,ok
909,4,104,78501,10,1,42.566,ok
909,5,105,79101,10,1,25.163,ok
909,6,106,79044,10,1,35.057,ok
909,7,107,79451,10,1,45.812,ok
909,8,108,78832,10,1,43.467,ok
909,9,109,78984,10,1,40.025,ok
909,10,110,79227,10,1,33.259,ok
909,11,111,79107,10,1,36.012,ok
909,12,112,78834,10,1,34.844,ok
909,13,113,78819,10,1,33.209,ok
909,14,114,78734,10,1,44.996,ok
909,15,115,79194,10,1,40.193,ok
909,16,116,79144,10,1,46.234,ok
909,17,117,78834,10,1,36.541,ok
909,18,118,78786,10,1,36.065,ok
909,19,119,78927,10,1,39.834,ok
909,20,120,79276,10,1,50.718,ok
909,21,121,79215,10,1,57.926,ok
909,22,122,79069,10,1,38.732,ok
909,23,123,78909,10,1,38.855,ok
909,24,124,79098,10,1,45.945,ok
909,25,125,78962,10,1,31.746,ok
909,26,126,79235,10,1,33.5,ok
909,27,127,79133,10,1,35.345,ok
909,28,128,78911,10,1,34.786,ok
909,29,129,79058,10,1,32.865,ok
909,30,130,79054,10,1,42.305,ok
909,31,131,79133,10,1,43.078,ok
909,32,132,79005,10,1,39.612,ok
909,33,133,78636,10,1,37.449,ok
909,34,134,79085,10,1,37.593,ok
909,35,135,78905,10,1,43.716,ok
909,36,136,79075,10,1,41.572,ok
909,37,137,78547,10,1,40.294,ok
909,38,138,78722,10,1,37.262,ok
909,39,139,78372,10,1,44.722,ok
909,40,140,78883,10,1,34.446,ok
909,41,141,78855,10,1,40.783,ok
909,42,142,78984,10,1,38.717,ok
909,43,143,78588,10,1,36.895,ok
909,44,144,78661,10,1,37.903,ok
909,45,145,78964,10,1,42.056,ok
909,46,146,78792,10,1,32.882,ok
909,47,147,79143,10,1,30.146,ok
909,48,148,79181,10,1,31.148,ok
909,49,149,79222,10,1,39.107,ok
909,50,150,79193,10,1,42.849,ok
909,51,151,78508,10,1,41.171,ok
909,52,152,79029,10,1,39.305,ok
909,53,153,79088,10,1,33.604,ok
909,54,154,78843,10,1,33.682,ok
909,55,155,79043,10,1,32.891,ok
909,56,156,78717,10,1,35.75,ok
909,57,157,79081,10,1,32.948,ok
909,58,158,79350,10,1,35.57,ok
909,59,159,78904,10,1,32.764,ok
909,60,160,79029,10,1,46.441,ok
909,61,161,79360,10,1,34.989,ok
909,62,162,78924,10,1,37.898,ok
909,63,163,79017,10,1,37.204,ok
909,64,164,79464,10,1,37.92,ok
909,65,165,79127,10,1,31.223,ok
909,66,166,78995,10,1,38.683,ok
909,67,167,79068,10,1,33.498,ok
909,68,168,79110,10,1,29.062,ok
909,69,169,79384,10,1,29.877,ok
909,70,170,78646,10,1,38.307,ok
909,71,171,78868,10,1,49.229,ok
909,72,172,78851,10,1,34.136,ok
909,73,173,78957,10,1,42.279,ok
909,74,174,78729,10,1,37.763,ok
909,75,175,79543,10,1,41.864,ok
909,76,176,78812,10,1,39.362,ok
909,77,177,79051,10,1,46.381,ok
909,78,178,79035,10,1,41.299,ok
909,79,179,78965,10,1,43.196,ok
909,80,180,78975,10,1,42.922,ok
909,81,181,79339,10,1,36.853,ok
909,82,182,79275,10,1,41.609,ok
909,83,183,78886,10,1,50.261,ok
909,84,184,78800,10,1,38.17,ok
909,85,185,79023,10,1,39.225,ok
909,86,186,79093,10,1,35.01,ok
909,87,187,78651,10,1,31.423,ok
909,88,188,79324,10,1,31.608,ok
909,89,189,79171,10,1,43.006,ok
909,90,190,78871,10,1,38.246,ok
909,91,191,78928,10,1,32.657,ok
909,92,192,78839,10,1,31.209,ok
909,93,193,78962,10,1,40.725,ok
909,94,194,78931,10,1,30.39,ok
909,95,195,79026,10,1,35.356,ok
909,96,196,78927,10,1,30.788,ok
909,97,197,78801,10,1,31.747,ok
909,98,198,79049,10,1,33.272,ok
909,99,199,78663,10,1,34.266,ok
911,0,100,76410,10,1,30.849,ok
911,1,101,76749,10,1,32.364,ok
911,2,102,76397,10,1,28.845,ok
911,3,103,76319,10,1,32.351,ok
911,4,104,76578,10,1,25.1,ok
911,5,105,76353,10,1,23.615,ok
911,6,106,76074,10,1,25.016,ok
911,7,107,76416,10,1,23.367,ok
911,8,108,76483,10,1,23.175,ok
911,9,109,76188,10,1,32.051,ok
911,10,110,76239,10,1,28.138,ok
911,11,111,76331,10,1,27.624,ok
911,12,112,76171,10,1,23.096,ok
911,13,113,76522,10,1,22.865,ok
911,14,114,76175,10,1,29.282,ok
911,15,115,75902,10,1,27.893,ok
911,16,116,76033,10,1,27.423,ok
911,17,117,76375,10,1,26.445,ok
911,18,118,76634,10,1,22.223,ok
911,19,119,76539,10,1,24.036,ok
911,20,120,76302,10,1,25.778,ok
911,21,121,76321,10,1,28.118,ok
911,22,122,76289,10,1,22.105,ok
911,23,123,76502,10,1,27.704,ok
911,24,124,76251,10,1,23.329,ok
911,25,125,76595,10,1,25.333,ok
911,26,126,76200,10,1,27.932,ok
911,27,127,76296,10,1,20.41,ok
911,28,128,76399,10,1,28.143,ok
911,29,129,76742,10,1,27.722,ok
911,30,130,75985,10,1,32.898,ok
911,31,131,76137,10,1,35.897,ok
911,32,132,76578,10,1,30.896,ok
911,33,133,76226,10,1,32.522,ok
911,34,134,76277,10,1,30.945,ok
911,35,135,76650,10,1,31.042,ok
911,36,136,76660,10,1,31.348,ok
911,37,137,76022,10,1,27.115,ok
911,38,138,76112,10,1,26.352,ok
911,39,139,76545,10,1,31.029,ok
911,40,140,76554,10,1,28.169,ok
911,41,141,76146,10,1,28.744,ok
911,42,142,76108,10,1,29.886,ok
911,43,143,76330,10,1,32.722,ok
911,44,144,76400,10,1,29.797,ok
911,45,145,76910,10,1,34.845,ok
911,46,146,76531,10,1,26.2,ok
911,47,147,76226,10,1,23.62,ok
911,48,148,76570,10,1,23.125,ok
911,49,149,76645,10,1,24.272,ok
911,50,150,76332,10,1,23.44,ok
911,51,151,76250,10,1,21.28,ok
911,52,152,75843,10,1,25.272,ok
911,53,153,76456,10,1,28.117,ok
911,54,154,76649,10,1,22.733,ok
911,55,155,75922,10,1,26.243,ok
911,56,156,76438,10,1,30.544,ok
911,57,157,76034,10,1,29.212,ok
911,58,158,76427,10,1,29.795,ok
911,59,159,76196,10,1,23.68,ok
911,60,160,76601,10,1,24.934,ok
911,61,161,76545,10,1,29.497,ok
911,62,162,75982,10,1,23.2,ok
911,63,163,76540,10,1,25.191,ok
911,64,164,76500,10,1,25.153,ok
911,65,165,76351,10,1,23.741,ok
911,66,166,76701,10,1,24.399,ok
911,67,167,76604,10,1,26.284,ok
911,68,168,76700,10,1,24.702,ok
911,69,169,76180,10,1,23.131,ok
911,70,170,76283,10,1,25.671,ok
911,71,171,76042,10,1,26.963,ok
911,72,172,76583,10,1,23.669,ok
911,73,173,76463,10,1,23.106,ok
911,74,174,76342,10,1,24.631,ok
911,75,175,75997,10,1,23.801,ok
911,76,176,76546,10,1,27.446,ok
911,77,177,76378,10,1,23.509,ok
911,78,178,76519,10,1,23.915,ok
911,79,179,76476,10,1,27.19,ok
911,80,180,76722,10,1,31.102,ok
911,81,181,76019,10,1,27.061,ok
911,82,182,75992,10,1,27.538,ok
911,83,183,76497,10,1,26.594,ok
911,84,184,76585,10,1,30.348,ok
911,85,185,76636,10,1,26.78,ok
911,86,186,76362,10,1,30.545,ok
911,87,187,76350,10,1,30.212,ok
911,88,188,76433,10,1,29.69,ok
911,89,189,76460,10,1,26.096,ok
911,90,190,75943,10,1,23.552,ok
911,91,191,76432,10,1,21.295,ok
911,92,192,76382,10,1,21.802,ok
911,93,193,76243,10,1,22.683,ok
911,94,194,76470,10,1,23.267,ok
911,95,195,76460,10,1,25.329,ok
911,96,196,76086,10,1,29.487,ok
911,97,197,76356,10,1,28.385,ok
911,98,198,76344,10,1,26.346,ok
911,99,199,76645,10,1,22.204,ok
